sheet,blend_key,blend_id,target_grade,seq,ratio,batch_id,weight,bloom,viscosity,t450,t620,moisture,so2,lot_no,sheet_ord,blend_month,blend_day,line,lot_ym,batch_yy,lot_year,lot_month
0101,0101#101@r0c0,101,,1,0.10441814595660749,C02A241844D1,529.4,104.9,2.83,57.4,82.5,10.68,,24120383,0,1,1,A线,2412,24,2024,12
0101,0101#101@r0c0,101,,2,0.0967258382642998,C02A241742A1,490.4,273.8,5.81,85.3,96.7,11.4,,24120138,0,1,1,A线,2412,24,2024,12
0101,0101#101@r0c0,101,,3,0.08615384615384615,C02A241742A2,436.8,268.1,5.81,85.0,96.1,11.38,,24120139,0,1,1,A线,2412,24,2024,12
0101,0101#101@r0c0,101,,4,0.12094674556213018,C02A241534C1,613.2,61.1,1.69,82.7,96.7,12.91,,24110253,0,1,1,A线,2411,24,2024,11
0101,0101#101@r0c0,101,,5,0.0901775147928994,C02A241791E1,457.2,268.1,5.68,91.9,98.9,11.88,,24120234,0,1,1,A线,2412,24,2024,12
0101,0101#101@r0c0,101,,6,0.09928994082840237,C02A241872B1,503.4,238.0,5.52,86.3,96.8,11.88,,24120440,0,1,1,A线,2412,24,2024,12
0101,0101#101@r0c0,101,,7,0.10678500986193293,C02A241844C2,541.4,94.2,2.64,53.1,80.3,11.95,,24120381,0,1,1,A线,2412,24,2024,12
0101,0101#101@r0c0,101,,8,0.09435897435897435,C02A241544B3,478.4,62.0,1.72,74.1,92.8,12.75,,24110272,0,1,1,A线,2411,24,2024,11
0101,0101#101@r0c0,101,,9,0.046548323471400394,C02A241881F2,236.0,253.4,5.46,86.8,97.0,12.52,,24120464,0,1,1,A线,2412,24,2024,12
0101,0101#101@r0c0,101,,10,0.053609467455621305,C02A241932B2,271.8,207.5,5.49,79.8,93.8,12.87,,24120606,0,1,1,A线,2412,24,2024,12
0101,0101#101@r0c0,101,,11,0.060078895463510855,C02A241924D1,304.6,106.3,2.64,63.1,86.9,13.1,,24120585,0,1,1,A线,2412,24,2024,12
0101,0101#101@r0c0,101,,12,0.04090729783037476,C02A241914B2,207.4,101.7,2.54,60.3,84.9,11.45,,24120555,0,1,1,A线,2412,24,2024,12
0102,0102#102@r0c0,102,,1,0.6624879459980714,C02A241841A1,137.4,198.9,4.06,77.7,92.6,,,24120361,1,1,2,A线,2412,24,2024,12
0102,0102#102@r0c0,102,,2,0.33751205400192863,1238,70.0,187.2,4.11,78.3,94.0,,,,1,1,2,其他,,,,
103-04,103-04#103@r0c0,103,220,1,0.08875351814010873,C02B241382A2,460.4,230.1,5.0,91.3,97.7,12.17,,24100175,2,1,3,B线,2410,24,2024,10
103-04,103-04#103@r0c0,103,220,2,0.09607896055827582,C02B241303A1,498.4,164.7,4.38,78.4,91.8,11.08,,24090164,2,1,3,B线,2409,24,2024,9
103-04,103-04#103@r0c0,103,220,3,0.09738982920152678,C02B241303A2,505.2,158.5,4.29,78.6,92.2,10.86,,24090165,2,1,3,B线,2409,24,2024,9
103-04,103-04#103@r0c0,103,220,4,0.0827774993252882,C02B241301H4,429.4,243.6,6.0,86.9,95.0,11.14,,24090159,2,1,3,B线,2409,24,2024,9
103-04,103-04#103@r0c0,103,220,5,0.10105255041061034,C02B241371B2,524.2,280.8,4.86,94.4,98.6,12.01,,24100148,2,1,3,B线,2410,24,2024,10
103-04,103-04#103@r0c0,103,220,6,0.10421405713845087,C02B241231C1,540.6,266.1,4.61,90.1,97.0,12.74,,24070286,2,1,3,B线,2407,24,2024,7
103-04,103-04#103@r0c0,103,220,7,0.08917762270116052,C02B241232A2,462.6,235.3,5.71,84.3,95.0,12.29,,24070294,2,1,3,B线,2407,24,2024,7
103-04,103-04#103@r0c0,103,220,8,0.04136947218259629,C02B241231F2,214.6,257.6,4.66,90.6,97.3,12.52,,24070292,2,1,3,B线,2407,24,2024,7
103-04,103-04#103@r0c0,103,220,9,0.10008867640821993,C02B241222A2,519.2,231.0,5.33,84.7,94.9,14.01,,24070270,2,1,3,B线,2407,24,2024,7
103-04,103-04#103@r0c0,103,220,10,0.0998187916875506,C02B241371C1,517.8,283.4,4.89,95.2,99.0,12.71,,24100150,2,1,3,B线,2410,24,2024,10
103-04,103-04#103@r0c0,103,220,11,0.09927902224621198,C02B241381E1,515.0,256.9,5.02,93.3,98.4,14.0,,24100172,2,1,3,B线,2410,24,2024,10
103-04,103-04#104@r26c0,104,220,1,0.10505365853658537,C02B241223A1,538.4,194.1,5.38,74.8,90.1,11.61,,24070274,2,1,3,B线,2407,24,2024,7
103-04,103-04#104@r26c0,104,220,2,0.08585365853658537,C02B241223A2,440.0,190.8,5.52,74.8,90.2,13.35,,24070275,2,1,3,B线,2407,24,2024,7
103-04,103-04#104@r26c0,104,220,3,0.059199999999999996,C02B241223B1,303.4,188.0,5.55,70.3,87.6,13.5,,24070276,2,1,3,B线,2407,24,2024,7
103-04,103-04#104@r26c0,104,220,4,0.10181463414634145,C02B241231C2,521.8,266.5,4.57,90.5,97.3,12.45,,24070287,2,1,3,B线,2407,24,2024,7
103-04,103-04#104@r26c0,104,220,5,0.06364878048780488,C02B241231D1,326.2,268.2,4.61,90.6,97.5,10.93,,24070288,2,1,3,B线,2407,24,2024,7
103-04,103-04#104@r26c0,104,220,6,0.09237073170731706,C02B241231F1,473.4,256.7,4.69,90.7,97.5,10.99,,24070291,2,1,3,B线,2407,24,2024,7
103-04,103-04#104@r26c0,104,220,7,0.10595121951219512,C02B241221D1,543.0,259.0,4.63,88.5,96.9,11.06,,24070266,2,1,3,B线,2407,24,2024,7
103-04,103-04#104@r26c0,104,220,8,0.09986341463414634,C02B241371B3,511.8,283.1,4.94,95.0,98.8,12.63,,24100149,2,1,3,B线,2410,24,2024,10
103-04,103-04#104@r26c0,104,220,9,0.07898536585365853,C02B241382B2,404.8,237.1,5.05,91.4,97.2,13.01,,24100177,2,1,3,B线,2410,24,2024,10
103-04,103-04#104@r26c0,104,220,10,0.10396097560975609,C02B241364A1,532.8,205.3,4.66,83.2,94.0,13.77,,24100144,2,1,3,B线,2410,24,2024,10
103-04,103-04#104@r26c0,104,220,11,0.10329756097560976,C02B241372A2,529.4,241.3,5.24,92.9,98.0,13.87,,24100154,2,1,3,B线,2410,24,2024,10
105,105#105@r0c0,105,,1,0.040081097941359944,C02B241381A1,205.6,295.0,4.75,92.2,97.6,12.37,,24100166,3,1,5,B线,2410,24,2024,10
105,105#105@r0c0,105,,2,0.09505614472863382,C02B241381B1,487.6,295.3,4.77,92.6,97.8,12.0,,24100167,3,1,5,B线,2410,24,2024,10
105,105#105@r0c0,105,,3,0.10024173424828448,C02B241381B2,514.2,296.2,4.75,92.7,97.8,12.34,,24100168,3,1,5,B线,2410,24,2024,10
105,105#105@r0c0,105,,4,0.09158608858390517,C02B241381C1,469.8,294.2,4.77,93.0,97.8,12.15,,24100169,3,1,5,B线,2410,24,2024,10
105,105#105@r0c0,105,,5,0.09790237055520898,C02B241381D2,502.2,269.3,4.8,92.8,98.0,13.42,,24100171,3,1,5,B线,2410,24,2024,10
105,105#105@r0c0,105,,6,0.08944167186525265,C02B241381E2,458.8,255.8,5.02,93.1,98.1,13.82,,24100173,3,1,5,B线,2410,24,2024,10
105,105#105@r0c0,105,,7,0.09876013724266999,C02B241233A3,506.6,210.5,5.76,76.4,91.4,11.57,,24070299,3,1,5,B线,2407,24,2024,7
105,105#105@r0c0,105,,8,0.08546475358702432,C02B241284A3,438.4,135.7,3.65,83.6,94.2,14.38,,24090109,3,1,5,B线,2409,24,2024,9
105,105#105@r0c0,105,,9,0.034661572052401744,C02B241371A1,177.8,289.5,4.89,94.9,98.8,13.27,,24100146,3,1,5,B线,2410,24,2024,10
105,105#105@r0c0,105,,10,0.1072988147223955,C02B241372A1,550.4,243.5,5.16,93.1,98.2,13.64,,24100153,3,1,5,B线,2410,24,2024,10
105,105#105@r0c0,105,,11,0.060823456019962564,C02B241301F2,312.0,254.9,5.49,92.6,97.6,12.54,,24090154,3,1,5,B线,2409,24,2024,9
105,105#105@r0c0,105,,12,0.0986821584529008,C02B241301E3,506.2,265.2,5.73,94.4,98.5,12.62,,24090152,3,1,5,B线,2409,24,2024,9
106,106#106@r0c0,106,,1,0.07686465137475317,C02A250021F2,404.8,250.9,5.57,88.1,97.0,12.15,,25010047,4,1,6,A线,2501,25,2025,1
106,106#106@r0c0,106,,2,0.10090384323256874,C02A241944C1,531.4,102.7,2.57,64.9,86.6,12.81,,25010009,4,1,6,A线,2501,24,2025,1
106,106#106@r0c0,106,,3,0.09786571471973264,C02A250022A1,515.4,246.6,5.52,84.2,95.1,11.66,,25010048,4,1,6,A线,2501,25,2025,1
106,106#106@r0c0,106,,4,0.0831307914324776,C02A241904B1,437.8,127.7,3.31,62.4,85.7,12.76,,24120525,4,1,6,A线,2412,24,2024,12
106,106#106@r0c0,106,,5,0.10067598359410605,C02A250022A2,530.2,242.5,5.55,82.4,94.2,11.64,,25010049,4,1,6,A线,2501,25,2025,1
106,106#106@r0c0,106,,6,0.06452225429135654,24LMB0234E1,339.8,67.0,2.11,81.5,96.3,10.75,,24020056,4,1,6,LMB(外购/旧料),2402,,2024,2
106,106#106@r0c0,106,,7,0.06824396171958073,24LMB0234G1,359.4,69.9,2.11,80.7,95.9,10.17,,24020057,4,1,6,LMB(外购/旧料),2402,,2024,2
106,106#106@r0c0,106,,8,0.09908096612486708,C02A250022A3,521.8,242.4,5.52,82.5,94.3,11.71,,25010050,4,1,6,A线,2501,25,2025,1
106,106#106@r0c0,106,,9,0.10891690718517394,24LMB0284C1,573.6,74.6,2.28,73.6,90.7,11.99,,24020200,4,1,6,LMB(外购/旧料),2402,,2024,2
106,106#106@r0c0,106,,10,0.10610663831080054,24LMB0284C4,558.8,77.2,2.24,71.3,88.8,11.96,,24020203,4,1,6,LMB(外购/旧料),2402,,2024,2
106,106#106@r0c0,106,,11,0.04086282849764545,C02A241941F1,215.2,250.2,5.71,87.3,96.3,12.36,,24120629,4,1,6,A线,2412,24,2024,12
106,106#106@r0c0,106,,12,0.05282545951693757,C02A241941G1,278.2,246.8,5.87,86.4,96.9,12.38,,24120630,4,1,6,A线,2412,24,2024,12
107,107#107@r0c0,107,,1,0.09806122054100073,C02A250024A1,506.8,151.1,4.03,77.9,94.2,11.48,,25010056,5,1,7,A线,2501,25,2025,1
107,107#107@r0c0,107,,2,0.10018962114469254,C02A250024A2,517.8,148.2,3.89,77.9,94.1,11.54,,25010057,5,1,7,A线,2501,25,2025,1
107,107#107@r0c0,107,,3,0.1017762470492628,C02A250024A3,526.0,141.9,3.7,76.9,93.7,11.63,,25010058,5,1,7,A线,2501,25,2025,1
107,107#107@r0c0,107,,4,0.09945435548159902,C02A250024B1,514.0,112.0,2.96,72.6,91.9,12.27,,25010059,5,1,7,A线,2501,25,2025,1
107,107#107@r0c0,107,,5,0.09771293680585116,C02A250024B2,505.0,106.8,2.83,71.2,91.5,12.46,,25010060,5,1,7,A线,2501,25,2025,1
107,107#107@r0c0,107,,6,0.0996865446383654,C02A250022B1,515.2,234.6,5.57,79.7,93.3,11.77,,25010051,5,1,7,A线,2501,25,2025,1
107,107#107@r0c0,107,,7,0.10692310669091754,23LMB2334C3,552.6,69.1,2.24,67.7,87.4,11.81,,23120403,5,1,7,LMB(外购/旧料),2312,,2023,12
107,107#107@r0c0,107,,8,0.09980263921674858,C02A250011D1,515.8,265.0,5.6,88.1,97.6,12.41,,25010018,5,1,7,A线,2501,25,2025,1
107,107#107@r0c0,107,,9,0.09709376572114083,C02A250031F3,501.8,259.3,5.41,89.1,97.8,10.87,,25010072,5,1,7,A线,2501,25,2025,1
107,107#107@r0c0,107,,10,0.09929956271042144,C02A250014B4,513.2,114.1,2.93,77.8,94.4,13.18,,25010034,5,1,7,A线,2501,25,2025,1
108,108#108@r0c0,108,,1,0.06999246540032518,C02A250034C2,353.0,96.0,2.38,68.2,89.2,12.04,,25010088,6,1,8,A线,2501,25,2025,1
108,108#108@r0c0,108,,2,0.10048776618947536,C02A241944A1,506.8,115.9,2.99,70.2,90.0,12.84,,25010004,6,1,8,A线,2501,24,2025,1
108,108#108@r0c0,108,,3,0.10663441329262005,C02A241944A2,537.8,112.0,2.99,70.6,90.5,12.89,,25010005,6,1,8,A线,2501,24,2025,1
108,108#108@r0c0,108,,4,0.10496887020660665,C02A241944A3,529.4,114.0,2.93,69.4,89.7,12.88,,25010006,6,1,8,A线,2501,24,2025,1
108,108#108@r0c0,108,,5,0.06340960463179601,C02A241944A4,319.8,112.3,2.87,68.8,89.4,12.9,,25010007,6,1,8,A线,2501,24,2025,1
108,108#108@r0c0,108,,6,0.10393781972478885,C02A250044A1,524.2,158.0,3.99,80.4,94.6,11.15,,25010108,6,1,8,A线,2501,25,2025,1
108,108#108@r0c0,108,,7,0.10147916088353096,C02A250044A2,511.8,158.4,4.03,79.8,94.1,11.04,,25010109,6,1,8,A线,2501,25,2025,1
108,108#108@r0c0,108,,8,0.08403061426815245,C02A250044A3,423.8,155.7,3.97,80.0,94.4,11.13,,25010110,6,1,8,A线,2501,25,2025,1
108,108#108@r0c0,108,,9,0.06313201411746044,C02A250011E3,318.4,262.3,5.84,85.6,96.7,12.17,,25010021,6,1,8,A线,2501,25,2025,1
108,108#108@r0c0,108,,10,0.10362057342269106,C02A250031F1,522.6,260.3,5.33,89.5,97.9,10.94,,25010070,6,1,8,A线,2501,25,2025,1
108,108#108@r0c0,108,,11,0.09830669786255306,C02A250032A2,495.8,248.3,5.55,83.0,95.1,11.08,,25010074,6,1,8,A线,2501,25,2025,1
109,109#109@r0c0,109,,1,0.09771244399025235,C02A250044B1,497.2,114.1,2.87,74.9,91.6,12.03,,25010111,7,1,9,A线,2501,25,2025,1
109,109#109@r0c0,109,,2,0.10290071535256663,C02A250044B2,523.6,112.7,2.87,73.1,90.7,12.02,,25010112,7,1,9,A线,2501,25,2025,1
109,109#109@r0c0,109,,3,0.09401776589890733,C02A250044C1,478.4,111.0,2.77,73.0,90.5,12.18,,25010113,7,1,9,A线,2501,25,2025,1
109,109#109@r0c0,109,,4,0.06709378193538244,C02A250044C2,341.4,109.7,2.7,72.2,90.0,12.17,,25010114,7,1,9,A线,2501,25,2025,1
109,109#109@r0c0,109,,5,0.09610093546104867,C02A250023A1,489.0,190.3,5.13,73.8,91.2,11.62,,25010053,7,1,9,A线,2501,25,2025,1
109,109#109@r0c0,109,,6,0.09987422372454996,C02A250043B1,508.2,204.4,5.68,77.1,92.6,11.94,,25010107,7,1,9,A线,2501,25,2025,1
109,109#109@r0c0,109,,7,0.09897020674475278,C02A250032A1,503.6,258.3,5.35,87.4,97.0,10.68,,25010073,7,1,9,A线,2501,25,2025,1
109,109#109@r0c0,109,,8,0.09975630846631556,C02A250014B1,507.6,117.1,3.06,77.8,94.2,13.22,,25010031,7,1,9,A线,2501,25,2025,1
109,109#109@r0c0,109,,9,0.10038518984356577,C02A241914A1,510.8,117.3,2.93,73.2,92.6,12.95,,24120550,7,1,9,A线,2412,24,2024,12
109,109#109@r0c0,109,,10,0.04783428975709457,C02A241851A1,243.4,249.9,4.75,81.8,93.4,10.74,,24120385,7,1,9,A线,2412,24,2024,12
109,109#109@r0c0,109,,11,0.09535413882556404,C02A241822B1,485.2,229.1,4.91,74.6,91.4,10.93,,24120310,7,1,9,A线,2412,24,2024,12
110,110#110@r0c0,110,,1,0.10368618174650109,C02A241882C1,526.0,211.4,5.24,71.2,90.7,12.63,,24120468,8,1,10,A线,2412,24,2024,12
110,110#110@r0c0,110,,2,0.09808791642026415,C02A241882C2,497.6,204.3,5.16,70.5,90.2,12.85,,24120469,8,1,10,A线,2412,24,2024,12
110,110#110@r0c0,110,,3,0.09138576779026218,C02A241882C3,463.6,205.2,5.19,69.4,89.4,12.89,,24120470,8,1,10,A线,2412,24,2024,12
110,110#110@r0c0,110,,4,0.0775478020894934,C02A241882D1,393.4,202.9,5.13,69.0,89.1,12.85,,24120471,8,1,10,A线,2412,24,2024,12
110,110#110@r0c0,110,,5,0.09860043366844076,C02A241921E2,500.2,225.2,5.0,89.4,97.7,12.73,,24120566,8,1,10,A线,2412,24,2024,12
110,110#110@r0c0,110,,6,0.09580130100532229,C02A241921E3,486.0,218.5,5.05,87.4,96.9,14.21,,24120567,8,1,10,A线,2412,24,2024,12
110,110#110@r0c0,110,,7,0.1023457520205007,C02A241943A2,519.2,162.5,4.41,65.0,87.2,13.912,,25010002,8,1,10,A线,2501,24,2025,1
110,110#110@r0c0,110,,8,0.10210920559826532,C02A241501C3,518.0,284.0,4.55,86.0,96.4,14.18,,24110164,8,1,10,A线,2411,24,2024,11
110,110#110@r0c0,110,,9,0.09946777054997044,C02A241932A1,504.6,219.1,4.97,84.7,96.1,12.62,,24120601,8,1,10,A线,2412,24,2024,12
110,110#110@r0c0,110,,10,0.03757145673171693,C02A250061A1,190.6,262.7,4.69,90.7,98.2,12.99,,25010147,8,1,10,A线,2501,25,2025,1
110,110#110@r0c0,110,,11,0.09339641237926277,C02A241921F1,473.8,217.2,5.08,87.3,97.0,12.46,,24120568,8,1,10,A线,2412,24,2024,12
110,110#111@r0c9,111,,1,0.07890365448504984,C02A241921F2,399.0,216.4,5.05,87.2,96.9,,,24120569,8,1,10,A线,2412,24,2024,12
110,110#111@r0c9,111,,2,0.04825185888308812,C02A241921F3,244.0,220.9,5.11,87.1,96.8,,,24120570,8,1,10,A线,2412,24,2024,12
110,110#111@r0c9,111,,3,0.09717607973421927,C02A241932A4,491.4,214.0,5.13,83.2,95.2,,,24120604,8,1,10,A线,2412,24,2024,12
110,110#111@r0c9,111,,4,0.0960686600221484,C02A241932B1,485.8,209.3,5.41,80.4,94.2,,,24120605,8,1,10,A线,2412,24,2024,12
110,110#111@r0c9,111,,5,0.09753203607024205,C02A241921E1,493.2,229.5,5.05,89.3,97.7,,,24120565,8,1,10,A线,2412,24,2024,12
110,110#111@r0c9,111,,6,0.09741338395823446,C02A241883A1,492.6,154.3,4.2,63.3,86.7,,,24120472,8,1,10,A线,2412,24,2024,12
110,110#111@r0c9,111,,7,0.10389969941464958,C02A250062B3,525.4,222.7,5.35,79.2,93.6,,,25010165,8,1,10,A线,2501,25,2025,1
110,110#111@r0c9,111,,8,0.048330960291093183,C02A250062B4,244.4,214.7,5.11,79.0,93.6,,,25010166,8,1,10,A线,2501,25,2025,1
110,110#111@r0c9,111,,9,0.04568106312292359,C02A250051A1,231.0,229.4,4.17,81.0,93.9,,,25010115,8,1,10,A线,2501,25,2025,1
110,110#111@r0c9,111,,10,0.09591045720613826,C02A250033A2,485.0,181.2,4.86,60.4,84.7,,,25010081,8,1,10,A线,2501,25,2025,1
110,110#111@r0c9,111,,11,0.09417022623002688,C02A241902B1,476.2,235.1,5.11,79.2,93.2,,,24120514,8,1,10,A线,2412,24,2024,12
110,110#111@r0c9,111,,12,0.09666192058218637,C02A241661B1,488.8,296.4,4.72,89.9,96.8,,,24110491,8,1,10,A线,2411,24,2024,11
115,115#115@r0c0,115,,1,0.09767826875320273,C02A241893A1,495.6,169.3,4.08,62.3,85.4,,,24120495,9,1,15,A线,2412,24,2024,12
115,115#115@r0c0,115,,2,0.0974417596278923,C02A241893A3,494.4,163.7,3.94,62.0,85.3,,,24120497,9,1,15,A线,2412,24,2024,12
115,115#115@r0c0,115,,3,0.09026764949347629,C02A241841C2,458.0,257.0,5.09,88.3,96.7,,,24120366,9,1,15,A线,2412,24,2024,12
115,115#115@r0c0,115,,4,0.09976743269344475,C02A241911C1,506.2,269.3,5.08,89.0,97.3,,,24120532,9,1,15,A线,2412,24,2024,12
115,115#115@r0c0,115,,5,0.042571642555875276,C02A250011A1,216.0,163.1,5.66,86.0,96.9,,,25010011,9,1,15,A线,2501,25,2025,1
115,115#115@r0c0,115,,6,0.09921557806772044,C02A241942A1,503.4,235.5,5.87,78.7,93.3,,,24120633,9,1,15,A线,2412,24,2024,12
115,115#115@r0c0,115,,7,0.10027986913161732,C02A241942A3,508.8,232.4,5.73,75.6,91.8,,,24120635,9,1,15,A线,2412,24,2024,12
115,115#115@r0c0,115,,8,0.09878197800465134,C02A241911E3,501.2,234.1,5.22,81.8,94.6,,,24120540,9,1,15,A线,2412,24,2024,12
115,115#115@r0c0,115,,9,0.09495841381213292,C02A241831G1,481.8,238.9,4.89,83.6,95.7,,,24120338,9,1,15,A线,2412,24,2024,12
115,115#115@r0c0,115,,10,0.08683826717647523,C02A250061F1,440.6,234.4,5.11,89.3,97.7,,,25010158,9,1,15,A线,2501,25,2025,1
115,115#115@r0c0,115,,11,0.09219914068351137,C02A250053A1,467.8,164.5,4.38,69.2,88.6,,,25010134,9,1,15,A线,2501,25,2025,1
116,116#116@r0c0,116,,1,0.10057038738810109,C02A250064A3,507.8,102.9,2.77,78.2,94.6,,,25010172,10,1,16,A线,2501,25,2025,1
116,116#116@r0c0,116,,2,0.10496712350471363,C02A250064A4,530.0,104.9,2.74,78.8,95.0,,,25010173,10,1,16,A线,2501,25,2025,1
116,116#116@r0c0,116,,3,0.09031133644933852,C02A250073A3,456.0,152.5,3.94,71.9,88.3,,,25010197,10,1,16,A线,2501,25,2025,1
116,116#116@r0c0,116,,4,0.1087697060920542,C02A250074A2,549.2,104.4,2.64,80.0,94.1,,,25010199,10,1,16,A线,2501,25,2025,1
116,116#116@r0c0,116,,5,0.058266656103937255,C02A250064C1,294.2,103.4,2.61,75.3,93.0,,,25010176,10,1,16,A线,2501,25,2025,1
116,116#116@r0c0,116,,6,0.10053077715281629,C02A241933A1,507.6,189.0,5.13,63.4,86.1,,,24120607,10,1,16,A线,2412,24,2024,12
116,116#116@r0c0,116,,7,0.08175552562782223,C02A241931F1,412.8,239.8,4.8,82.0,94.4,,,24120598,10,1,16,A线,2412,24,2024,12
116,116#116@r0c0,116,,8,0.0985898756238612,C02A241922A1,497.8,204.7,5.02,73.2,90.0,,,24120571,10,1,16,A线,2412,24,2024,12
116,116#116@r0c0,116,,9,0.09779767091816526,C02A241922A2,493.8,202.0,5.02,72.4,89.6,,,24120572,10,1,16,A线,2412,24,2024,12
116,116#116@r0c0,116,,10,0.15844094113919038,,800.0,167.0,3.8,76.0,,,,,10,1,16,无批号(计划/虚拟行),,,,
117,117#117-2@r0c0,117-2,,1,0.10717434869739478,C02A250054B2,534.8,129.4,3.18,76.8,92.9,10.91,,25010140,11,1,17,A线,2501,25,2025,1
117,117#117-2@r0c0,117-2,,2,0.10432865731462926,C02A250054B3,520.6,125.2,3.12,76.5,92.7,11.02,,25010141,11,1,17,A线,2501,25,2025,1
117,117#117-2@r0c0,117-2,,3,0.10324649298597195,C02A250054C1,515.2,122.2,3.03,76.6,93.0,11.12,,25010142,11,1,17,A线,2501,25,2025,1
117,117#117-2@r0c0,117-2,,4,0.0931062124248497,C02A250052B1,464.6,236.4,5.49,82.5,95.3,11.44,,25010130,11,1,17,A线,2501,25,2025,1
117,117#117-2@r0c0,117-2,,5,0.04236472945891784,C02A250052C3,211.4,209.9,5.52,71.7,90.2,12.19,,25010133,11,1,17,A线,2501,25,2025,1
117,117#117-2@r0c0,117-2,,6,0.0903807615230461,C02A250014A1,451.0,133.2,3.31,75.3,92.4,13.69,,25010029,11,1,17,A线,2501,25,2025,1
117,117#117-2@r0c0,117-2,,7,0.05418837675350701,C02A250014A2,270.4,130.3,3.24,75.9,93.0,13.49,,25010030,11,1,17,A线,2501,25,2025,1
117,117#117-2@r0c0,117-2,,8,0.10308617234468938,C02A241914A4,514.4,110.6,2.8,63.0,87.2,12.55,,24120553,11,1,17,A线,2412,24,2024,12
117,117#117-2@r0c0,117-2,,9,0.10128256513026052,C02A250051F1,505.4,247.8,5.66,86.3,97.1,11.65,,25010126,11,1,17,A线,2501,25,2025,1
117,117#117-2@r0c0,117-2,,10,0.10296593186372745,C02A250051F2,513.8,245.8,5.68,86.0,96.9,11.59,,25010127,11,1,17,A线,2501,25,2025,1
117,117#117-2@r0c0,117-2,,11,0.062164328657314624,C02A241944B1,310.2,105.8,2.64,64.0,86.3,12.58,,25010008,11,1,17,A线,2501,24,2025,1
117,117#117-2@r0c0,117-2,,12,0.03571142284569138,C02A241734C3,178.2,113.1,2.77,63.4,87.0,11.94,,24120131,11,1,17,A线,2412,24,2024,12
117,117#117-1@r0c9,117-1,,1,0.10160003176241712,C02A250033A1,511.8,187.9,5.0,61.9,85.5,10.99,,25010080,11,1,17,A线,2501,25,2025,1
117,117#117-1@r0c9,117-1,,2,0.0589986898002938,C02A250033A3,297.2,180.1,4.89,60.3,84.6,10.88,,25010082,11,1,17,A线,2501,25,2025,1
117,117#117-1@r0c9,117-1,,3,0.1029499344900147,C02A250063A1,518.6,153.6,3.73,79.5,93.8,11.73,,25010167,11,1,17,A线,2501,25,2025,1
117,117#117-1@r0c9,117-1,,4,0.10167943780521699,C02A250063A2,512.2,151.4,3.65,79.1,93.4,11.68,,25010168,11,1,17,A线,2501,25,2025,1
117,117#117-1@r0c9,117-1,,5,0.09592249970222734,C02A250063B1,483.2,148.3,3.61,79.0,93.5,11.8,,25010169,11,1,17,A线,2501,25,2025,1
117,117#117-1@r0c9,117-1,,6,0.10263231031881527,C02A250064A1,517.0,106.7,2.74,79.4,95.2,12.12,,25010170,11,1,17,A线,2501,25,2025,1
117,117#117-1@r0c9,117-1,,7,0.10557033390240997,C02A250064A2,531.8,104.5,2.74,78.3,94.7,11.99,,25010171,11,1,17,A线,2501,25,2025,1
117,117#117-1@r0c9,117-1,,8,0.09207130662643428,C02A241831G3,463.8,238.4,4.89,82.6,94.6,12.69,,24120340,11,1,17,A线,2412,24,2024,12
117,117#117-1@r0c9,117-1,,9,0.0496684797713106,C02A241931F2,250.2,239.0,4.72,81.6,94.0,12.04,,24120599,11,1,17,A线,2412,24,2024,12
117,117#117-1@r0c9,117-1,,10,0.09774883868662405,C02A241932A2,492.4,217.2,5.13,84.1,95.7,12.68,,24120602,11,1,17,A线,2412,24,2024,12
117,117#117-1@r0c9,117-1,,11,0.056695914559097955,C02A250054D1,285.6,105.0,2.64,76.6,93.1,11.71,,25010145,11,1,17,A线,2501,25,2025,1
117,117#117-1@r0c9,117-1,,12,0.03446222257513797,C02A250054E1,173.6,102.7,2.74,76.3,93.1,11.29,,25010146,11,1,17,A线,2501,25,2025,1
118,118#118@r0c0,118,,1,0.4918250950570342,C02A241893B1,517.4,144.3,3.53,71.8,90.4,,,24120498,12,1,18,A线,2412,24,2024,12
118,118#118@r0c0,118,,2,0.5081749049429658,C02A241923A1,534.6,130.4,3.31,75.0,92.3,,,24120577,12,1,18,A线,2412,24,2024,12
119-20,119-20#119@r0c0,119,,1,,C02A241802A1,0.0,233.9,4.77,85.1,96.7,,,24120254,13,1,19,A线,2412,24,2024,12
119-20,119-20#119@r0c0,119,,2,0.06583278472679395,C02A241803A3,300.0,223.3,5.35,74.7,92.1,,,24120263,13,1,19,A线,2412,24,2024,12
119-20,119-20#119@r0c0,119,,3,0.10528856703971912,C02A241823B3,479.8,207.4,5.24,70.2,89.1,,,24120319,13,1,19,A线,2412,24,2024,12
119-20,119-20#119@r0c0,119,,4,0.08997147245995173,C02A241823B4,410.0,208.5,5.02,71.3,89.6,,,24120320,13,1,19,A线,2412,24,2024,12
119-20,119-20#119@r0c0,119,,5,0.1076585472898837,C02A241832A2,490.6,204.9,4.75,75.3,91.7,,,24120342,13,1,19,A线,2412,24,2024,12
119-20,119-20#119@r0c0,119,,6,0.10805354399824445,C02A241932A3,492.4,221.1,5.13,83.9,95.6,,,24120603,13,1,19,A线,2412,24,2024,12
119-20,119-20#119@r0c0,119,,7,0.11683124862848365,C02A250012C1,532.4,207.7,5.13,73.1,91.5,,,25010025,13,1,19,A线,2501,25,2025,1
119-20,119-20#119@r0c0,119,,8,0.10599078341013825,C02A241843A1,483.0,160.4,4.29,69.2,89.2,,,24120374,13,1,19,A线,2412,24,2024,12
119-20,119-20#119@r0c0,119,,9,0.11362738643844633,C02A241811E2,517.8,252.6,5.02,90.1,97.9,,,24120280,13,1,19,A线,2412,24,2024,12
119-20,119-20#119@r0c0,119,,10,0.11490015360983104,C02A241841E1,523.6,247.7,5.19,85.5,96.4,,,24120369,13,1,19,A线,2412,24,2024,12
119-20,119-20#119@r0c0,119,,11,0.07184551239850778,C02A250061F2,327.4,236.5,5.0,88.6,97.3,,,25010159,13,1,19,A线,2501,25,2025,1
119-20,119-20#120@r0c9,120,,1,0.10210703256323052,C02A250072A1,522.4,236.5,5.3,86.1,96.6,,,25010189,13,1,19,A线,2501,25,2025,1
119-20,119-20#120@r0c9,120,,2,0.10339705249990228,C02A250072A2,529.0,235.4,5.27,84.2,95.6,,,25010190,13,1,19,A线,2501,25,2025,1
119-20,119-20#120@r0c9,120,,3,0.07212384191392049,C02A250081G1,369.0,244.8,5.35,80.2,93.4,,,25010217,13,1,19,A线,2501,25,2025,1
119-20,119-20#120@r0c9,120,,4,0.10245885618232282,C02A250091E2,524.2,239.6,5.3,80.5,94.0,,,25010241,13,1,19,A线,2501,25,2025,1
119-20,119-20#120@r0c9,120,,5,0.10300613736757751,C02A250101F1,527.0,247.5,5.27,89.1,97.1,,,25010266,13,1,19,A线,2501,25,2025,1
119-20,119-20#120@r0c9,120,,6,0.09440600445643252,C02A250093A2,483.0,156.5,3.97,69.1,87.8,,,25010250,13,1,19,A线,2501,25,2025,1
119-20,119-20#120@r0c9,120,,7,0.09987881630897932,C02A241832C1,511.0,186.2,4.52,73.5,91.3,,,24120346,13,1,19,A线,2412,24,2024,12
119-20,119-20#120@r0c9,120,,8,0.08314764864547906,C02A250053A3,425.4,164.2,4.32,69.1,88.7,,,25010136,13,1,19,A线,2501,25,2025,1
119-20,119-20#120@r0c9,120,,9,0.09643876314452132,C02A241941H1,493.4,247.0,5.79,86.8,97.1,,,24120631,13,1,19,A线,2412,24,2024,12
119-20,119-20#120@r0c9,120,,10,0.061178218208826865,C02A250071E3,313.0,239.9,5.24,86.5,96.8,,,25010187,13,1,19,A线,2501,25,2025,1
119-20,119-20#120@r0c9,120,,11,0.08185762870880732,C02A241832B2,418.8,176.7,4.29,66.3,87.2,,,24120345,13,1,19,A线,2412,24,2024,12
121-23,121-23#121@r0c0,121,,1,0.09631683787056203,C02A250082C1,493.2,215.9,5.24,60.1,83.1,,,25010298,14,1,21,A线,2501,25,2025,1
121-23,121-23#121@r0c0,121,,2,0.09682459086825762,C02A250082C2,495.8,216.0,5.24,60.1,83.2,,,25010299,14,1,21,A线,2501,25,2025,1
121-23,121-23#121@r0c0,121,,3,0.06678904815841893,C02A250082C3,342.0,208.9,5.22,59.3,82.6,,,25010300,14,1,21,A线,2501,25,2025,1
121-23,121-23#121@r0c0,121,,4,0.08573214076475412,C02A241501E1,439.0,266.3,4.63,76.6,92.5,,,25010301,14,1,21,A线,2501,24,2025,1
121-23,121-23#121@r0c0,121,,5,0.10858102566105533,C02A241521C2,556.0,273.1,4.66,86.9,96.6,,,25010302,14,1,21,A线,2501,24,2025,1
121-23,121-23#121@r0c0,121,,6,0.09834784986134437,C02A241591B1,503.6,287.4,4.82,89.1,97.9,,,25010303,14,1,21,A线,2501,24,2025,1
121-23,121-23#121@r0c0,121,,7,0.09534038979807052,C02A241691C3,488.2,281.1,4.94,91.5,98.5,,,24120473,14,1,21,A线,2412,24,2024,12
121-23,121-23#121@r0c0,121,,8,0.03933132835995781,C02A241891A1,201.4,271.1,4.86,87.8,96.5,,,24120474,14,1,21,A线,2412,24,2024,12
121-23,121-23#121@r0c0,121,,9,0.03429285630590165,C02A241731A1,175.6,262.7,4.72,84.6,96.5,,,25010153,14,1,21,A线,2501,24,2025,1
121-23,121-23#121@r0c0,121,,10,0.06042260672577431,C02A241761A1,309.4,283.5,4.82,91.1,98.0,,,24120627,14,1,21,A线,2412,24,2024,12
121-23,121-23#121@r0c0,121,,11,0.0444479162598133,C02A250071A1,227.6,268.8,4.8,87.9,96.8,,,24110292,14,1,21,A线,2411,25,2024,11
121-23,121-23#121@r0c0,121,,12,0.07385853220325743,C02A250012B1,378.2,218.0,5.27,73.5,91.7,,,,14,1,21,A线,,25,,
121-23,121-23#121@r0c0,121,,13,0.09971487716283248,C02A241681C3,510.6,283.0,5.02,90.6,98.2,,,,14,1,21,A线,,24,,
121-23,121-23#122@r0c8,122,,1,0.1042031183171974,C02A250112A1,536.0,231.1,5.22,86.5,96.7,,,25010298,14,1,21,A线,2501,25,2025,1
121-23,121-23#122@r0c8,122,,2,0.10513628057078424,C02A250112A2,540.8,228.2,5.27,85.1,96.1,,,25010299,14,1,21,A线,2501,25,2025,1
121-23,121-23#122@r0c8,122,,3,0.10276449317625103,C02A250112A3,528.6,227.5,5.27,84.2,94.9,,,25010300,14,1,21,A线,2501,25,2025,1
121-23,121-23#122@r0c8,122,,4,0.105058517049652,C02A250112B1,540.4,213.1,5.27,77.2,92.5,,,25010301,14,1,21,A线,2501,25,2025,1
121-23,121-23#122@r0c8,122,,5,0.10233679381002371,C02A250112B2,526.4,209.3,5.22,75.4,91.6,,,25010302,14,1,21,A线,2501,25,2025,1
121-23,121-23#122@r0c8,122,,6,0.08091294373809245,C02A250113A1,416.2,191.1,4.97,75.3,91.3,,,25010303,14,1,21,A线,2501,25,2025,1
121-23,121-23#122@r0c8,122,,7,0.09821532719001516,C02A241883A2,505.2,157.3,4.17,64.3,87.4,,,24120473,14,1,21,A线,2412,24,2024,12
121-23,121-23#122@r0c8,122,,8,0.08635639021734903,C02A241883A3,444.2,158.0,4.15,63.7,87.1,,,24120474,14,1,21,A线,2412,24,2024,12
121-23,121-23#122@r0c8,122,,9,0.06026672887748357,C02A250061D1,310.0,250.8,4.89,91.4,98.6,,,25010153,14,1,21,A线,2501,25,2025,1
121-23,121-23#122@r0c8,122,,10,0.05598973521521054,C02A241941H2,288.0,243.8,5.81,86.5,97.0,,,24120627,14,1,21,A线,2412,24,2024,12
121-23,121-23#122@r0c8,122,,11,0.09875967183794082,C02A241561B1,508.0,278.4,4.57,89.4,98.4,,,24110292,14,1,21,A线,2411,24,2024,11
121-23,121-23#123@r26c0,123,,1,0.03811308965948141,C02A250113A2,195.2,174.8,4.63,75.8,91.7,,,25010304,14,1,21,A线,2501,25,2025,1
121-23,121-23#123@r26c0,123,,2,0.08985473289597,C02A250113B1,460.2,165.8,4.57,75.9,91.6,,,25010305,14,1,21,A线,2501,25,2025,1
121-23,121-23#123@r26c0,123,,3,0.05385035926273039,C02A250113B2,275.8,167.9,4.61,75.8,91.5,,,25010306,14,1,21,A线,2501,25,2025,1
121-23,121-23#123@r26c0,123,,4,0.10203842549203374,C02A250111E1,522.6,257.7,5.11,91.2,98.5,,,25010295,14,1,21,A线,2501,25,2025,1
121-23,121-23#123@r26c0,123,,5,0.0746641674476726,C02A250111E2,382.4,249.3,5.16,90.9,98.4,,,25010296,14,1,21,A线,2501,25,2025,1
121-23,121-23#123@r26c0,123,,6,0.1049671977507029,C02A250103A1,537.6,169.3,4.23,65.3,85.3,,,25010277,14,1,21,A线,2501,25,2025,1
121-23,121-23#123@r26c0,123,,7,0.10652920962199312,C02A250091E4,545.6,238.3,5.3,79.1,93.4,,,25010243,14,1,21,A线,2501,25,2025,1
121-23,121-23#123@r26c0,123,,8,0.044478288034989065,C02A250091E5,227.8,234.6,5.49,76.7,92.0,,,25010244,14,1,21,A线,2501,25,2025,1
121-23,121-23#123@r26c0,123,,9,0.09715713839425179,C02A250082A1,497.6,240.6,5.35,79.6,93.0,,,25010218,14,1,21,A线,2501,25,2025,1
121-23,121-23#123@r26c0,123,,10,0.0859106529209622,C02A250082A2,440.0,243.0,5.38,78.0,92.5,,,25010219,14,1,21,A线,2501,25,2025,1
121-23,121-23#123@r26c0,123,,11,0.10004686035613869,C02A241922B1,512.4,186.8,4.75,64.0,85.9,,,24120574,14,1,21,A线,2412,24,2024,12
121-23,121-23#123@r26c0,123,,12,0.10238987816307403,C02A241921D1,524.4,250.0,5.0,90.6,98.0,,,24120562,14,1,21,A线,2412,24,2024,12
124-26,124-26#124@r0c0,124,,1,0.09773420311112826,C02A241934B1,506.4,99.7,2.74,59.3,83.5,,,24120615,15,1,24,A线,2412,24,2024,12
124-26,124-26#124@r0c0,124,,2,0.10333114602231057,C02A241934B2,535.4,95.5,2.64,59.3,83.6,,,24120616,15,1,24,A线,2412,24,2024,12
124-26,124-26#124@r0c0,124,,3,0.07681321650519166,C02A250104C1,398.0,79.0,2.17,72.3,91.6,,,25010284,15,1,24,A线,2501,25,2025,1
124-26,124-26#124@r0c0,124,,4,0.06808970548500407,C02A250104C2,352.8,76.9,2.17,72.4,91.7,,,25010285,15,1,24,A线,2501,25,2025,1
124-26,124-26#124@r0c0,124,,5,0.09622881846605166,C02A241934A1,498.6,125.0,3.46,66.6,87.2,,,24120611,15,1,24,A线,2412,24,2024,12
124-26,124-26#124@r0c0,124,,6,0.10560852279306752,C02A241894A3,547.2,87.2,2.44,70.4,90.5,,,24120502,15,1,24,A线,2412,24,2024,12
124-26,124-26#124@r0c0,124,,7,0.08163816729069365,C02A241864A3,423.0,114.4,3.36,69.2,88.9,,,24120422,15,1,24,A线,2412,24,2024,12
124-26,124-26#124@r0c0,124,,8,0.106766510981588,C02A250074B1,553.2,64.8,1.94,74.3,92.0,,,25010201,15,1,24,A线,2501,25,2025,1
124-26,124-26#124@r0c0,124,,9,0.09611301964719961,C02A241852B3,498.0,164.9,4.57,63.3,86.8,,,24120400,15,1,24,A线,2412,24,2024,12
124-26,124-26#124@r0c0,124,,10,0.1099702783031613,C02A241404E1,569.8,63.1,1.8,72.7,91.2,,,24100238,15,1,24,A线,2410,24,2024,10
124-26,124-26#124@r0c0,124,,11,0.05770641139460378,C02A250093A3,299.0,149.3,3.79,70.8,88.7,,,25010251,15,1,24,A线,2501,25,2025,1
124-26,124-26#125@r0c9,125,,1,0.10757041487092421,C02A241853A2,494.2,146.7,3.89,59.5,84.3,,,24120402,15,1,24,A线,2412,24,2024,12
124-26,124-26#125@r0c9,125,,2,0.11697357537765007,23LMB1344C2,537.4,64.1,2.38,63.0,84.0,,,23070415,15,1,24,LMB(外购/旧料),2307,,2023,7
124-26,124-26#125@r0c9,125,,3,0.09028775412476601,C02A241844C3,414.8,92.8,2.61,49.4,76.6,,,24120382,15,1,24,A线,2412,24,2024,12
124-26,124-26#125@r0c9,125,,4,0.12315528274781246,C02A241524C2,565.8,79.3,1.82,83.9,97.3,,,24110229,15,1,24,A线,2411,24,2024,11
124-26,124-26#125@r0c9,125,,5,0.07875146924382918,C02A241524C3,361.8,66.4,1.68,83.7,97.3,,,24110230,15,1,24,A线,2411,24,2024,11
124-26,124-26#125@r0c9,125,,6,0.11296852553219278,C02A241864A1,519.0,119.8,3.4,69.5,89.2,,,24120420,15,1,24,A线,2412,24,2024,12
124-26,124-26#125@r0c9,125,,7,0.11148839841539333,C02A241864A2,512.2,118.6,3.36,69.9,89.5,,,24120421,15,1,24,A线,2412,24,2024,12
124-26,124-26#125@r0c9,125,,8,0.258804579687432,,1189.0,95.0,2.63,68.0,88.0,,,,15,1,24,无批号(计划/虚拟行),,,,
124-26,124-26#126@r26c0,126,,1,0.08819551777434312,C02A241861A1,182.6,269.4,5.22,81.5,94.6,,,24120406,15,1,24,A线,2412,24,2024,12
124-26,124-26#126@r26c0,126,,2,0.1936823802163833,C02A241861B1,401.0,265.8,5.13,82.9,94.8,,,24120407,15,1,24,A线,2412,24,2024,12
124-26,124-26#126@r26c0,126,,3,0.24613601236476043,C02A241861C1,509.6,255.6,4.91,83.0,95.2,,,24120408,15,1,24,A线,2412,24,2024,12
124-26,124-26#126@r26c0,126,,4,0.23454404945904173,C02A241661C1,485.6,297.7,4.66,92.5,98.4,,,24110493,15,1,24,A线,2411,24,2024,11
124-26,124-26#126@r26c0,126,,5,0.2374420401854714,C02A241873A1,491.6,196.5,5.08,62.5,85.9,,,24120443,15,1,24,A线,2412,24,2024,12
127,127#127@r0c0,127,200,1,0.09628318584070797,C02A250123A2,489.6,187.7,5.66,62.8,86.3,,,25010331,16,1,27,A线,2501,25,2025,1
127,127#127@r0c0,127,200,2,0.04385447394296952,C02A250123A3,223.0,182.5,5.66,62.0,85.1,,,25010332,16,1,27,A线,2501,25,2025,1
127,127#127@r0c0,127,200,3,0.1017109144542773,C02A250124A1,517.2,151.3,4.11,71.5,90.6,,,25010333,16,1,27,A线,2501,25,2025,1
127,127#127@r0c0,127,200,4,0.09498525073746313,C02A250124A2,483.0,150.6,4.15,71.1,90.2,,,25010334,16,1,27,A线,2501,25,2025,1
127,127#127@r0c0,127,200,5,0.09789577187807276,C02A241851C1,497.8,247.6,4.82,91.0,98.5,,,24120389,16,1,27,A线,2412,24,2024,12
127,127#127@r0c0,127,200,6,0.09895771878072762,C02A241871D1,503.2,268.4,5.19,90.9,98.2,,,24120431,16,1,27,A线,2412,24,2024,12
127,127#127@r0c0,127,200,7,0.0952212389380531,C02A241871D2,484.2,270.8,5.22,90.1,97.5,,,24120432,16,1,27,A线,2412,24,2024,12
127,127#127@r0c0,127,200,8,0.05750245821042281,C02A241912B2,292.4,215.9,5.3,68.8,88.7,,,24120546,16,1,27,A线,2412,24,2024,12
127,127#127@r0c0,127,200,9,0.07000983284169125,C02A250102C3,356.0,206.2,5.33,67.2,87.3,,,25010275,16,1,27,A线,2501,25,2025,1
127,127#127@r0c0,127,200,10,0.10053097345132743,C02A241862B2,511.2,234.2,5.3,72.8,90.0,,,24120416,16,1,27,A线,2412,24,2024,12
127,127#127@r0c0,127,200,11,0.10080629301868241,C02A250071E1,512.6,240.0,4.57,89.2,97.6,,,25010185,16,1,27,A线,2501,25,2025,1
127,127#127@r0c0,127,200,12,0.04224188790560472,C02A241931A1,214.8,260.4,5.02,83.9,94.4,,,24120586,16,1,27,A线,2412,24,2024,12
128,128#128@r0c0,128,,1,0.06665635034237301,C02A250054C3,344.6,102.7,2.64,75.6,92.6,11.81,,25010144,17,1,28,A线,2501,25,2025,1
128,128#128@r0c0,128,,2,0.10437541104104607,C02A250064B1,539.6,99.5,2.54,74.1,92.6,12.28,,25010174,17,1,28,A线,2501,25,2025,1
128,128#128@r0c0,128,,3,0.09981043754110411,C02A250074A1,516.0,106.0,2.7,79.4,93.8,11.5,,25010198,17,1,28,A线,2501,25,2025,1
128,128#128@r0c0,128,,4,0.10100971024024141,C02A250074A3,522.2,98.4,2.54,80.1,94.4,11.63,,25010200,17,1,28,A线,2501,25,2025,1
128,128#128@r0c0,128,,5,0.04646214553754497,C02A250094A2,240.2,127.7,3.21,73.2,90.7,11.31,,25010253,17,1,28,A线,2501,25,2025,1
128,128#128@r0c0,128,,6,0.0911834113505358,C02A241892C1,471.4,205.4,5.35,61.3,85.0,12.59,,24120494,17,1,28,A线,2412,24,2024,12
128,128#128@r0c0,128,,7,0.10178343456226548,C02A250114A1,526.2,141.8,3.49,80.1,94.2,11.0,,25010307,17,1,28,A线,2501,25,2025,1
128,128#128@r0c0,128,,8,0.09919145808348484,C02A250114A2,512.8,139.7,3.43,79.7,94.0,11.0,,25010308,17,1,28,A线,2501,25,2025,1
128,128#128@r0c0,128,,9,0.09953963402839569,C02A250131G1,514.6,239.6,5.57,82.5,94.8,11.3,,25010353,17,1,28,A线,2501,25,2025,1
128,128#128@r0c0,128,,10,0.08975202135479128,C02A241831G2,464.0,235.5,4.91,83.0,95.1,12.71,,24120339,17,1,28,A线,2412,24,2024,12
128,128#128@r0c0,128,,11,0.10023598591821735,C02A250122A1,518.2,230.6,5.92,81.4,94.6,11.57,,25010326,17,1,28,A线,2501,25,2025,1
131,131#131@r0c0,131,,1,0.09328157014989755,C02A250164E2,519.0,114.7,2.93,73.2,92.6,11.52,,25010447,18,1,31,A线,2501,25,2025,1
131,131#131@r0c0,131,,2,0.09184370394334807,C02A250164E3,511.0,113.6,2.9,72.9,92.0,11.77,,25010448,18,1,31,A线,2501,25,2025,1
131,131#131@r0c0,131,,3,0.0917718106330206,C02A250164F1,510.6,111.7,2.8,72.5,91.9,11.98,,25010449,18,1,31,A线,2501,25,2025,1
131,131#131@r0c0,131,,4,0.09180775728818433,C02A250164F2,510.8,118.2,3.03,75.2,93.1,11.7,,25010450,18,1,31,A线,2501,25,2025,1
131,131#131@r0c0,131,,5,0.057155181710341854,C02A250164G1,318.0,120.5,3.12,76.0,93.4,11.61,,25010451,18,1,31,A线,2501,25,2025,1
131,131#131@r0c0,131,,6,0.04310003954132068,C02A250164G2,239.8,121.2,3.06,76.8,93.8,11.66,,25010452,18,1,31,A线,2501,25,2025,1
131,131#131@r0c0,131,,7,0.07559581580933894,C02A250164H1,420.6,121.5,3.12,76.6,93.6,11.62,,25010453,18,1,31,A线,2501,25,2025,1
131,131#131@r0c0,131,,8,0.06006686077860455,C02A250164A1,334.2,175.4,4.55,81.1,95.1,10.87,,25010442,18,1,31,A线,2501,25,2025,1
131,131#131@r0c0,131,,9,0.046802545023185586,C02A250164B1,260.4,169.8,4.52,80.9,94.9,11.35,,25010443,18,1,31,A线,2501,25,2025,1
131,131#131@r0c0,131,,10,0.04155433336927999,C02A250164C1,231.2,164.8,4.34,81.0,94.9,11.46,,25010444,18,1,31,A线,2501,25,2025,1
131,131#131@r0c0,131,,11,0.04306409288615694,C02A250164D1,239.6,161.0,4.31,80.6,94.5,11.47,,25010445,18,1,31,A线,2501,25,2025,1
131,131#131@r0c0,131,,12,0.09371293001186239,C02A250163A1,521.4,228.3,5.6,79.9,94.3,11.54,,25010439,18,1,31,A线,2501,25,2025,1
131,131#131@r0c0,131,,13,0.08630791904813256,C02A241771C2,480.2,258.9,5.16,90.7,98.0,12.49,,24120189,18,1,31,A线,2412,24,2024,12
131,131#131@r0c0,131,,14,0.08393543980732593,C02A241842A2,467.0,223.9,5.24,72.5,90.7,12.95,,24120372,18,1,31,A线,2412,24,2024,12
201-202,201-202#201@r0c0,201,,1,0.06786917740336967,C02A250214A2,342.4,113.3,3.09,77.2,94.2,10.64,,25010590,19,2,1,A线,2501,25,2025,1
201-202,201-202#201@r0c0,201,,2,0.10453914767096134,C02A250214B1,527.4,106.1,2.99,77.7,94.7,10.91,,25010591,19,2,1,A线,2501,25,2025,1
201-202,201-202#201@r0c0,201,,3,0.1019623389494549,C02A250214B2,514.4,102.8,2.77,71.8,91.9,12.23,,25010592,19,2,1,A线,2501,25,2025,1
201-202,201-202#201@r0c0,201,,4,0.09700693756194251,C02A250214B3,489.4,101.0,2.74,72.0,92.2,12.56,,25010593,19,2,1,A线,2501,25,2025,1
201-202,201-202#201@r0c0,201,,5,0.05078295341922696,C02A250211A1,256.2,245.7,4.38,87.5,96.8,11.46,,25010566,19,2,1,A线,2501,25,2025,1
201-202,201-202#201@r0c0,201,,6,0.07607532210109019,C02A250211B1,383.8,262.6,4.52,89.2,97.6,11.8,,25010567,19,2,1,A线,2501,25,2025,1
201-202,201-202#201@r0c0,201,,7,0.0977205153617443,C02A250203A1,493.0,169.4,4.57,71.6,90.8,12.34,,25010557,19,2,1,A线,2501,25,2025,1
201-202,201-202#201@r0c0,201,,8,0.10307234886025768,C02A250173B1,520.0,166.3,4.2,75.0,93.1,11.48,,25010471,19,2,1,A线,2501,25,2025,1
201-202,201-202#201@r0c0,201,,9,0.0930426164519326,C02A250104A2,469.4,131.6,3.36,76.8,91.9,11.18,,25010281,19,2,1,A线,2501,25,2025,1
201-202,201-202#201@r0c0,201,,10,0.10568880079286423,C02A250212A1,533.2,208.4,4.91,81.7,95.2,11.53,,25010579,19,2,1,A线,2501,25,2025,1
201-202,201-202#201@r0c0,201,,11,0.10223984142715559,C02A250212A2,515.8,202.4,5.16,82.0,95.3,11.67,,25010580,19,2,1,A线,2501,25,2025,1
201-202,201-202#202@r26c0,202,,1,0.10209756872715717,C02A250203A2,514.0,145.9,3.99,74.0,92.2,12.79,,25010558,19,2,1,A线,2501,25,2025,1
201-202,201-202#202@r26c0,202,,2,0.0956618464961068,C02A250203A3,481.6,147.6,4.06,74.3,92.5,12.79,,25010559,19,2,1,A线,2501,25,2025,1
201-202,201-202#202@r26c0,202,,3,0.10630859685364692,C02A250204B3,535.2,113.0,3.06,79.1,95.1,12.04,,25010563,19,2,1,A线,2501,25,2025,1
201-202,201-202#202@r26c0,202,,4,0.10825520419513746,C02A250204C1,545.0,111.3,3.03,77.8,94.5,12.05,,25010564,19,2,1,A线,2501,25,2025,1
201-202,201-202#202@r26c0,202,,5,0.10599078341013826,C02A250204C2,533.6,110.6,2.99,77.2,94.0,12.13,,25010565,19,2,1,A线,2501,25,2025,1
201-202,201-202#202@r26c0,202,,6,0.09502621960908947,C02A250213A1,478.4,174.7,5.13,69.2,89.2,11.91,,25010586,19,2,1,A线,2501,25,2025,1
201-202,201-202#202@r26c0,202,,7,0.07977117432067378,C02A250213A3,401.6,175.4,5.16,70.2,89.9,11.71,,25010588,19,2,1,A线,2501,25,2025,1
201-202,201-202#202@r26c0,202,,8,0.11024153821706659,C02A250214A1,555.0,114.4,3.12,76.9,93.9,10.79,,25010589,19,2,1,A线,2501,25,2025,1
201-202,201-202#202@r26c0,202,,9,0.09669474018750994,C02A250171B1,486.8,275.0,4.61,90.4,97.8,11.4,,25010455,19,2,1,A线,2501,25,2025,1
201-202,201-202#202@r26c0,202,,10,0.09995232798347371,C02A250201D1,503.2,250.8,4.43,92.4,99.1,11.67,,25010544,19,2,1,A线,2501,25,2025,1
204,204#204@r0c0,204,,1,0.10359694997804303,C02A250233A1,519.0,158.8,4.23,78.5,78.5,11.43,,25020025,20,2,4,A线,2502,25,2025,2
204,204#204@r0c0,204,,2,0.10463491556549165,C02A250233A3,524.2,136.7,3.49,75.7,93.5,11.68,,25020027,20,2,4,A线,2502,25,2025,2
204,204#204@r0c0,204,,3,0.10798834284801788,C02A250233B1,541.0,113.1,2.93,78.5,94.7,10.65,,25020028,20,2,4,A线,2502,25,2025,2
204,204#204@r0c0,204,,4,0.04714759072218452,C02A250233B2,236.2,111.0,2.83,78.9,94.9,10.61,,25020029,20,2,4,A线,2502,25,2025,2
204,204#204@r0c0,204,,5,0.10144117529641901,C02A250234A1,508.2,96.7,2.44,75.2,92.7,10.44,,25020030,20,2,4,A线,2502,25,2025,2
204,204#204@r0c0,204,,6,0.10215976685696036,C02A250212A3,511.8,202.7,5.24,83.1,95.9,11.61,,25010581,20,2,4,A线,2501,25,2025,1
204,204#204@r0c0,204,,7,0.09808774801389276,C02A250013A3,491.4,167.5,4.29,63.2,85.9,12.29,,25010028,20,2,4,A线,2501,25,2025,1
204,204#204@r0c0,204,,8,0.033494351071899076,C02A250163A3,167.8,199.0,5.08,79.9,94.4,11.05,,25010441,20,2,4,A线,2501,25,2025,1
204,204#204@r0c0,204,,9,0.100363287955607,C02A241861C2,502.8,255.3,4.82,84.8,96.3,12.43,,24120409,20,2,4,A线,2412,24,2024,12
204,204#204@r0c0,204,,10,0.09712962593317098,C02A250183B4,486.6,185.5,4.43,79.2,93.8,11.63,,25010498,20,2,4,A线,2501,25,2025,1
204,204#204@r0c0,204,,11,0.10395624575831369,C02A241923A2,520.8,127.5,3.24,75.8,92.9,14.06,,24120578,20,2,4,A线,2412,24,2024,12
205,205#205@r0c0,205,,1,0.10471657291215923,C02A250233A2,532.4,137.7,3.55,75.3,93.1,11.55,,25020026,21,2,5,A线,2502,25,2025,2
205,205#205@r0c0,205,,2,0.0996813657999292,C02A250223A2,506.8,115.7,3.03,78.2,94.6,10.57,,25010614,21,2,5,A线,2501,25,2025,1
205,205#205@r0c0,205,,3,0.09854057668856457,C02A250194C1,501.0,92.8,2.44,76.6,94.2,12.7,,25010535,21,2,5,A线,2501,25,2025,1
205,205#205@r0c0,205,,4,0.09838322646630739,C02A250194B2,500.2,113.6,2.8,80.1,95.4,12.12,,25010533,21,2,5,A线,2501,25,2025,1
205,205#205@r0c0,205,,5,0.09920931513315763,C02A250192B3,504.4,207.1,5.0,70.5,89.8,11.93,,25010525,21,2,5,A线,2501,25,2025,1
205,205#205@r0c0,205,,6,0.0909484284646552,C02A250194A2,462.4,130.0,3.31,75.5,93.5,11.76,,25010531,21,2,5,A线,2501,25,2025,1
205,205#205@r0c0,205,,7,0.05283033712285119,C02A250184A3,268.6,141.2,3.21,77.5,93.4,11.17,,25010501,21,2,5,A线,2501,25,2025,1
205,205#205@r0c0,205,,8,0.06313677668069706,C02A250183A1,321.0,203.4,4.66,83.0,95.3,11.84,,25010494,21,2,5,A线,2501,25,2025,1
205,205#205@r0c0,205,,9,0.09991739113331498,C02A250211F2,508.0,207.8,4.57,83.7,95.9,11.52,,25010578,21,2,5,A线,2501,25,2025,1
205,205#205@r0c0,205,,10,0.09118445379804099,C02A250202C1,463.6,206.1,5.33,76.5,93.2,12.26,,25010554,21,2,5,A线,2501,25,2025,1
205,205#205@r0c0,205,,11,0.10145155580032256,C02A250013A1,515.8,209.5,5.19,72.6,91.3,12.79,,25010026,21,2,5,A线,2501,25,2025,1
206,206#206@r0c0,206,,1,0.5,C02A250202B1,300.0,211.2,5.3,83.8,96.4,,,25010553,22,2,6,A线,2501,25,2025,1
206,206#206@r0c0,206,,2,0.5,C02A250221D3,300.0,224.5,4.63,91.1,98.6,,,25010602,22,2,6,A线,2501,25,2025,1
206,206#206@r26c0,206,,1,0.45,C02A250201E1,270.0,239.8,4.89,90.4,98.6,,,25010548,22,2,6,A线,2501,25,2025,1
206,206#206@r26c0,206,,2,0.55,C02A250232B1,330.0,201.2,5.0,85.0,97.0,,,25020018,22,2,6,A线,2502,25,2025,2
207,207#207@r0c0,207,,1,0.09824631327222001,C02A250202A1,493.0,222.1,5.27,87.0,97.6,12.34,,25010551,23,2,7,A线,2501,25,2025,1
207,207#207@r0c0,207,,2,0.0958947787963332,C02A250202C2,481.2,202.1,5.33,72.3,91.0,12.41,,25010555,23,2,7,A线,2501,25,2025,1
207,207#207@r0c0,207,,3,0.09689119170984456,C02A250202C3,486.2,201.6,5.24,70.3,90.2,12.42,,25010556,23,2,7,A线,2501,25,2025,1
207,207#207@r0c0,207,,4,0.1040255081705859,C02A250221D1,522.0,237.4,4.69,91.4,98.8,11.51,,25010600,23,2,7,A线,2501,25,2025,1
207,207#207@r0c0,207,,5,0.10665603826225589,C02A250221D2,535.2,228.1,4.66,91.4,98.8,11.35,,25010601,23,2,7,A线,2501,25,2025,1
207,207#207@r0c0,207,,6,0.10390593862096452,C02A250221E1,521.4,208.9,4.61,89.8,98.4,11.21,,25010603,23,2,7,A线,2501,25,2025,1
207,207#207@r0c0,207,,7,0.10155440414507773,C02A250221E2,509.6,206.7,4.63,89.9,98.4,11.41,,25010604,23,2,7,A线,2501,25,2025,1
207,207#207@r0c0,207,,8,0.07297728178557193,C02A250144B1,366.2,217.4,5.81,68.2,88.7,12.15,,25010395,23,2,7,A线,2501,25,2025,1
207,207#207@r0c0,207,,9,0.08800318852132324,C02A250144B2,441.6,211.8,5.57,68.3,88.5,11.97,,25010396,23,2,7,A线,2501,25,2025,1
207,207#207@r0c0,207,,10,0.03136707851733759,C02A250151A1,157.4,293.4,4.91,89.9,98.5,12.04,,25010397,23,2,7,A线,2501,25,2025,1
207,207#207@r0c0,207,,11,0.10047827819848545,C02A250211E2,504.2,215.4,4.32,85.4,96.4,11.5,,25010575,23,2,7,A线,2501,25,2025,1
208-211,208-211#208@r0c0,208,,1,0.08559302051402971,C02A250174A1,435.6,127.2,3.12,75.8,94.2,,,25010472,24,2,8,A线,2501,25,2025,1
208-211,208-211#208@r0c0,208,,2,0.0963216222589012,C02A250194A1,490.2,131.9,3.4,72.8,92.1,,,25010530,24,2,8,A线,2501,25,2025,1
208-211,208-211#208@r0c0,208,,3,0.10170557258508214,C02A250184B4,517.6,100.2,2.44,73.9,92.6,,,25010505,24,2,8,A线,2501,25,2025,1
208-211,208-211#208@r0c0,208,,4,0.09616442662893972,C02A241861D2,489.4,256.6,5.05,83.0,95.4,,,24120412,24,2,8,A线,2412,24,2024,12
208-211,208-211#208@r0c0,208,,5,0.09919044250569835,C02A241922A3,504.8,198.1,4.97,70.3,88.7,,,24120573,24,2,8,A线,2412,24,2024,12
208-211,208-211#208@r0c0,208,,6,0.08413896093688596,C02A250094A1,428.2,131.7,3.28,72.9,90.2,,,25010252,24,2,8,A线,2501,25,2025,1
208-211,208-211#208@r0c0,208,,7,0.09467106814430559,C02A250103B1,481.8,146.9,3.77,74.1,90.4,,,25010279,24,2,8,A线,2501,25,2025,1
208-211,208-211#208@r0c0,208,,8,0.05234614477717519,C02A250174A2,266.4,123.5,3.03,76.1,94.6,,,25010473,24,2,8,A线,2501,25,2025,1
208-211,208-211#208@r0c0,208,,9,0.09612512772144935,C02A250242A1,489.2,191.1,4.55,87.3,97.3,,,25020043,24,2,8,A线,2502,25,2025,2
208-211,208-211#208@r0c0,208,,10,0.09970132830307317,C02A250081F1,507.4,251.5,5.33,84.4,95.1,,,25010214,24,2,8,A线,2501,25,2025,1
208-211,208-211#208@r0c0,208,,11,0.09404228562445965,C02A250101F3,478.6,262.5,5.3,88.6,96.9,,,25010268,24,2,8,A线,2501,25,2025,1
208-211,208-211#209@r0c9,209,,1,0.09878881129916757,C02A250174B1,500.8,117.9,2.93,74.6,93.7,,,25010474,24,2,8,A线,2501,25,2025,1
208-211,208-211#209@r0c9,209,,2,0.09539590484080958,C02A241924B1,483.6,118.4,2.9,73.8,92.9,,,24120582,24,2,8,A线,2412,24,2024,12
208-211,208-211#209@r0c9,209,,3,0.11007219789324181,C02A250084B2,558.0,106.1,2.54,66.8,86.9,,,25010231,24,2,8,A线,2501,25,2025,1
208-211,208-211#209@r0c9,209,,4,0.10368090898331164,C02A250114B1,525.6,100.8,2.57,65.7,87.8,,,25010310,24,2,8,A线,2501,25,2025,1
208-211,208-211#209@r0c9,209,,5,0.0655698899278021,C02A250142B1,332.4,247.3,6.09,87.1,97.5,,,25010391,24,2,8,A线,2501,25,2025,1
208-211,208-211#209@r0c9,209,,6,0.07539353769676885,C02A250251B3,382.2,262.3,3.7,90.7,98.0,,,25020070,24,2,8,A线,2502,25,2025,2
208-211,208-211#209@r0c9,209,,7,0.1020633605554898,C02A250232B3,517.4,194.1,5.05,84.4,96.7,,,25020020,24,2,8,A线,2502,25,2025,2
208-211,208-211#209@r0c9,209,,8,0.10727107744506253,C02A250232C2,543.8,193.9,5.46,80.9,95.4,,,25020022,24,2,8,A线,2502,25,2025,2
208-211,208-211#209@r0c9,209,,9,0.07219789324180377,C02A250232C3,366.0,195.5,5.55,80.6,95.4,,,25020023,24,2,8,A线,2502,25,2025,2
208-211,208-211#209@r0c9,209,,10,0.103365289777883,C02A250241B2,524.0,265.1,4.66,91.5,98.4,,,25020033,24,2,8,A线,2502,25,2025,2
208-211,208-211#209@r0c9,209,,11,0.06620112833865942,C02A250251F3,335.6,238.7,4.66,72.3,89.9,,,25020080,24,2,8,A线,2502,25,2025,2
208-211,208-211#210@r26c0,210,,1,0.10751499842121881,C02A250174C2,544.8,104.5,2.64,73.1,92.8,,,25010479,24,2,8,A线,2501,25,2025,1
208-211,208-211#210@r26c0,210,,2,0.08359646353015472,C02A250071E2,423.6,237.6,4.69,88.4,97.3,,,25010186,24,2,8,A线,2501,25,2025,1
208-211,208-211#210@r26c0,210,,3,0.10767287653931167,C02A250071F1,545.6,235.3,5.35,86.8,97.0,,,25010188,24,2,8,A线,2501,25,2025,1
208-211,208-211#210@r26c0,210,,4,0.1000157878118093,C02A241904A2,506.8,123.8,3.18,68.9,89.9,,,24120523,24,2,8,A线,2412,24,2024,12
208-211,208-211#210@r26c0,210,,5,0.10625197347647616,C02A250222A3,538.4,188.5,4.69,84.7,96.4,,,25010607,24,2,8,A线,2501,25,2025,1
208-211,208-211#210@r26c0,210,,6,0.08525418377012946,C02A250231E1,432.0,227.5,4.89,87.7,97.2,,,25020014,24,2,8,A线,2502,25,2025,2
208-211,208-211#210@r26c0,210,,7,0.10179191664035364,C02A250091E1,515.8,239.7,5.27,80.8,94.3,,,25010240,24,2,8,A线,2501,25,2025,1
208-211,208-211#210@r26c0,210,,8,0.10648879065361541,C02A250134C2,539.6,101.4,2.83,69.6,90.1,,,25010368,24,2,8,A线,2501,25,2025,1
208-211,208-211#210@r26c0,210,,9,0.09800284180612567,C02A250084A3,496.6,121.9,2.83,66.4,86.8,,,25010229,24,2,8,A线,2501,25,2025,1
208-211,208-211#210@r26c0,210,,10,0.10341016735080519,C02A250221D3,524.0,224.5,4.63,91.1,98.6,,,25010602,24,2,8,A线,2501,25,2025,1
208-211,208-211#211@r26c9,211,,1,0.09494145014391042,C02A241834A1,481.6,122.2,2.96,69.4,88.7,,,24120354,24,2,8,A线,2412,24,2024,12
208-211,208-211#211@r26c9,211,,2,0.10113156960927334,C02A241904A3,513.0,124.1,3.15,68.2,89.4,,,24120524,24,2,8,A线,2412,24,2024,12
208-211,208-211#211@r26c9,211,,3,0.09328549461814453,C02A241924C2,473.2,105.0,2.64,65.0,88.0,,,24120584,24,2,8,A线,2412,24,2024,12
208-211,208-211#211@r26c9,211,,4,0.0704175373575681,C02A241841D1,357.2,250.8,5.08,86.9,96.5,,,24120367,24,2,8,A线,2412,24,2024,12
208-211,208-211#211@r26c9,211,,5,0.05042778851082285,C02A241841D2,255.8,250.3,5.19,86.5,96.3,,,24120368,24,2,8,A线,2412,24,2024,12
208-211,208-211#211@r26c9,211,,6,0.09758309348263218,C02A250072A3,495.0,238.0,5.19,84.5,95.7,,,25010191,24,2,8,A线,2501,25,2025,1
208-211,208-211#211@r26c9,211,,7,0.1037732129479951,C02A250242B1,526.4,189.7,4.46,85.4,96.9,,,25020046,24,2,8,A线,2502,25,2025,2
208-211,208-211#211@r26c9,211,,8,0.08382289161376807,C02A250263C1,425.2,156.3,4.26,70.5,90.3,,,25020110,24,2,8,A线,2502,25,2025,2
208-211,208-211#211@r26c9,211,,9,0.10061901194653629,C02A250183B1,510.4,214.3,5.16,79.4,93.6,,,25010495,24,2,8,A线,2501,25,2025,1
208-211,208-211#211@r26c9,211,,10,0.1001853093088357,C02A241881D2,508.2,259.9,4.97,90.6,98.1,,,24120458,24,2,8,A线,2412,24,2024,12
208-211,208-211#211@r26c9,211,,11,0.10381264046051335,C02A250174C1,526.6,104.8,2.67,73.0,92.7,,,25010478,24,2,8,A线,2501,25,2025,1
212-13,212-13#212@r0c0,212,,1,0.46680570038234276,C02A250244B1,537.2,127.2,3.34,75.8,93.3,,,25020059,25,2,12,A线,2502,25,2025,2
212-13,212-13#212@r0c0,212,,2,0.3121306916927355,C02A250243A2,359.2,150.4,3.99,71.7,92.0,,,25020052,25,2,12,A线,2502,25,2025,2
212-13,212-13#212@r0c0,212,,3,0.2210636079249218,C02A250263C2,254.4,157.8,4.32,70.0,90.1,,,25020111,25,2,12,A线,2502,25,2025,2
212-13,212-13#213@r0c9,213,,1,,,0.0,220.0,4.9,78.0,90.0,,,,25,2,12,无批号(计划/虚拟行),,,,
212-13,212-13#213@r0c9,213,,2,0.15041150929946212,C02A250253A1,464.2,205.5,5.05,45.7,76.0,,,25020085,25,2,12,A线,2502,25,2025,2
212-13,212-13#213@r0c9,213,,3,0.1649277428552913,C02A241611B2,509.0,297.6,5.0,90.5,98.2,,,24110394,25,2,12,A线,2411,24,2024,11
212-13,212-13#213@r0c9,213,,4,0.1082885101419221,C02A241701B2,334.2,293.6,5.46,85.0,96.3,,,24120059,25,2,12,A线,2412,24,2024,12
212-13,212-13#213@r0c9,213,,5,0.07264597239323439,C02A241821A1,224.2,303.0,5.33,88.7,97.0,,,24120302,25,2,12,A线,2412,24,2024,12
212-13,212-13#213@r0c9,213,,6,0.09746613958913876,C02A241551C1,300.8,290.3,4.75,91.3,98.3,,,24110276,25,2,12,A线,2411,24,2024,11
212-13,212-13#213@r0c9,213,,7,0.06726718942388699,C02A241611A1,207.6,292.8,4.89,91.2,98.9,,,24110392,25,2,12,A线,2411,24,2024,11
212-13,212-13#213@r0c9,213,,8,0.15948415527185536,C02A241661C2,492.2,293.6,4.63,92.8,98.6,,,24110494,25,2,12,A线,2411,24,2024,11
212-13,212-13#213@r0c9,213,,9,0.05994426803188387,C02A241901A1,185.0,296.1,5.49,86.6,96.8,,,24120504,25,2,12,A线,2412,24,2024,12
212-13,212-13#213@r0c9,213,,10,0.11956451299332513,C02A250151B1,369.0,294.5,4.94,90.0,98.7,,,25010398,25,2,12,A线,2501,25,2025,1
214-15,214-15#214@r0c0,214,,1,0.10727351402383856,C02B241374A1,545.4,136.8,3.31,90.6,97.5,13.9,,24100158,26,2,14,B线,2410,24,2024,10
214-15,214-15#214@r0c0,214,,2,0.10208095668935133,C02B241301E1,519.0,268.4,5.68,94.5,98.6,12.35,,24090150,26,2,14,B线,2409,24,2024,9
214-15,214-15#214@r0c0,214,,3,0.1039691593564376,C02B241301E2,528.6,265.3,5.76,94.6,98.6,12.33,,24090151,26,2,14,B线,2409,24,2024,9
214-15,214-15#214@r0c0,214,,4,0.10625073757916684,C02B241301D1,540.2,276.2,5.73,95.3,98.3,12.42,,24090148,26,2,14,B线,2409,24,2024,9
214-15,214-15#214@r0c0,214,,5,0.10038944180008655,C02B241301D2,510.4,267.6,5.73,95.7,98.7,12.25,,24090149,26,2,14,B线,2409,24,2024,9
214-15,214-15#214@r0c0,214,,6,0.1069194760237599,C02B241374A3,543.6,130.4,3.18,90.1,97.4,14.12,,24100160,26,2,14,B线,2410,24,2024,10
214-15,214-15#214@r0c0,214,,7,0.10164824357814405,C02B241271B1,516.8,283.7,4.43,94.3,98.4,12.65,,24090066,26,2,14,B线,2409,24,2024,9
214-15,214-15#214@r0c0,214,,8,0.09976004091105779,C02B241271B2,507.2,283.6,4.49,94.6,98.7,12.71,,24090067,26,2,14,B线,2409,24,2024,9
214-15,214-15#214@r0c0,214,,9,0.0824121789072027,C02B241301H1,419.0,247.1,5.81,88.3,96.1,12.83,,24090156,26,2,14,B线,2409,24,2024,9
214-15,214-15#214@r0c0,214,,10,0.08929625113095473,C02B241301H2,454.0,246.0,5.95,87.4,95.4,12.84,,24090157,26,2,14,B线,2409,24,2024,9
214-15,214-15#215@r0c9,215,,1,0.0439360119047619,C02B241251C2,236.2,273.2,4.61,93.3,97.9,12.73,,24090021,26,2,14,B线,2409,24,2024,9
214-15,214-15#215@r0c9,215,,2,0.09468005952380952,C02B241251D2,509.0,269.4,4.91,89.4,95.7,13.03,,24090023,26,2,14,B线,2409,24,2024,9
214-15,214-15#215@r0c9,215,,3,0.10316220238095239,C02B241252A1,554.6,237.1,5.49,78.7,90.9,13.31,,24090028,26,2,14,B线,2409,24,2024,9
214-15,214-15#215@r0c9,215,,4,0.09906994047619049,C02B241294A3,532.6,157.5,4.38,83.2,94.1,12.67,,24090138,26,2,14,B线,2409,24,2024,9
214-15,214-15#215@r0c9,215,,5,0.06138392857142857,C02B241261E3,330.0,243.7,4.94,89.1,95.4,12.91,,24090048,26,2,14,B线,2409,24,2024,9
214-15,214-15#215@r0c9,215,,6,0.0931547619047619,C02B241271C2,500.8,296.6,4.55,94.4,98.5,11.23,,24090069,26,2,14,B线,2409,24,2024,9
214-15,214-15#215@r0c9,215,,7,0.09668898809523808,C02B241301F1,519.8,254.6,5.41,92.8,97.8,12.74,,24090153,26,2,14,B线,2409,24,2024,9
214-15,214-15#215@r0c9,215,,8,0.05714285714285714,C02B241301G1,307.2,253.2,5.46,92.9,98.0,12.53,,24090155,26,2,14,B线,2409,24,2024,9
214-15,214-15#215@r0c9,215,,9,0.08255208333333333,C02B241301H3,443.8,246.3,5.95,87.1,95.0,12.86,,24090158,26,2,14,B线,2409,24,2024,9
214-15,214-15#215@r0c9,215,,10,0.08794642857142858,C02B241301B2,472.8,284.1,5.84,94.8,98.8,11.35,,24090145,26,2,14,B线,2409,24,2024,9
214-15,214-15#215@r0c9,215,,11,0.09475446428571428,C02B241271D1,509.4,292.6,4.77,94.7,98.8,11.55,,24090070,26,2,14,B线,2409,24,2024,9
214-15,214-15#215@r0c9,215,,12,0.08552827380952381,C02B241304A2,459.8,130.9,3.53,85.5,95.1,13.16,,24090167,26,2,14,B线,2409,24,2024,9
218,218#218@r0c0,218,,1,0.09818494758253794,C02A250314A1,502.0,109.6,2.96,74.0,93.4,11.44,,25020255,28,2,18,A线,2502,25,2025,2
218,218#218@r0c0,218,,2,0.09787200751056171,C02A250314A2,500.4,109.6,3.03,74.1,93.5,11.51,,25020256,28,2,18,A线,2502,25,2025,2
218,218#218@r0c0,218,,3,0.10064935064935066,C02A250314B1,514.6,100.9,2.74,74.6,93.8,11.95,,25020257,28,2,18,A线,2502,25,2025,2
218,218#218@r0c0,218,,4,0.10413080895008606,C02A250314C1,532.4,116.8,3.06,68.4,90.5,10.09,,25020259,28,2,18,A线,2502,25,2025,2
218,218#218@r0c0,218,,5,0.09036144578313253,C02A250314C2,462.0,118.9,2.99,68.3,90.3,10.43,,25020260,28,2,18,A线,2502,25,2025,2
218,218#218@r0c0,218,,6,0.09579877953371929,C02A250291C1,489.8,288.8,4.72,91.6,98.8,11.01,,25020179,28,2,18,A线,2502,25,2025,2
218,218#218@r0c0,218,,7,0.09243467375997497,C02A250192A1,472.6,236.8,5.38,80.2,93.7,11.54,,25010520,28,2,18,A线,2501,25,2025,1
218,218#218@r0c0,218,,8,0.07569237990924738,C02A250192A2,387.0,238.9,5.27,80.9,94.2,11.6,,25010521,28,2,18,A线,2501,25,2025,1
218,218#218@r0c0,218,,9,0.04748865592239086,C02A250192A3,242.8,228.3,5.44,80.0,93.4,11.68,,25010522,28,2,18,A线,2501,25,2025,1
218,218#218@r0c0,218,,10,0.10135346581129714,C02A250192B1,518.2,226.4,5.35,76.1,91.8,11.56,,25010523,28,2,18,A线,2501,25,2025,1
218,218#218@r0c0,218,,11,0.09603348458770145,C02A241851B2,491.0,271.5,4.89,91.2,98.4,11.8,,24120387,28,2,18,A线,2412,24,2024,12
219,219#219@r0c0,219,,1,0.19881762228701005,C02A250333B1,491.0,157.1,3.77,80.6,95.1,,,25020310,29,2,19,A线,2502,25,2025,2
219,219#219@r0c0,219,,2,0.19314868804664723,C02A250333B2,477.0,156.0,3.73,81.1,95.3,,,25020311,29,2,19,A线,2502,25,2025,2
219,219#219@r0c0,219,,3,0.14601554907677358,C02A250333B3,360.6,157.3,3.73,80.2,94.8,,,25020312,29,2,19,A线,2502,25,2025,2
219,219#219@r0c0,219,,4,0.17662779397473274,C02A250281E1,436.2,258.6,4.57,87.6,97.2,,,25020154,29,2,19,A线,2502,25,2025,2
219,219#219@r0c0,219,,5,0.2099125364431487,C02A250243B2,518.4,130.9,3.55,67.6,89.2,,,25020054,29,2,19,A线,2502,25,2025,2
219,219#219@r0c0,219,,6,0.07547781017168773,C02A250231A1,186.4,258.2,4.41,86.0,96.6,,,25020005,29,2,19,A线,2502,25,2025,2
JK,JK#2018@r0c0,2018,,1,0.06227348895210632,C02A250282A1,319.6,207.6,5.02,84.1,96.7,,,25020162,30,,,A线,2502,25,2025,2
JK,JK#2018@r0c0,2018,,2,0.10159385838431861,C02A250282B2,521.4,199.8,5.49,70.4,90.4,,,25020164,30,,,A线,2502,25,2025,2
JK,JK#2018@r0c0,2018,,3,0.11125832976111609,C02A241511C2,571.0,285.8,4.72,81.0,94.7,,,24110193,30,,,A线,2411,24,2024,11
JK,JK#2018@r0c0,2018,,4,0.10319161373290207,C02A241511D1,529.6,285.5,4.69,82.5,95.2,,,24110194,30,,,A线,2411,24,2024,11
JK,JK#2018@r0c0,2018,,5,0.10849148513308132,C02A241521C3,556.8,274.0,4.66,85.7,96.0,,,24110217,30,,,A线,2411,24,2024,11
JK,JK#2018@r0c0,2018,,6,0.08900666380889288,C02A241521C4,456.8,272.2,4.73,85.4,95.8,,,24110218,30,,,A线,2411,24,2024,11
JK,JK#2018@r0c0,2018,,7,0.07400335138926777,C02A241551B2,379.8,288.5,4.77,91.7,98.4,,,24110275,30,,,A线,2411,24,2024,11
JK,JK#2018@r0c0,2018,,8,0.09952846732395465,C02A241641C2,510.8,281.8,5.27,91.4,98.0,,,24110454,30,,,A线,2411,24,2024,11
JK,JK#2018@r0c0,2018,,9,0.05424574256654066,C02A250283A3,278.4,176.7,5.19,42.3,73.2,,,25020171,30,,,A线,2502,25,2025,2
JK,JK#2018@r0c0,2018,,10,0.09582635127235883,C02A241611C1,491.8,292.2,5.08,88.8,98.2,,,24110396,30,,,A线,2411,24,2024,11
JK,JK#2018@r0c0,2018,,11,0.10058064767546084,C02A250261B1,516.2,295.1,4.77,90.8,98.7,,,25020089,30,,,A线,2502,25,2025,2
JK,JK#2018@r0c9,2018,,1,0.09604936355169201,C02A241931B3,495.0,265.8,4.94,87.7,96.2,,5.7,24120589,30,,,A线,2412,24,2024,12
JK,JK#2018@r0c9,2018,,2,0.09511797578391804,C02A241931B4,490.2,264.0,4.94,87.8,96.3,,6.0,24120590,30,,,A线,2412,24,2024,12
JK,JK#2018@r0c9,2018,,3,0.09410897236882955,C02A241931D1,485.0,264.2,4.94,89.9,97.3,,6.0,24120592,30,,,A线,2412,24,2024,12
JK,JK#2018@r0c9,2018,,4,0.09810617820552624,C02A241931D3,505.6,260.0,4.82,89.6,97.4,,6.0,24120594,30,,,A线,2412,24,2024,12
JK,JK#2018@r0c9,2018,,5,0.09581651660974852,C02A241941C3,493.8,269.8,4.94,89.6,97.3,,6.0,24120621,30,,,A线,2412,24,2024,12
JK,JK#2018@r0c9,2018,,6,0.08805495187829866,C02A241791B1,453.8,283.5,5.16,91.2,98.2,,6.0,24120228,30,,,A线,2412,24,2024,12
JK,JK#2018@r0c9,2018,,7,0.07063023905619373,C02A241931C1,364.0,266.0,4.94,89.9,97.4,,7.6,24120591,30,,,A线,2412,24,2024,12
JK,JK#2018@r0c9,2018,,8,0.07105712511642347,C02A250051C2,366.2,276.2,4.94,90.2,97.6,,7.4,25010120,30,,,A线,2501,25,2025,1
JK,JK#2018@r0c9,2018,,9,0.29105867742936975,,1500.0,260.0,4.9,80.0,95.0,,6.0,,30,,,无批号(计划/虚拟行),,,,
JK,JK#2019@r26c0,2019,,1,0.09651898734177215,C02A250292B1,500.2,197.0,5.22,73.3,91.7,,6.9,,30,,,A线,,25,,
JK,JK#2019@r26c0,2019,,2,0.08598332818771227,C02A250292C1,445.6,194.3,5.02,70.7,90.6,,4.3,,30,,,A线,,25,,
JK,JK#2019@r26c0,2019,,3,0.0921194813213955,C02A241571D1,477.4,275.0,4.66,90.9,98.2,,3.2,,30,,,A线,,24,,
JK,JK#2019@r26c0,2019,,4,0.04908922506946589,C02A241591C2,254.4,282.3,4.82,88.7,97.9,,6.4,,30,,,A线,,24,,
JK,JK#2019@r26c0,2019,,5,0.098680148193887,C02A241611B1,511.4,297.2,4.97,91.0,98.7,,5.8,,30,,,A线,,24,,
JK,JK#2019@r26c0,2019,,6,0.09597869712874345,C02A241811B1,497.4,293.7,5.05,89.4,97.8,,5.8,,30,,,A线,,24,,
JK,JK#2019@r26c0,2019,,7,0.0941648656992899,C02A241811B2,488.0,292.0,5.05,89.8,98.3,,7.6,,30,,,A线,,24,,
JK,JK#2019@r26c0,2019,,8,0.04580889163322013,C02A241941B1,237.4,290.3,5.11,83.5,93.9,,7.1,,30,,,A线,,24,,
JK,JK#2019@r26c0,2019,,9,0.05877585674590924,C02A241661B2,304.6,295.1,4.63,90.3,96.9,,7.4,,30,,,A线,,24,,
JK,JK#2019@r26c0,2019,,10,0.09621025007718433,C02A250291B1,498.6,290.7,4.69,88.6,97.3,,7.4,,30,,,A线,,25,,
JK,JK#2019@r26c0,2019,,11,0.0868323556653288,C02A250291B2,450.0,292.1,4.69,91.6,98.7,,8.4,,30,,,A线,,25,,
JK,JK#2019@r26c0,2019,,12,0.09983791293609139,C02A250281G2,517.4,208.8,5.02,84.7,96.2,,8.4,,30,,,A线,,25,,
JK,JK#2019@r26c9,2019,,1,0.07668869455106644,C02A241551D2,387.6,281.8,4.72,90.3,97.9,,5.3,,30,,,A线,,24,,
JK,JK#2019@r26c9,2019,,2,0.08816429899885245,C02A241611B3,445.6,298.5,4.91,90.9,98.6,,3.2,,30,,,A线,,24,,
JK,JK#2019@r26c9,2019,,3,0.09663250366032211,C02A241631B2,488.4,299.4,4.97,86.5,97.4,,6.1,,30,,,A线,,24,,
JK,JK#2019@r26c9,2019,,4,0.1019745953860156,C02A241641C1,515.4,282.2,5.27,91.8,98.4,,3.5,,30,,,A线,,24,,
JK,JK#2019@r26c9,2019,,5,0.09686992995924183,C02A250163A2,489.6,207.1,5.66,79.7,94.2,,6.4,,30,,,A线,,25,,
JK,JK#2019@r26c9,2019,,6,0.09821534565312018,C02A241874B1,496.4,139.3,3.61,60.2,84.6,,4.9,,30,,,A线,,24,,
JK,JK#2019@r26c9,2019,,7,0.04380515215068656,C02A241881A1,221.4,274.0,4.91,87.7,96.3,,5.7,,30,,,A线,,24,,
JK,JK#2019@r26c9,2019,,8,0.1019745953860156,C02A241881B1,515.4,277.4,4.94,87.9,96.4,,9.7,,30,,,A线,,24,,
JK,JK#2019@r26c9,2019,,9,0.09924419294843893,C02A241791D1,501.6,277.3,5.08,93.2,99.2,,7.1,,30,,,A线,,24,,
JK,JK#2019@r26c9,2019,,10,0.09849234300185984,C02A241751B1,497.8,299.1,5.38,90.4,98.2,,7.1,,30,,,A线,,24,,
JK,JK#2019@r26c9,2019,,11,0.09793834830438052,C02A241661C3,495.0,287.9,4.69,92.8,98.5,,7.9,,30,,,A线,,24,,
JK,JK#2020@r50c0,2020,,1,0.06588124039560266,C02A241561B2,334.4,279.6,4.57,89.4,98.4,,4.6,24110293,30,,,A线,2411,24,2024,11
JK,JK#2020@r50c0,2020,,2,0.03628984593561606,C02A241641A1,184.2,297.5,5.3,91.6,98.2,,3.5,24110450,30,,,A线,2411,24,2024,11
JK,JK#2020@r50c0,2020,,3,0.09673351983923716,C02A241761B4,491.0,272.5,4.77,91.8,96.3,,4.8,24120172,30,,,A线,2412,24,2024,12
JK,JK#2020@r50c0,2020,,4,0.041766815083336614,C02A241771A1,212.0,278.3,4.94,88.5,97.3,,4.3,24120186,30,,,A线,2412,24,2024,12
JK,JK#2020@r50c0,2020,,5,0.09890066590488199,C02A241912A1,502.0,198.8,5.0,62.7,85.8,,3.8,24120542,30,,,A线,2412,24,2024,12
JK,JK#2020@r50c0,2020,,6,0.08834075416683083,C02A250101B1,448.4,280.1,4.77,87.5,96.3,,6.0,25010258,30,,,A线,2501,25,2025,1
JK,JK#2020@r50c0,2020,,7,0.0925568383309035,C02A250201B1,469.8,281.1,4.72,90.3,98.3,,8.8,25010540,30,,,A线,2501,25,2025,1
JK,JK#2020@r50c0,2020,,8,0.09586666141297924,C02A250141B2,486.6,275.3,4.82,91.7,99.0,,6.6,25010379,30,,,A线,2501,25,2025,1
JK,JK#2020@r50c0,2020,,9,0.09515741360967729,C02A250271C3,483.0,256.6,4.8,91.3,98.9,,6.9,25020121,30,,,A线,2502,25,2025,2
JK,JK#2020@r50c0,2020,,10,0.10059498010165885,C02A250271D1,510.6,264.7,4.77,92.1,99.2,,6.9,25020122,30,,,A线,2502,25,2025,2
JK,JK#2020@r50c0,2020,,11,0.09559084282280625,C02A241792A1,485.2,244.2,6.16,83.5,95.9,,6.9,24120236,30,,,A线,2412,24,2024,12
JK,JK#2020@r50c0,2020,,12,0.09232042239646952,C02A250291D1,468.6,277.3,4.75,91.6,99.0,,7.4,25020182,30,,,A线,2502,25,2025,2
JK,JK#2020@r50c9,2020,,1,0.09107410622681715,C02A241641D1,461.6,286.3,5.49,92.2,98.4,,3.5,24110456,30,,,A线,2411,24,2024,11
JK,JK#2020@r50c9,2020,,2,0.042695919816904744,C02A241651A1,216.4,288.5,5.0,91.3,98.2,,5.2,24110471,30,,,A线,2411,24,2024,11
JK,JK#2020@r50c9,2020,,3,0.09655907189645647,C02A241651B2,489.4,270.7,4.91,91.6,98.4,,5.2,24110473,30,,,A线,2411,24,2024,11
JK,JK#2020@r50c9,2020,,4,0.10160997553468551,C02A241661D1,515.0,278.1,4.77,93.4,98.8,,6.4,24110496,30,,,A线,2411,24,2024,11
JK,JK#2020@r50c9,2020,,5,0.0907978849341015,C02A241661D2,460.2,278.9,4.82,93.2,98.6,,6.4,24110497,30,,,A线,2411,24,2024,11
JK,JK#2020@r50c9,2020,,6,0.054376134480309375,C02A241661D3,275.6,278.0,5.0,93.0,98.5,,6.4,24110498,30,,,A线,2411,24,2024,11
JK,JK#2020@r50c9,2020,,7,0.09454660247809961,C02A241912A3,479.2,199.7,5.0,60.0,84.7,,8.5,24120544,30,,,A线,2412,24,2024,12
JK,JK#2020@r50c9,2020,,8,0.10334622366032672,C02A250061B2,523.8,267.0,4.82,90.9,98.2,,6.0,25010149,30,,,A线,2501,25,2025,1
JK,JK#2020@r50c9,2020,,9,0.0985320811301397,C02A250061B3,499.4,272.0,4.77,91.2,98.5,,8.1,25010150,30,,,A线,2501,25,2025,1
JK,JK#2020@r50c9,2020,,10,0.09849262094546603,C02A250192B2,499.2,206.3,5.0,70.3,89.5,,8.1,25010524,30,,,A线,2501,25,2025,1
JK,JK#2020@r50c9,2020,,11,0.042419698524189094,C02A250111A1,215.0,281.0,4.75,89.5,97.1,,7.1,25010286,30,,,A线,2501,25,2025,1
JK,JK#2020@r50c9,2020,,12,0.08554968037250416,C02A241831E3,433.6,284.2,4.82,89.3,98.0,,7.4,24120336,30,,,A线,2412,24,2024,12
220-21,220-21#220@r0c0,220,,1,0.0926382529059528,C02A250354A3,473.4,130.2,3.12,82.4,96.2,,,25020369,31,2,20,A线,2502,25,2025,2
220-21,220-21#220@r0c0,220,,2,0.06896011897773081,C02A250354B1,352.4,119.9,2.87,83.2,96.5,,,25020370,31,2,20,A线,2502,25,2025,2
220-21,220-21#220@r0c0,220,,3,0.09968298696724198,C02A250354C1,509.4,106.2,2.67,78.8,95.2,,,25020371,31,2,20,A线,2502,25,2025,2
220-21,220-21#220@r0c0,220,,4,0.10019177331611287,C02A250354C2,512.0,91.4,2.38,71.8,92.5,,,25020372,31,2,20,A线,2502,25,2025,2
220-21,220-21#220@r0c0,220,,5,0.10527963680482173,C02A250354D1,538.0,91.0,2.31,70.4,91.8,,,25020373,31,2,20,A线,2502,25,2025,2
220-21,220-21#220@r0c0,220,,6,0.09764784157175845,C02A250293A1,499.0,186.0,5.22,58.5,85.0,,,25020198,31,2,20,A线,2502,25,2025,2
220-21,220-21#220@r0c0,220,,7,0.06680756134789245,C02A250341B2,341.4,277.2,5.0,90.2,98.0,,,25020320,31,2,20,A线,2502,25,2025,2
220-21,220-21#220@r0c0,220,,8,0.09858713944659701,C02A250352A1,503.8,265.4,5.11,89.5,98.1,,,25020358,31,2,20,A线,2502,25,2025,2
220-21,220-21#220@r0c0,220,,9,0.09870455168095182,C02A250352A2,504.4,263.5,5.0,89.1,97.9,,,25020359,31,2,20,A线,2502,25,2025,2
220-21,220-21#220@r0c0,220,,10,0.09686509334272632,C02A250322B1,495.0,201.5,5.08,72.5,90.9,,,25020277,31,2,20,A线,2502,25,2025,2
220-21,220-21#220@r0c0,220,,11,0.07463504363821377,C02A250311B2,381.4,274.1,5.38,89.9,97.9,,,25020234,31,2,20,A线,2502,25,2025,2
220-21,220-21#221@r26c0,221,,1,,C02A250354A1,0.0,174.7,4.08,79.8,94.5,,,25020367,31,2,20,A线,2502,25,2025,2
220-21,220-21#221@r26c0,221,,2,0.12568387546006168,C02A250364B1,505.4,150.7,3.79,79.2,94.7,,,25020397,31,2,20,A线,2502,25,2025,2
220-21,220-21#221@r26c0,221,,3,0.1254849298716801,C02A250364B2,504.6,133.7,3.34,78.3,94.5,,,25020398,31,2,20,A线,2502,25,2025,2
220-21,220-21#221@r26c0,221,,4,0.12762359494678208,C02A250364B3,513.2,136.4,3.36,78.2,94.5,,,25020399,31,2,20,A线,2502,25,2025,2
220-21,220-21#221@r26c0,221,,5,0.050333233860539145,C02A250351A1,202.4,244.9,3.91,79.6,93.3,,,25020348,31,2,20,A线,2502,25,2025,2
220-21,220-21#221@r26c0,221,,6,0.07942902616134487,C02A250351B1,319.4,281.4,4.17,88.2,96.7,,,25020349,31,2,20,A线,2502,25,2025,2
220-21,220-21#221@r26c0,221,,7,0.12434099273848603,C02A250353B1,500.0,201.1,4.86,79.3,94.3,,,25020365,31,2,20,A线,2502,25,2025,2
220-21,220-21#221@r26c0,221,,8,0.1272754401671143,C02A250344A2,511.8,151.5,3.97,74.2,92.2,,,25020341,31,2,20,A线,2502,25,2025,2
220-21,220-21#221@r26c0,221,,9,0.1264299214164926,C02A250211E3,508.4,216.0,4.23,85.6,96.5,,,25010576,31,2,20,A线,2501,25,2025,1
220-21,220-21#221@r26c0,221,,10,0.11339898537749926,C02A250242C2,456.0,177.3,4.63,71.7,91.8,,,25020050,31,2,20,A线,2502,25,2025,2
220-21,220-21#221@r26c0,221,,11,,20250220,,169.0,3.91,78.1,93.8,,,,31,2,20,其他,,,,
220-21,220-21#221@r26c0,221,,12,,20240711,,186.6,4.34,81.6,94.5,,,,31,2,20,其他,,,,
220-21,220-21#221@r26c0,221,,13,,20240904,,151.4,3.8,78.4,93.3,,,,31,2,20,其他,,,,
220-21,220-21#221@r26c0,221,,14,,20241150,,178.2,3.66,82.0,96.0,,,,31,2,20,其他,,,,
301,301#301@r0c0,301,,1,0.23500810372771472,C02A250364A1,493.0,151.8,3.77,80.4,95.5,11.1,,25020396,32,3,1,A线,2502,25,2025,2
301,301#301@r0c0,301,,2,0.2442558871198398,C02A250364C1,512.4,121.4,3.03,76.4,93.5,11.29,,25020400,32,3,1,A线,2502,25,2025,2
301,301#301@r0c0,301,,3,0.1267995042425398,C02A250353B2,266.0,197.0,4.69,79.0,94.1,9.93,,25020366,32,3,1,A线,2502,25,2025,2
301,301#301@r0c0,301,,4,0.15930975307464962,C02A250292C2,334.2,191.8,4.86,67.5,89.4,11.35,,25020195,32,3,1,A线,2502,25,2025,2
301,301#301@r0c0,301,,5,0.23462675183525597,C02A250201D3,492.2,246.8,4.46,92.0,99.1,11.84,,25010546,32,3,1,A线,2501,25,2025,1
302-03,302-03#302@r0c0,302,220,1,0.10048378142596558,C02A241911B1,506.8,274.0,5.13,88.7,97.1,,,24120529,33,3,2,A线,2412,24,2024,12
302-03,302-03#302@r0c0,302,220,2,0.10222856689666111,C02A241911B2,515.6,273.0,5.16,89.0,97.5,,,24120530,33,3,2,A线,2412,24,2024,12
302-03,302-03#302@r0c0,302,220,3,0.05551590134031247,C02A250042A1,280.0,274.6,5.13,86.0,96.0,,,25010098,33,3,2,A线,2501,25,2025,1
302-03,302-03#302@r0c0,302,220,4,0.0962011261797129,C02A250173A1,485.2,237.2,5.66,70.5,88.3,,,25010468,33,3,2,A线,2501,25,2025,1
302-03,302-03#302@r0c0,302,220,5,0.09425806963280195,C02A250242A2,475.4,192.2,4.49,88.1,98.0,,,25020044,33,3,2,A线,2502,25,2025,2
302-03,302-03#302@r0c0,302,220,6,0.0996510429058609,C02A250242B2,502.6,184.3,4.38,78.6,94.4,,,25020047,33,3,2,A线,2502,25,2025,2
302-03,302-03#302@r0c0,302,220,7,0.1044492029502736,C02A250251G1,526.8,237.0,4.63,72.4,90.0,,,25020081,33,3,2,A线,2502,25,2025,2
302-03,302-03#302@r0c0,302,220,8,0.09905622967721468,C02A250271E1,499.6,239.6,5.35,89.8,98.3,,,25020125,33,3,2,A线,2502,25,2025,2
302-03,302-03#302@r0c0,302,220,9,0.0911650408438417,C02A250303A3,459.8,183.7,5.0,59.2,84.2,,,25020223,33,3,2,A线,2502,25,2025,2
302-03,302-03#302@r0c0,302,220,10,0.052581489412324524,C02A250321A1,265.2,258.4,4.61,89.2,97.5,,,25020261,33,3,2,A线,2502,25,2025,2
302-03,302-03#302@r0c0,302,220,11,0.10440954873503053,C02A250341D2,526.6,278.5,5.08,91.3,98.2,,,25020326,33,3,2,A线,2502,25,2025,2
302-03,302-03#303@r0c9,303,220,1,0.09724612736660929,C02A241931B2,497.2,263.5,4.97,88.0,96.6,,,24120588,33,3,2,A线,2412,24,2024,12
302-03,302-03#303@r0c9,303,220,2,0.07326709435143171,C02A241931E3,374.6,243.9,4.75,84.9,95.4,,,24120597,33,3,2,A线,2412,24,2024,12
302-03,302-03#303@r0c9,303,220,3,0.044202785166640585,C02A250041A1,226.0,273.2,4.69,88.6,97.5,,,25010089,33,3,2,A线,2501,25,2025,1
302-03,302-03#303@r0c9,303,220,4,0.10076670317634173,C02A250041C1,515.2,273.2,4.77,89.5,97.6,,,25010092,33,3,2,A线,2501,25,2025,1
302-03,302-03#303@r0c9,303,220,5,0.09153497105304334,C02A250042B4,468.0,261.9,5.11,83.7,95.2,,,25010102,33,3,2,A线,2501,25,2025,1
302-03,302-03#303@r0c9,303,220,6,0.05069629166014708,C02A250131A1,259.2,246.1,4.66,87.9,97.1,,,25010342,33,3,2,A线,2501,25,2025,1
302-03,302-03#303@r0c9,303,220,7,0.09912376779846659,C02A250172A2,506.8,240.5,4.77,87.2,96.8,,,25010464,33,3,2,A线,2501,25,2025,1
302-03,302-03#303@r0c9,303,220,8,0.06959004850571116,C02A250222A4,355.8,189.6,4.75,83.6,96.2,,,25010608,33,3,2,A线,2501,25,2025,1
302-03,302-03#303@r0c9,303,220,9,0.0966984822406509,C02A250232B2,494.4,199.5,5.08,84.2,96.5,,,25020019,33,3,2,A线,2502,25,2025,2
302-03,302-03#303@r0c9,303,220,10,0.095368486934752,C02A250251F2,487.6,238.7,4.61,73.7,90.5,,,25020079,33,3,2,A线,2502,25,2025,2
302-03,302-03#303@r0c9,303,220,11,0.09161320607103739,C02A250303A1,468.4,189.9,5.22,61.1,85.5,,,25020221,33,3,2,A线,2502,25,2025,2
302-03,302-03#303@r0c9,303,220,12,0.08989203567516821,C02A250322A3,459.6,236.7,5.98,76.3,92.3,,,25020276,33,3,2,A线,2502,25,2025,2
304-307,304-307#307@r0c0,307,140,1,0.09695711205175307,C02A250424A1,485.6,151.9,4.06,72.5,92.1,,,25030055,34,3,4,A线,2503,25,2025,3
304-307,304-307#307@r0c0,307,140,2,0.06133695391741874,C02A250424A2,307.2,130.6,3.46,74.6,93.5,,,25030056,34,3,4,A线,2503,25,2025,3
304-307,304-307#307@r0c0,307,140,3,0.0614567526555387,C02A250373B1,307.8,184.2,4.57,80.7,94.8,,,25020423,34,3,4,A线,2502,25,2025,2
304-307,304-307#307@r0c0,307,140,4,0.06125708809200544,C02A250373B2,306.8,178.3,4.57,80.3,94.6,,,25020424,34,3,4,A线,2502,25,2025,2
304-307,304-307#307@r0c0,307,140,5,0.09947288555227218,C02A250373A1,498.2,232.3,4.72,81.3,94.4,,,25020420,34,3,4,A线,2502,25,2025,2
304-307,304-307#307@r0c0,307,140,6,0.10146953118760482,C02A250373A2,508.2,205.9,4.91,80.1,94.1,,,25020421,34,3,4,A线,2502,25,2025,2
304-307,304-307#307@r0c0,307,140,7,0.09687724622633975,C02A250372B1,485.2,251.1,4.72,82.1,94.6,,,25020418,34,3,4,A线,2502,25,2025,2
304-307,304-307#307@r0c0,307,140,8,0.09767590448047281,C02A250414B1,489.2,120.9,2.9,76.4,94.3,,,25030040,34,3,4,A线,2503,25,2025,3
304-307,304-307#307@r0c0,307,140,9,0.059380241194792745,C02A250414B2,297.4,122.9,2.93,76.1,94.1,,,25030041,34,3,4,A线,2503,25,2025,3
304-307,304-307#307@r0c0,307,140,10,0.0458829166999441,C02A250414C2,229.8,149.2,3.09,73.8,92.3,,,25030043,34,3,4,A线,2503,25,2025,3
304-307,304-307#307@r0c0,307,140,11,0.10646114527593645,C02A250334A1,533.2,150.5,3.28,78.7,94.7,,,25020313,34,3,4,A线,2502,25,2025,2
304-307,304-307#307@r0c0,307,140,12,0.03398290871336155,C02A250394C5,170.2,112.3,2.7,68.2,88.6,,,25030005,34,3,4,A线,2503,25,2025,3
304-307,304-307#307@r0c0,307,140,13,0.07778931395255971,C02A250404A3,389.6,112.5,2.8,82.1,96.3,,,25030021,34,3,4,A线,2503,25,2025,3
304-307,304-307#304@r0c9,304,160,1,0.08430514251344941,C02A250251D2,504.6,259.0,3.91,89.9,97.5,,,25020075,34,3,4,A线,2502,25,2025,2
304-307,304-307#304@r0c9,304,160,2,0.0652587964045845,C02A250251E1,390.6,261.8,4.03,89.0,97.1,,,25020077,34,3,4,A线,2502,25,2025,2
304-307,304-307#304@r0c9,304,160,3,0.08721221639322352,C02A250414A1,522.0,126.3,3.09,76.6,93.8,,,25030038,34,3,4,A线,2503,25,2025,3
304-307,304-307#304@r0c9,304,160,4,0.08330270324456178,C02A250414A2,498.6,130.9,3.09,77.0,94.0,,,25030039,34,3,4,A线,2503,25,2025,3
304-307,304-307#304@r0c9,304,160,5,0.12062685868947774,C02A250414C1,722.0,138.5,3.09,72.8,91.9,,,25030042,34,3,4,A线,2503,25,2025,3
304-307,304-307#304@r0c9,304,160,6,0.08183245898352659,C02A250394A3,489.8,146.8,3.67,79.0,93.3,,,25020476,34,3,4,A线,2502,25,2025,2
304-307,304-307#304@r0c9,304,160,7,0.06616099174658335,C02A250394B1,396.0,143.8,3.53,78.9,93.6,,,25020477,34,3,4,A线,2502,25,2025,2
304-307,304-307#304@r0c9,304,160,8,0.08179904434123034,C02A250372B2,489.6,244.4,4.66,82.0,94.3,,,25020419,34,3,4,A线,2502,25,2025,2
304-307,304-307#304@r0c9,304,160,9,,C02A241922B2,0.0,186.5,4.8,64.2,86.0,,,24120575,34,3,4,A线,2412,24,2024,12
304-307,304-307#304@r0c9,304,160,10,0.08149831256056404,C02A241931E1,487.8,250.5,4.66,88.3,96.9,,,24120595,34,3,4,A线,2412,24,2024,12
304-307,304-307#304@r0c9,304,160,11,0.08340294717145054,C02A250262A2,499.2,209.9,4.69,88.8,98.0,,,25020099,34,3,4,A线,2502,25,2025,2
304-307,304-307#304@r0c9,304,160,12,0.0743809937514619,C02A241833B1,445.2,140.2,3.53,59.8,84.5,,,24120351,34,3,4,A线,2412,24,2024,12
304-307,304-307#304@r0c9,304,160,13,0.09021953419988639,C02A250272C2,540.0,191.0,4.89,70.6,90.4,,,25020136,34,3,4,A线,2502,25,2025,2
306,306#306@r0c0,306,200,1,0.09188126597208571,C02B241294C2,467.4,133.7,3.43,81.3,92.8,12.62,,24090141,35,3,6,B线,2409,24,2024,9
306,306#306@r0c0,306,200,2,0.06919598977786515,C02B241304A1,352.0,134.2,3.61,84.8,94.7,12.68,,24090166,35,3,6,B线,2409,24,2024,9
306,306#306@r0c0,306,200,3,0.09644191075289955,C02B241382B1,490.6,237.9,5.02,91.5,97.4,14.04,,24100176,35,3,6,B线,2410,24,2024,10
306,306#306@r0c0,306,200,4,0.1100452132887753,C02B241251B1,559.8,252.9,4.55,91.5,97.2,12.61,,24090018,35,3,6,B线,2409,24,2024,9
306,306#306@r0c0,306,200,5,0.09176331826223708,C02B241302A2,466.8,241.1,6.5,83.2,93.6,12.12,,24090161,35,3,6,B线,2409,24,2024,9
306,306#306@r0c0,306,200,6,0.09085905248673087,C02B241283A3,462.2,172.1,4.86,75.3,89.3,13.12,,24090106,35,3,6,B线,2409,24,2024,9
306,306#306@r0c0,306,200,7,0.09396500884607824,C02B241272A3,478.0,213.9,4.77,88.4,95.7,13.71,,24090075,35,3,6,B线,2409,24,2024,9
306,306#306@r0c0,306,200,8,0.08688814625516021,C02B241251E1,442.0,251.9,5.27,84.2,93.5,13.55,,24090025,35,3,6,B线,2409,24,2024,9
306,306#306@r0c0,306,200,9,0.10355808924710044,C02B241261F2,526.8,224.6,5.27,87.3,95.0,12.79,,24090050,35,3,6,B线,2409,24,2024,9
306,306#306@r0c0,306,200,10,0.029998034204835856,C02B241294C3,152.6,138.5,3.46,81.3,92.9,11.98,,24090142,35,3,6,B线,2409,24,2024,9
306,306#306@r0c0,306,200,11,0.03125614310988795,C02B241301A1,159.0,296.9,5.92,94.8,98.8,10.53,,24090143,35,3,6,B线,2409,24,2024,9
306,306#306@r0c0,306,200,12,0.10414782779634361,C02B241301B1,529.8,287.2,5.81,94.7,98.8,11.31,,24090144,35,3,6,B线,2409,24,2024,9
308-9,308-9#308@r0c0,308,220,1,0.10003534817956874,C02B241291C1,509.4,295.1,5.11,96.3,99.5,11.87,,24090116,36,3,8,B线,2409,24,2024,9
308-9,308-9#308@r0c0,308,220,2,0.0966576332429991,C02B241291C2,492.2,292.2,5.11,96.0,99.4,11.91,,24090117,36,3,8,B线,2409,24,2024,9
308-9,308-9#308@r0c0,308,220,3,0.09693256352853384,C02B241291G1,493.6,262.6,5.6,92.0,97.4,12.79,,24090126,36,3,8,B线,2409,24,2024,9
308-9,308-9#308@r0c0,308,220,4,0.09202309414398492,C02B241291G2,468.6,260.2,5.55,93.0,98.0,12.97,,24090127,36,3,8,B线,2409,24,2024,9
308-9,308-9#308@r0c0,308,220,5,0.10121362083186049,C02B241281C1,515.4,281.5,5.22,95.4,99.0,11.31,,24090091,36,3,8,B线,2409,24,2024,9
308-9,308-9#308@r0c0,308,220,6,0.10058520875063824,C02B241281C2,512.2,281.9,5.16,95.6,99.3,11.29,,24090092,36,3,8,B线,2409,24,2024,9
308-9,308-9#308@r0c0,308,220,7,0.10195986017831193,C02B241263A1,519.2,189.4,5.13,68.6,86.1,12.06,,24090055,36,3,8,B线,2409,24,2024,9
308-9,308-9#308@r0c0,308,220,8,0.10584815993087468,C02B241281E1,539.0,258.1,5.87,93.9,98.5,12.53,,24090096,36,3,8,B线,2409,24,2024,9
308-9,308-9#308@r0c0,308,220,9,0.10447350850320097,C02B241384A1,532.0,127.5,3.18,92.3,98.4,14.34,,24100180,36,3,8,B线,2410,24,2024,10
308-9,308-9#308@r0c0,308,220,10,0.1002710027100271,C02B241384A2,510.6,122.6,3.06,92.7,98.7,14.47,,24100181,36,3,8,B线,2410,24,2024,10
309-10,309-10#309@r0c0,309,80,1,0.09628069617738219,C02A250344B2,484.6,135.5,3.49,68.1,88.6,,,25020343,37,3,9,A线,2502,25,2025,2
309-10,309-10#309@r0c0,309,80,2,0.10140665977906699,C02A250344C1,510.4,123.5,3.12,66.1,87.6,,,25020344,37,3,9,A线,2502,25,2025,2
309-10,309-10#309@r0c0,309,80,3,0.10331399507271716,C02A250344C3,520.0,94.9,2.54,58.0,82.8,,,25020346,37,3,9,A线,2502,25,2025,2
309-10,309-10#309@r0c0,309,80,4,0.10208217436223475,C02A250304C2,513.8,108.1,2.9,64.0,88.4,,,25020230,37,3,9,A线,2502,25,2025,2
309-10,309-10#309@r0c0,309,80,5,0.1074862910275769,C02A250294A1,541.0,97.8,2.67,64.2,88.2,,,25020202,37,3,9,A线,2502,25,2025,2
309-10,309-10#309@r0c0,309,80,6,0.10351267583247238,C02A250354A2,521.0,132.6,3.24,82.3,96.1,,,25020368,37,3,9,A线,2502,25,2025,2
309-10,309-10#309@r0c0,309,80,7,0.09266470634983708,C02A250274A2,466.4,72.9,2.14,63.4,89.2,,,25020146,37,3,9,A线,2502,25,2025,2
309-10,309-10#309@r0c0,309,80,8,0.1014861320829691,C02A250244E2,510.8,82.7,2.41,61.6,86.6,,,25020065,37,3,9,A线,2502,25,2025,2
309-10,309-10#309@r0c0,309,80,9,0.10387030120003178,C02A250244E1,522.8,87.3,2.48,65.1,88.3,,,25020064,37,3,9,A线,2502,25,2025,2
309-10,309-10#309@r0c0,309,80,10,0.08789636811571168,C02A250134B1,442.4,91.8,2.67,67.0,89.1,,,25010366,37,3,9,A线,2501,25,2025,1
309-10,309-10#310@r0c9,310,80,1,0.10195580592692506,C02A250364C2,514.0,108.0,2.74,67.2,89.3,,,25020401,37,3,9,A线,2502,25,2025,2
309-10,309-10#310@r0c9,310,80,2,0.08620621256000319,C02A250364D1,434.6,92.5,2.44,58.9,84.9,,,25020402,37,3,9,A线,2502,25,2025,2
309-10,309-10#310@r0c9,310,80,3,0.04875629785377078,C02A250364D2,245.8,84.2,2.31,54.8,82.2,,,25020403,37,3,9,A线,2502,25,2025,2
309-10,309-10#310@r0c9,310,80,4,0.10838259213710477,C02A250464C1,546.4,93.6,2.35,72.2,92.5,,,25030121,37,3,9,A线,2503,25,2025,3
309-10,309-10#310@r0c9,310,80,5,0.10163843376839767,C02A250464C2,512.4,91.5,2.31,71.8,92.2,,,25030122,37,3,9,A线,2503,25,2025,3
309-10,309-10#310@r0c9,310,80,6,0.10028960209465626,C02A250304B3,505.6,121.9,3.34,64.8,88.7,,,25020228,37,3,9,A线,2502,25,2025,2
309-10,309-10#310@r0c9,310,80,7,0.15483794184155197,C02A250444A1,780.6,140.1,3.73,79.9,95.6,,,25030088,37,3,9,A线,2503,25,2025,3
309-10,309-10#310@r0c9,310,80,8,,C02A250344C2,0.0,90.5,2.51,57.5,82.1,,,25020345,37,3,9,A线,2502,25,2025,2
309-10,309-10#310@r0c9,310,80,9,0.11770539929384695,C02A250484C1,593.4,111.9,2.9,77.3,94.4,,,25030156,37,3,9,A线,2503,25,2025,3
309-10,309-10#310@r0c9,310,80,10,0.07807355099773873,C02A250364E1,393.6,82.4,2.28,52.6,80.9,,,25020404,37,3,9,A线,2502,25,2025,2
309-10,309-10#310@r0c9,310,80,11,0.10215416352600469,C02A250274A1,515.0,81.3,2.38,63.9,89.6,,,25020145,37,3,9,A线,2502,25,2025,2
311-12,311-12#311@r0c0,311,240,1,0.09878353211554465,C02A250381C1,498.6,278.8,4.89,90.0,98.3,,,25020444,38,3,11,A线,2502,25,2025,2
311-12,311-12#311@r0c0,311,240,2,0.10072512580734636,C02A250373A3,508.4,206.0,4.91,79.9,94.0,,,25020422,38,3,11,A线,2502,25,2025,2
311-12,311-12#311@r0c0,311,240,3,0.04326980227443833,C02A250292D2,218.4,191.7,4.86,67.2,89.2,,,25020197,38,3,11,A线,2502,25,2025,2
311-12,311-12#311@r0c0,311,240,4,0.04362642152395293,C02A250141A1,220.2,288.2,4.97,89.2,97.8,,,25010377,38,3,11,A线,2501,25,2025,1
311-12,311-12#311@r0c0,311,240,5,0.09390973570551175,C02A250141B1,474.0,281.1,4.89,89.5,97.9,,,25010378,38,3,11,A线,2501,25,2025,1
311-12,311-12#311@r0c0,311,240,6,0.10155723738954711,C02A250191F1,512.6,260.6,5.0,90.0,98.0,,,25010516,38,3,11,A线,2501,25,2025,1
311-12,311-12#311@r0c0,311,240,7,0.04287355866386655,C02A250471A1,216.4,299.1,4.55,91.4,98.5,,,25030123,38,3,11,A线,2503,25,2025,3
311-12,311-12#311@r0c0,311,240,8,0.09252288306851053,C02A250471D1,467.0,283.5,4.69,91.2,98.2,,,25030128,38,3,11,A线,2503,25,2025,3
311-12,311-12#311@r0c0,311,240,9,0.10040813091888895,C02A250423A2,506.8,184.2,5.22,69.7,91.4,,,25030054,38,3,11,A线,2503,25,2025,3
311-12,311-12#311@r0c0,311,240,10,0.09676268970162856,C02A250401B1,488.4,286.2,5.0,89.7,98.0,,,25030007,38,3,11,A线,2503,25,2025,3
311-12,311-12#311@r0c0,311,240,11,0.1013987399453184,C02A250401B2,511.8,281.3,5.11,90.0,98.1,,,25030008,38,3,11,A线,2503,25,2025,3
311-12,311-12#311@r0c0,311,240,12,0.027182311685224076,C02A250384B1,137.2,253.9,5.35,80.8,95.0,,,25020460,38,3,11,A线,2502,25,2025,2
311-12,311-12#311@r0c0,311,240,13,0.0569798312002219,C02A250381D3,287.6,276.0,5.16,90.4,98.5,,,25020449,38,3,11,A线,2502,25,2025,2
313-14,313-14#14@r0c0,14,200,1,0.09861264385937255,C02A250403A1,500.4,179.9,4.17,84.3,96.3,,,25030016,39,3,13,A线,2503,25,2025,3
313-14,313-14#14@r0c0,14,200,2,0.10148983131010564,C02A250403A2,515.0,170.4,4.03,83.9,96.1,,,25030017,39,3,13,A线,2503,25,2025,3
313-14,313-14#14@r0c0,14,200,3,0.03689106101213937,C02A250404B3,187.2,157.4,3.18,78.7,94.2,,,25030024,39,3,13,A线,2503,25,2025,3
313-14,313-14#14@r0c0,14,200,4,0.14468705659782438,C02A250461E1,734.2,253.7,5.22,89.8,98.3,,,25030111,39,3,13,A线,2503,25,2025,3
313-14,313-14#14@r0c0,14,200,5,0.08335960901781492,C02A250461F1,423.0,254.1,5.38,89.1,98.0,,,25030112,39,3,13,A线,2503,25,2025,3
313-14,313-14#14@r0c0,14,200,6,0.15158442377423934,C02A250462A1,769.2,225.1,5.76,80.9,94.7,,,25030113,39,3,13,A线,2503,25,2025,3
313-14,313-14#14@r0c0,14,200,7,0.10050449314204636,C02A250462A2,510.0,221.1,5.73,80.4,94.7,,,25030114,39,3,13,A线,2503,25,2025,3
313-14,313-14#14@r0c0,14,200,8,0.09076935204162069,C02A250393A1,460.6,193.0,4.91,77.4,91.5,,,25020472,39,3,13,A线,2502,25,2025,2
313-14,313-14#14@r0c0,14,200,9,0.091439381995901,C02A250393A2,464.0,188.9,4.94,76.3,91.0,,,25020473,39,3,13,A线,2502,25,2025,2
313-14,313-14#14@r0c0,14,200,10,0.10066214724893584,C02A250481C2,510.8,268.0,4.77,92.1,98.9,,,25030144,39,3,13,A线,2503,25,2025,3
313-14,313-14#13@r0c9,13,200,1,0.09868239921337267,C02A250173A2,501.8,226.9,5.76,80.7,94.8,,,25010469,39,3,13,A线,2501,25,2025,1
313-14,313-14#13@r0c9,13,200,2,0.09404129793510324,C02A250193A3,478.2,156.7,3.91,57.4,84.2,,,25010528,39,3,13,A线,2501,25,2025,1
313-14,313-14#13@r0c9,13,200,3,0.09176007866273353,C02A250201D4,466.6,240.6,4.49,92.4,99.2,,,25010547,39,3,13,A线,2501,25,2025,1
313-14,313-14#13@r0c9,13,200,4,0.05207472959685349,C02A250201E3,264.8,231.5,5.13,89.3,98.4,,,25010550,39,3,13,A线,2501,25,2025,1
313-14,313-14#13@r0c9,13,200,5,0.10521140609636184,C02A250222A2,535.0,188.6,4.77,83.0,95.8,,,25010606,39,3,13,A线,2501,25,2025,1
313-14,313-14#13@r0c9,13,200,6,0.10285152409046214,C02A250261D2,523.0,241.5,4.72,90.6,98.8,,,25020095,39,3,13,A线,2502,25,2025,2
313-14,313-14#13@r0c9,13,200,7,0.10033431661750246,C02A250281G1,510.2,212.2,4.97,85.3,96.6,,,25020159,39,3,13,A线,2502,25,2025,2
313-14,313-14#13@r0c9,13,200,8,0.10037364798426746,C02A250292A3,510.4,217.7,5.19,86.4,97.4,,,25020191,39,3,13,A线,2502,25,2025,2
313-14,313-14#13@r0c9,13,200,9,0.06013765978367749,C02A250384A2,305.8,243.1,5.49,80.3,94.9,,,25020459,39,3,13,A线,2502,25,2025,2
313-14,313-14#13@r0c9,13,200,10,0.10025565388397246,C02A250422A1,509.8,241.9,5.41,88.7,97.9,,,25030050,39,3,13,A线,2503,25,2025,3
313-14,313-14#13@r0c9,13,200,11,0.09427728613569321,C02A250443A2,479.4,195.0,5.08,83.0,95.7,,,25030087,39,3,13,A线,2503,25,2025,3
315,315#315@r0c0,315,160,1,0.15366122802869078,C02A250484B2,779.8,111.3,2.87,76.9,94.2,11.39,,25030155,40,3,15,A线,2503,25,2025,3
315,315#315@r0c0,315,160,2,0.098486639867581,C02A250313B2,499.8,168.5,4.63,69.6,90.0,11.85,,25020254,40,3,15,A线,2502,25,2025,2
315,315#315@r0c0,315,160,3,0.09868369196815638,C02A250211D3,500.8,260.6,4.49,90.4,98.3,11.37,,25010573,40,3,15,A线,2501,25,2025,1
315,315#315@r0c0,315,160,4,0.09966895247103334,C02A250231C3,505.8,259.5,4.49,90.5,98.6,11.06,,25020010,40,3,15,A线,2502,25,2025,2
315,315#315@r0c0,315,160,5,0.09095924962560101,C02A250242A3,461.6,191.5,4.52,86.6,96.9,11.57,,25020045,40,3,15,A线,2502,25,2025,2
315,315#315@r0c0,315,160,6,0.09892015448884685,C02A250242B3,502.0,186.0,4.38,77.1,93.3,11.25,,25020048,40,3,15,A线,2502,25,2025,2
315,315#315@r0c0,315,160,7,0.0887916765192717,C02A250483B1,450.6,152.2,3.89,80.9,95.4,11.56,,25030152,40,3,15,A线,2503,25,2025,3
315,315#315@r0c0,315,160,8,0.1026247339796642,C02A250404B2,520.8,145.8,3.09,79.6,94.8,10.5,,25030023,40,3,15,A线,2503,25,2025,3
315,315#315@r0c0,315,160,9,0.06853472058012139,C02A250324C3,347.8,120.8,2.77,66.5,89.2,11.62,,25020288,40,3,15,A线,2502,25,2025,2
315,315#315@r0c0,315,160,10,0.09966895247103334,C02A250413A1,505.8,185.6,4.66,77.0,93.6,10.44,,25030035,40,3,15,A线,2503,25,2025,3
317-18,317-18#317@r0c0,317,240,1,0.09467149508535955,C02A241851B3,475.8,255.7,4.94,86.9,96.0,,,,41,3,17,A线,,24,,
317-18,317-18#317@r0c0,317,240,2,0.038441641131760115,C02A241941A1,193.2,278.6,4.89,79.1,91.6,,,,41,3,17,A线,,24,,
317-18,317-18#317@r0c0,317,240,3,0.09869075570058498,C02A241941C1,496.0,273.8,4.97,88.7,96.9,,,,41,3,17,A线,,24,,
317-18,317-18#317@r0c0,317,240,4,0.0979744518285646,C02A241941C2,492.4,272.5,4.97,89.7,97.5,,,,41,3,17,A线,,24,,
317-18,317-18#317@r0c0,317,240,5,0.04807194874447849,C02A250031A1,241.6,278.9,5.13,85.1,95.8,,,,41,3,17,A线,,25,,
317-18,317-18#317@r0c0,317,240,6,0.10330693620916073,C02A250071B1,519.2,275.4,4.97,89.0,97.1,,,,41,3,17,A线,,25,,
317-18,317-18#317@r0c0,317,240,7,0.0836483743881571,C02A250071B2,420.4,277.3,4.94,89.1,97.1,,,,41,3,17,A线,,25,,
317-18,317-18#317@r0c0,317,240,8,0.10195391778423335,C02A250292D1,512.4,190.7,4.86,67.3,89.2,,,,41,3,17,A线,,25,,
317-18,317-18#317@r0c0,317,240,9,0.06697441203390506,C02A250352B2,336.6,248.2,4.94,84.4,95.7,,,,41,3,17,A线,,25,,
317-18,317-18#317@r0c0,317,240,10,0.08754825102471248,C02A250352C1,440.0,246.5,5.02,84.6,96.0,,,,41,3,17,A线,,25,,
317-18,317-18#317@r0c0,317,240,11,0.10577420510167536,C02A250402B1,531.6,259.4,5.38,87.5,97.2,,,,41,3,17,A线,,25,,
317-18,317-18#317@r0c0,317,240,12,0.03183572764534999,C02A250454B3,160.0,140.3,3.09,70.9,90.9,,,,41,3,17,A线,,25,,
317-18,317-18#317@r0c0,317,240,13,0.04110788332205818,C02A250161A1,206.6,289.2,5.24,91.1,98.5,,,,41,3,17,A线,,25,,
317-18,317-18#318@r0c9,318,240,1,0.10468189168934641,C02A241751C1,530.8,286.4,5.68,90.4,98.5,,,,41,3,17,A线,,24,,
317-18,317-18#318@r0c9,318,240,2,0.04082357117500887,C02A241791A1,207.0,274.8,4.94,88.2,97.0,,,,41,3,17,A线,,24,,
317-18,317-18#318@r0c9,318,240,3,0.10219697866130241,C02A250051B2,518.2,281.0,4.86,87.8,96.8,,,,41,3,17,A线,,25,,
317-18,317-18#318@r0c9,318,240,4,0.07636177178243204,C02A250081F3,387.2,253.9,5.33,83.5,94.7,,,,41,3,17,A线,,25,,
317-18,317-18#318@r0c9,318,240,5,0.10476077781722085,C02A250152A2,531.2,257.4,6.0,85.9,96.4,,,,41,3,17,A线,,25,,
317-18,317-18#318@r0c9,318,240,6,0.04405790241785982,C02A250254A1,223.4,207.1,4.97,27.2,61.5,,,,41,3,17,A线,,25,,
317-18,317-18#318@r0c9,318,240,7,0.04646392931802942,C02A250271A1,235.6,277.7,4.66,89.3,97.4,,,,41,3,17,A线,,25,,
317-18,317-18#318@r0c9,318,240,8,0.07671675935786691,C02A250381B1,389.0,284.5,5.02,88.0,97.2,,,,41,3,17,A线,,25,,
317-18,317-18#318@r0c9,318,240,9,0.10125034512680944,C02A250381C2,513.4,281.0,4.91,89.9,98.2,,,,41,3,17,A线,,25,,
317-18,317-18#318@r0c9,318,240,10,0.09225732654912633,C02A250491B2,467.8,280.7,4.06,89.8,98.1,,,,41,3,17,A线,,25,,
317-18,317-18#318@r0c9,318,240,11,0.09651717745434464,C02A250503A1,489.4,180.5,4.2,83.6,97.3,,,,41,3,17,A线,,25,,
317-18,317-18#318@r0c9,318,240,12,0.0713130595984696,C02A250512B2,361.6,209.8,4.72,86.4,98.0,,,,41,3,17,A线,,25,,
317-18,317-18#318@r0c9,318,240,13,0.04259850905218317,C02A250523A1,216.0,204.0,4.57,83.1,97.1,,,,41,3,17,A线,,25,,
319,319#319@r0c0,319,160,1,0.09745271324029273,C02A250521C1,487.4,254.2,4.15,89.5,98.2,10.78,,25030209,42,3,19,A线,2503,25,2025,3
319,319#319@r0c0,319,160,2,0.08169712480505459,C02A250522B1,408.6,220.8,4.49,86.5,97.6,10.2,,25030213,42,3,19,A线,2503,25,2025,3
319,319#319@r0c0,319,160,3,0.1434398368456832,C02A250523B1,717.4,186.2,4.66,78.9,96.2,10.3,,25030215,42,3,19,A线,2503,25,2025,3
319,319#319@r0c0,319,160,4,0.1576358619586516,C02A250524A1,788.4,109.9,2.93,78.3,96.5,10.91,,25030217,42,3,19,A线,2503,25,2025,3
319,319#319@r0c0,319,160,5,0.06918062942376135,C02A250503B2,346.0,167.8,4.17,82.6,96.6,11.9,,25030188,42,3,19,A线,2503,25,2025,3
319,319#319@r0c0,319,160,6,0.1008517615067781,C02A250324C1,504.4,116.2,2.74,67.0,89.5,11.64,,25020286,42,3,19,A线,2502,25,2025,2
319,319#319@r0c0,319,160,7,0.08281681129283801,C02A241833B2,414.2,140.7,3.4,60.8,85.0,12.12,,24120352,42,3,19,A线,2412,24,2024,12
319,319#319@r0c0,319,160,8,0.04438757147998561,C02A250511A1,222.0,254.4,4.11,83.2,95.7,10.26,,25030191,42,3,19,A线,2503,25,2025,3
319,319#319@r0c0,319,160,9,0.1354820650217939,C02A250502B1,677.6,213.8,4.57,86.5,97.9,10.85,,25030185,42,3,19,A线,2503,25,2025,3
319,319#319@r0c0,319,160,10,0.08705562442516096,C02A250523B2,435.4,179.8,4.55,78.8,96.2,10.13,,25030216,42,3,19,A线,2503,25,2025,3
322-24,322-24#322@r0c0,322,200,1,0.10451864839018171,C02A250543B1,524.6,190.8,4.94,77.3,94.8,,,25030248,43,3,22,A线,2503,25,2025,3
322-24,322-24#322@r0c0,322,200,2,0.09726649665285304,C02A250543B2,488.2,190.2,4.97,77.5,95.0,,,25030249,43,3,22,A线,2503,25,2025,3
322-24,322-24#322@r0c0,322,200,3,0.10467803634045265,C02A250553A1,525.4,189.0,4.82,73.2,92.7,,,25030267,43,3,22,A线,2503,25,2025,3
322-24,322-24#322@r0c0,322,200,4,0.1532913611730953,C02A250542A1,769.4,236.9,4.77,83.2,96.5,,,25030245,43,3,22,A线,2503,25,2025,3
322-24,322-24#322@r0c0,322,200,5,0.10380140261396238,C02A250481E1,521.0,245.3,5.11,90.1,98.2,,,25030147,43,3,22,A线,2503,25,2025,3
322-24,322-24#322@r0c0,322,200,6,0.09937838699394326,C02A250443A1,498.8,196.3,5.13,83.3,96.2,,,25030086,43,3,22,A线,2503,25,2025,3
322-24,322-24#322@r0c0,322,200,7,0.14870895760280523,C02A250502A1,746.4,216.5,4.55,87.5,98.4,,,25030184,43,3,22,A线,2503,25,2025,3
322-24,322-24#322@r0c0,322,200,8,0.07427478482626713,C02A250422A3,372.8,228.3,5.84,85.9,97.0,,,25030052,43,3,22,A线,2503,25,2025,3
322-24,322-24#322@r0c0,322,200,9,0.049211029646158755,C02A250511D1,247.0,247.1,4.32,90.5,98.9,,,25030195,43,3,22,A线,2503,25,2025,3
322-24,322-24#322@r0c0,322,200,10,0.03259483583041122,C02A250541A1,163.6,274.2,4.11,89.1,98.1,,,25030239,43,3,22,A线,2503,25,2025,3
322-24,322-24#322@r0c0,322,200,11,0.0322760599298693,C02A250541B1,162.0,274.6,4.11,89.1,98.0,,,25030240,43,3,22,A线,2503,25,2025,3
322-24,322-24#323@r0c9,323,200,1,0.1116449861322708,C02A250521C2,571.6,244.9,4.15,89.3,98.0,,,25030210,43,3,22,A线,2503,25,2025,3
322-24,322-24#323@r0c9,323,200,2,0.09730848861283643,C02A250522A1,498.2,218.6,4.46,87.0,97.8,,,25030211,43,3,22,A线,2503,25,2025,3
322-24,322-24#323@r0c9,323,200,3,0.10434001328176883,C02A250522A2,534.2,220.8,4.49,87.1,97.9,,,25030212,43,3,22,A线,2503,25,2025,3
322-24,322-24#323@r0c9,323,200,4,0.10559006211180125,C02A250472B1,540.6,238.1,5.33,81.3,93.7,,,25030132,43,3,22,A线,2503,25,2025,3
322-24,322-24#323@r0c9,323,200,5,0.09551154341966482,C02A250472B2,489.0,231.1,5.27,81.4,93.9,,,25030133,43,3,22,A线,2503,25,2025,3
322-24,322-24#323@r0c9,323,200,6,0.10058986679167155,C02A250473A1,515.0,207.4,5.13,78.0,92.2,,,25030134,43,3,22,A线,2503,25,2025,3
322-24,322-24#323@r0c9,323,200,7,0.09742568069065198,C02A250463A1,498.8,186.1,4.89,73.4,91.9,,,25030115,43,3,22,A线,2503,25,2025,3
322-24,322-24#323@r0c9,323,200,8,0.09543341536778781,C02A250463A2,488.6,176.6,4.77,71.2,91.1,,,25030116,43,3,22,A线,2503,25,2025,3
322-24,322-24#323@r0c9,323,200,9,0.09558967147154185,C02A250281F3,489.4,220.2,5.11,86.3,97.0,,,25020158,43,3,22,A线,2502,25,2025,2
322-24,322-24#323@r0c9,323,200,10,0.09656627212000468,C02A250291F1,494.4,227.9,5.24,89.0,98.2,,,25020186,43,3,22,A线,2502,25,2025,2
322-24,322-24#324@r26c0,324,200,1,0.10114074550128535,C02A250553A2,503.6,159.2,4.2,71.0,92.2,,,25030268,43,3,22,A线,2503,25,2025,3
322-24,322-24#324@r26c0,324,200,2,0.09877088688946016,C02A250512B1,491.8,214.1,4.72,86.6,98.2,,,25030198,43,3,22,A线,2503,25,2025,3
322-24,322-24#324@r26c0,324,200,3,0.10330976863753213,C02A250503B1,514.4,166.7,4.15,83.2,97.0,,,25030187,43,3,22,A线,2503,25,2025,3
322-24,322-24#324@r26c0,324,200,4,0.10218508997429307,C02A250562C1,508.8,219.5,6.09,70.2,90.5,,,25030285,43,3,22,A线,2503,25,2025,3
322-24,322-24#324@r26c0,324,200,5,0.06659704370179949,C02A250521B2,331.6,271.8,3.91,89.5,98.1,,,25030208,43,3,22,A线,2503,25,2025,3
322-24,322-24#324@r26c0,324,200,6,0.10142191516709512,C02A250431C3,505.0,240.0,5.05,89.6,98.0,,,25030065,43,3,22,A线,2503,25,2025,3
322-24,322-24#324@r26c0,324,200,7,0.10519762210796915,C02A250463A3,523.8,176.1,4.77,71.4,91.1,,,25030117,43,3,22,A线,2503,25,2025,3
322-24,322-24#324@r26c0,324,200,8,0.10543862467866325,C02A250481D2,525.0,253.0,5.08,90.5,98.4,,,25030146,43,3,22,A线,2503,25,2025,3
322-24,322-24#324@r26c0,324,200,9,0.06748071979434447,C02A250482A1,336.0,247.8,5.38,87.4,96.9,,,25030148,43,3,22,A线,2503,25,2025,3
322-24,322-24#324@r26c0,324,200,10,0.04277795629820052,C02A250552A1,213.0,254.3,4.94,88.0,97.7,,,25030264,43,3,22,A线,2503,25,2025,3
322-24,322-24#324@r26c0,324,200,11,0.10567962724935734,C02A250552B1,526.2,226.4,5.13,82.3,96.4,,,25030265,43,3,22,A线,2503,25,2025,3
325,325#325@r0c0,325,220,1,0.09728622631848438,C02A241722A2,494.0,287.1,5.87,85.5,96.5,,,24120099,44,3,25,A线,2412,24,2024,12
325,325#325@r0c0,325,220,2,0.10016148725826145,C02A241751B2,508.6,298.5,5.41,90.5,98.2,,,24120154,44,3,25,A线,2412,24,2024,12
325,325#325@r0c0,325,220,3,0.10205206979400529,C02A250011C2,518.2,273.4,5.52,88.6,97.9,,,25010016,44,3,25,A线,2501,25,2025,1
325,325#325@r0c0,325,220,4,0.10929930284768995,C02A250051B3,555.0,279.2,4.82,87.9,96.9,,,25010118,44,3,25,A线,2501,25,2025,1
325,325#325@r0c0,325,220,5,0.03997794320374965,C02A250091A1,203.0,278.4,5.49,89.8,98.2,,,25010232,44,3,25,A线,2501,25,2025,1
325,325#325@r0c0,325,220,6,0.07117255504352278,C02A250092B3,361.4,221.4,5.79,49.0,75.8,,,25010248,44,3,25,A线,2501,25,2025,1
325,325#325@r0c0,325,220,7,0.10027964866674544,C02A250252A1,509.2,232.8,5.24,57.9,83.2,,,25020082,44,3,25,A线,2502,25,2025,2
325,325#325@r0c0,325,220,8,0.07778959391862618,C02A250311F3,395.0,255.5,5.92,84.2,95.3,,,25020244,44,3,25,A线,2502,25,2025,2
325,325#325@r0c0,325,220,9,0.0550238292173776,C02A250391A1,279.4,294.6,4.63,93.0,98.6,,,25020461,44,3,25,A线,2502,25,2025,2
325,325#325@r0c0,325,220,10,0.15156169994879673,C02A250454A1,769.6,139.4,3.61,77.7,94.7,,,25030101,44,3,25,A线,2503,25,2025,3
325,325#325@r0c0,325,220,11,,C02A250454A2,0.0,137.1,3.55,77.4,94.4,,,25030102,44,3,25,A线,2503,25,2025,3
325,325#325@r0c0,325,220,12,0.09539564378274056,C02A250344B1,484.4,139.8,3.65,71.8,90.9,,,25020342,44,3,25,A线,2502,25,2025,2
326-27,326-27#326@r0c0,326,140,1,0.0354866974669428,C02A241854B2,178.2,132.9,3.28,52.2,80.4,,,24120405,45,3,26,A线,2412,24,2024,12
326-27,326-27#326@r0c0,326,140,2,0.10176039509319738,C02A250134C3,511.0,101.8,2.83,68.8,89.7,,,25010369,45,3,26,A线,2501,25,2025,1
326-27,326-27#326@r0c0,326,140,3,,C02A250154C2,0.0,102.7,2.74,69.9,90.2,,,25010422,45,3,26,A线,2501,25,2025,1
326-27,326-27#326@r0c0,326,140,4,0.06503903138441931,C02A250333A2,326.6,184.1,5.19,63.0,86.1,,,25020309,45,3,26,A线,2502,25,2025,2
326-27,326-27#326@r0c0,326,140,5,0.08877648558228453,C02A250362A1,445.8,245.9,5.84,87.4,97.4,,,25020387,45,3,26,A线,2502,25,2025,2
326-27,326-27#326@r0c0,326,140,6,0.1013621156603473,C02A250392A2,509.0,237.4,5.79,83.0,94.8,,,25020470,45,3,26,A线,2502,25,2025,2
326-27,326-27#326@r0c0,326,140,7,0.10327385693802772,C02A250544A1,518.6,141.3,3.61,74.6,94.4,,,25030250,45,3,26,A线,2503,25,2025,3
326-27,326-27#326@r0c0,326,140,8,0.10841166162179385,C02A250554B3,544.4,102.2,2.8,70.8,93.8,,,25030272,45,3,26,A线,2503,25,2025,3
326-27,326-27#326@r0c0,326,140,9,0.08622749721204397,C02A250581D2,433.0,247.9,5.24,90.0,98.5,,,25030314,45,3,26,A线,2503,25,2025,3
326-27,326-27#326@r0c0,326,140,10,0.10255695395889755,C02A250584B1,515.0,142.4,3.28,80.2,95.4,,,25030326,45,3,26,A线,2503,25,2025,3
326-27,326-27#326@r0c0,326,140,11,0.10474749083957303,C02A250584B2,526.0,124.3,3.03,82.7,97.3,,,25030327,45,3,26,A线,2503,25,2025,3
326-27,326-27#326@r0c0,326,140,12,0.1023578142424725,C02A250554B2,514.0,103.4,2.8,70.4,93.3,,,25030271,45,3,26,A线,2503,25,2025,3
326-27,326-27#327@r0c9,327,140,1,0.09157062502458403,C02A241844E1,465.6,103.9,2.83,57.5,82.3,,,24120384,45,3,26,A线,2412,24,2024,12
326-27,326-27#327@r0c9,327,140,2,0.10230893285607522,C02A250134A1,520.2,137.1,3.94,68.1,88.8,,,25010362,45,3,26,A线,2501,25,2025,1
326-27,326-27#327@r0c9,327,140,3,,C02A250232A1,0.0,211.9,4.86,87.8,97.4,,,25020016,45,3,26,A线,2502,25,2025,2
326-27,326-27#327@r0c9,327,140,4,0.10313495653542067,C02A250332A1,524.4,241.2,5.98,81.6,94.8,,,25020304,45,3,26,A线,2502,25,2025,2
326-27,326-27#327@r0c9,327,140,5,0.0761515163434685,C02A250361E3,387.2,247.5,5.55,90.1,98.0,,,25020386,45,3,26,A线,2502,25,2025,2
326-27,326-27#327@r0c9,327,140,6,0.09007591550957793,C02A250454A2,458.0,137.1,3.55,77.4,94.4,,,25030102,45,3,26,A线,2503,25,2025,3
326-27,326-27#327@r0c9,327,140,7,,C02A250474C1,0.0,104.4,2.83,72.1,91.6,,,25030139,45,3,26,A线,2503,25,2025,3
326-27,326-27#327@r0c9,327,140,8,0.10510167958148132,C02A250474C2,534.4,104.3,2.83,71.6,90.9,,,25030140,45,3,26,A线,2503,25,2025,3
326-27,326-27#327@r0c9,327,140,9,0.06875663769028045,C02A250484A1,349.6,135.9,3.43,78.1,94.1,,,25030153,45,3,26,A线,2503,25,2025,3
326-27,326-27#327@r0c9,327,140,10,0.04960075522164968,C02A250512A2,252.2,236.5,4.55,88.4,98.2,,,25030197,45,3,26,A线,2503,25,2025,3
326-27,326-27#327@r0c9,327,140,11,0.09802147661566298,C02A250584A3,498.4,131.3,3.24,80.6,96.0,,,25030325,45,3,26,A线,2503,25,2025,3
326-27,326-27#327@r0c9,327,140,12,0.11788537938087557,C02A250574C2,599.4,113.5,2.93,68.1,90.8,,,25030309,45,3,26,A线,2503,25,2025,3
326-27,326-27#327@r0c9,327,140,13,0.09739212524092357,C02A250241E1,495.2,219.0,4.8,90.1,98.7,,,25020039,45,3,26,A线,2502,25,2025,2
328-29,328-29#328@r0c0,328,240,1,0.12624288894385358,C02A241751C2,510.4,279.4,5.73,90.4,98.2,,,24120157,46,3,28,A线,2412,24,2024,12
328-29,328-29#328@r0c0,328,240,2,0.12134553549344547,C02A241871B1,490.6,270.7,5.35,86.0,95.8,,,24120427,46,3,28,A线,2412,24,2024,12
328-29,328-29#328@r0c0,328,240,3,,C02A241884B2,0.0,135.3,3.43,54.2,80.9,,,24120477,46,3,28,A线,2412,24,2024,12
328-29,328-29#328@r0c0,328,240,4,0.12678703932723226,C02A250021B1,512.6,285.3,5.13,90.2,97.8,,,25010037,46,3,28,A线,2501,25,2025,1
328-29,328-29#328@r0c0,328,240,5,0.1297056641108088,C02A250031D1,524.4,277.1,5.35,90.7,98.3,,,25010067,46,3,28,A线,2501,25,2025,1
328-29,328-29#328@r0c0,328,240,6,0.11367796190947317,C02A250401B3,459.6,280.6,5.11,90.2,98.2,,,25030009,46,3,28,A线,2503,25,2025,3
328-29,328-29#328@r0c0,328,240,7,,C02A250441B1,,285.8,4.86,91.3,98.6,,,25030078,46,3,28,A线,2503,25,2025,3
328-29,328-29#328@r0c0,328,240,8,,C02A250504A2,,185.3,4.49,72.1,91.0,,,25030190,46,3,28,A线,2503,25,2025,3
328-29,328-29#328@r0c0,328,240,9,0.1329210981944101,C02A250601B3,537.4,277.7,4.55,93.1,99.1,,,25030350,46,3,28,A线,2503,25,2025,3
328-29,328-29#328@r0c0,328,240,10,0.12080138511006677,C02A250591D1,488.4,259.6,4.86,88.2,97.3,,,25030335,46,3,28,A线,2503,25,2025,3
328-29,328-29#328@r0c0,328,240,11,0.1285184269107099,C02A250604B1,519.6,137.6,3.58,80.5,96.0,,,25030360,46,3,28,A线,2503,25,2025,3
328-29,328-29#329@r26c0,329,160,1,0.08628379711861062,C02A250633A1,437.2,136.4,3.67,80.6,96.2,,,25030419,46,3,28,A线,2503,25,2025,3
328-29,328-29#329@r26c0,329,160,2,0.09666469311229525,C02A250633B1,489.8,121.5,3.28,75.0,92.9,,,25030420,46,3,28,A线,2503,25,2025,3
328-29,328-29#329@r26c0,329,160,3,0.08959936846260115,C02A250633B2,454.0,121.0,3.24,74.3,92.4,,,25030421,46,3,28,A线,2503,25,2025,3
328-29,328-29#329@r26c0,329,160,4,0.15172686007499506,C02A250634A1,768.8,105.0,2.8,69.5,90.0,,,25030422,46,3,28,A线,2503,25,2025,3
328-29,328-29#329@r26c0,329,160,5,0.09571738701401224,C02A250603A1,485.0,183.0,4.66,77.2,93.2,,,25030357,46,3,28,A线,2503,25,2025,3
328-29,328-29#329@r26c0,329,160,6,0.076850207223209,C02A250542B1,389.4,234.3,4.75,82.9,95.8,,,25030246,46,3,28,A线,2503,25,2025,3
328-29,328-29#329@r26c0,329,160,7,0.045352279455298995,C02A250543A1,229.8,218.9,4.69,80.7,95.6,,,25030247,46,3,28,A线,2503,25,2025,3
328-29,328-29#329@r26c0,329,160,8,0.06982435366094336,C02A250293A4,353.8,133.3,3.498,64.7,88.6,,,25020201,46,3,28,A线,2502,25,2025,2
328-29,328-29#329@r26c0,329,160,9,,C02A250351C2,0.0,271.5,4.32,90.7,98.1,,,25020351,46,3,28,A线,2502,25,2025,2
328-29,328-29#329@r26c0,329,160,10,0.09974343793171501,C02A250613A2,505.4,189.0,4.77,81.8,95.7,,,25030377,46,3,28,A线,2503,25,2025,3
328-29,328-29#329@r26c0,329,160,11,,C02A250481A1,0.0,280.5,4.66,92.0,98.7,,,25030141,46,3,28,A线,2503,25,2025,3
328-29,328-29#329@r26c0,329,160,12,0.05604894414841129,C02A250481B1,284.0,284.0,4.63,91.7,98.5,,,25030142,46,3,28,A线,2503,25,2025,3
328-29,328-29#329@r26c0,329,160,13,0.045628577067298205,C02A250621B1,231.2,276.6,4.66,92.6,99.0,,,25030386,46,3,28,A线,2503,25,2025,3
328-29,328-29#329@r26c0,329,160,14,0.08656009473060983,C02A250621D2,438.6,271.7,4.55,93.4,99.5,,,25030390,46,3,28,A线,2503,25,2025,3
401-403,401-403#402@r0c0,402,200,1,0.060891148564794426,C02A250632B1,304.2,217.0,5.16,87.4,98.1,,,25030415,47,4,1,A线,2503,25,2025,3
401-403,401-403#402@r0c0,402,200,2,0.15829296609151686,C02A250632C1,790.8,218.1,5.44,86.8,97.7,,,25030416,47,4,1,A线,2503,25,2025,3
401-403,401-403#402@r0c0,402,200,3,0.14283998558789382,C02A250632C2,713.6,212.3,5.63,85.6,97.3,,,25030417,47,4,1,A线,2503,25,2025,3
401-403,401-403#402@r0c0,402,200,4,0.06961847952279915,C02A250632D1,347.8,186.2,4.97,82.8,96.4,,,25030418,47,4,1,A线,2503,25,2025,3
401-403,401-403#402@r0c0,402,200,5,0.0992033307978702,C02A250641C1,495.6,260.5,4.26,90.4,98.7,,,25030427,47,4,1,A线,2503,25,2025,3
401-403,401-403#402@r0c0,402,200,6,0.10104487769726571,C02A250631D1,504.8,211.9,4.55,88.7,98.8,,,25030411,47,4,1,A线,2503,25,2025,3
401-403,401-403#402@r0c0,402,200,7,0.10100484406901798,C02A250632A1,504.6,200.6,4.75,87.4,98.6,,,25030413,47,4,1,A线,2503,25,2025,3
401-403,401-403#402@r0c0,402,200,8,0.06381360342687858,C02A250632A2,318.8,201.9,4.72,87.0,98.3,,,25030414,47,4,1,A线,2503,25,2025,3
401-403,401-403#402@r0c0,402,200,9,0.10428760158533168,C02A250593B1,521.0,184.2,4.72,77.8,94.1,,,25030340,47,4,1,A线,2503,25,2025,3
401-403,401-403#402@r0c0,402,200,10,0.09900316265663157,C02A250641B2,494.6,264.1,4.29,90.5,98.6,,,25030426,47,4,1,A线,2503,25,2025,3
401-403,401-403#401@r0c9,401,200,1,0.15454545454545454,C02A250642A1,809.2,189.9,4.03,88.4,98.2,,,25030432,47,4,1,A线,2503,25,2025,3
401-403,401-403#401@r0c9,401,200,2,0.08682200152788389,C02A250622A1,454.6,209.7,5.22,85.8,97.3,,,25030394,47,4,1,A线,2503,25,2025,3
401-403,401-403#401@r0c9,401,200,3,0.03437738731856379,C02A250622A2,180.0,212.4,5.35,85.4,97.2,,,25030395,47,4,1,A线,2503,25,2025,3
401-403,401-403#401@r0c9,401,200,4,0.10019098548510313,C02A250622C1,524.6,187.6,5.08,83.0,96.7,,,25030397,47,4,1,A线,2503,25,2025,3
401-403,401-403#401@r0c9,401,200,5,0.09113827349121467,C02A250621F1,477.2,247.7,5.0,90.4,98.3,,,25030393,47,4,1,A线,2503,25,2025,3
401-403,401-403#401@r0c9,401,200,6,0.09793735676088616,C02A250613A1,512.8,203.8,5.11,83.8,96.5,,,25030376,47,4,1,A线,2503,25,2025,3
401-403,401-403#401@r0c9,401,200,7,0.032391138273491216,C02A250613A3,169.6,187.2,4.69,80.9,95.4,,,25030378,47,4,1,A线,2503,25,2025,3
401-403,401-403#401@r0c9,401,200,8,0.09602750190985486,C02A250602A1,502.8,247.8,5.22,86.7,96.6,,,25030354,47,4,1,A线,2503,25,2025,3
401-403,401-403#401@r0c9,401,200,9,0.09751718869365929,C02A250661C2,510.6,234.3,4.66,89.9,98.3,,,25030468,47,4,1,A线,2503,25,2025,3
401-403,401-403#401@r0c9,401,200,10,0.04644766997708174,C02A250631D2,243.2,207.4,4.57,88.6,98.8,,,25030412,47,4,1,A线,2503,25,2025,3
401-403,401-403#401@r0c9,401,200,11,0.06279602750190985,C02A250482B2,328.8,228.4,5.55,82.4,95.0,,,25030150,47,4,1,A线,2503,25,2025,3
401-403,401-403#401@r0c9,401,200,12,,C02A250431C2,0.0,239.3,5.02,89.8,98.1,,,25030064,47,4,1,A线,2503,25,2025,3
401-403,401-403#401@r0c9,401,200,13,0.09980901451489688,C02A250412A2,522.6,239.6,5.33,87.7,97.5,,,25030033,47,4,1,A线,2503,25,2025,3
401-403,401-403#403@r27c0,403,200,1,0.0798245954441383,C02A250661D1,411.4,214.5,4.72,88.2,98.1,,,25030469,47,4,1,A线,2503,25,2025,3
401-403,401-403#403@r27c0,403,200,2,0.15685513601614343,C02A250662A1,808.4,209.2,5.02,83.4,95.5,,,25030470,47,4,1,A线,2503,25,2025,3
401-403,401-403#403@r27c0,403,200,3,0.09880088478404284,C02A250662A2,509.2,205.5,5.02,83.3,95.9,,,25030471,47,4,1,A线,2503,25,2025,3
401-403,401-403#403@r27c0,403,200,4,0.09406651402848383,C02A250662B1,484.8,205.2,5.19,84.3,96.2,,,25030472,47,4,1,A线,2503,25,2025,3
401-403,401-403#403@r27c0,403,200,5,0.09922775427839652,C02A250651C2,511.4,239.3,4.66,90.0,98.7,,,25030447,47,4,1,A线,2503,25,2025,3
401-403,401-403#403@r27c0,403,200,6,0.15293569793162326,C02A250611D1,788.2,254.5,5.38,92.8,99.6,,,25030371,47,4,1,A线,2503,25,2025,3
401-403,401-403#403@r27c0,403,200,7,0.08719779580115643,C02A250652A2,449.4,202.8,4.77,87.8,98.2,,,25030451,47,4,1,A线,2503,25,2025,3
401-403,401-403#403@r27c0,403,200,8,0.06368116729403546,C02A250641E1,328.2,189.3,3.91,88.5,98.3,,,25030431,47,4,1,A线,2503,25,2025,3
401-403,401-403#403@r27c0,403,200,9,0.06651402848383717,C02A250642C1,342.8,212.7,5.11,80.8,95.1,,,25030436,47,4,1,A线,2503,25,2025,3
401-403,401-403#403@r27c0,403,200,10,0.10089642593814273,C02A250642B1,520.0,204.7,4.63,83.4,96.1,,,25030434,47,4,1,A线,2503,25,2025,3
404,404#404@r0c0,404,160,1,0.13584633320379724,C02A250641C2,489.4,208.5,3.97,89.0,98.4,11.25,,25030428,48,4,4,A线,2503,25,2025,3
404,404#404@r0c0,404,160,2,0.10398045855770834,C02A250641C3,374.6,212.3,3.97,89.1,98.5,11.37,,25030429,48,4,4,A线,2503,25,2025,3
404,404#404@r0c0,404,160,3,0.08416143896075057,C02A250641D1,303.2,192.4,3.89,88.4,98.2,11.55,,25030430,48,4,4,A线,2503,25,2025,3
404,404#404@r0c0,404,160,4,0.13301504468994615,C02A250642A2,479.2,190.8,4.15,87.1,98.0,10.91,,25030433,48,4,4,A线,2503,25,2025,3
404,404#404@r0c0,404,160,5,0.06090046077832677,C02A250654A4,219.4,130.5,3.46,78.7,95.0,12.65,,25030462,48,4,4,A线,2503,25,2025,3
404,404#404@r0c0,404,160,6,0.06289901737633931,C02A250603A2,226.6,175.4,4.46,75.5,92.4,10.21,,25030358,48,4,4,A线,2503,25,2025,3
404,404#404@r0c0,404,160,7,0.06423138844168101,C02A250604A1,231.4,148.0,3.82,79.6,95.1,11.34,,25030359,48,4,4,A线,2503,25,2025,3
404,404#404@r0c0,404,160,8,0.0681729861766502,C02A250304A2,245.6,146.5,3.77,64.4,88.0,10.69,,25020225,48,4,4,A线,2502,25,2025,2
404,404#404@r0c0,404,160,9,0.14078720923777271,C02A250193A1,507.2,166.7,4.06,54.2,82.7,11.2,,25010526,48,4,4,A线,2501,25,2025,1
404,404#404@r0c0,404,160,10,0.1460056625770277,C02A250614A2,526.0,158.9,3.79,85.6,97.7,11.74,,25030380,48,4,4,A线,2503,25,2025,3
405,405#405@r0c0,405,160,1,0.08071694935642969,C02A250101G1,402.6,264.0,5.11,86.4,95.8,11.02,,25010269,49,4,5,A线,2501,25,2025,1
405,405#405@r0c0,405,160,2,,C02A250264B2,0.0,115.9,2.99,59.1,79.8,11.07,,25020115,49,4,5,A线,2502,25,2025,2
405,405#405@r0c0,405,160,3,0.07261718593367816,C02A250343A3,362.2,173.6,5.08,71.3,91.1,11.26,,25020338,49,4,5,A线,2502,25,2025,2
405,405#405@r0c0,405,160,4,0.06720397770560166,C02A250471D3,335.2,263.5,5.16,87.3,96.8,11.85,,25030130,49,4,5,A线,2503,25,2025,3
405,405#405@r0c0,405,160,5,0.09675608484702675,C02A250482B1,482.6,225.3,5.52,82.4,94.9,11.65,,25030149,49,4,5,A线,2503,25,2025,3
405,405#405@r0c0,405,160,6,0.10068567304222302,C02A250514C1,502.2,89.1,2.48,72.1,94.6,10.91,,25030205,49,4,5,A线,2503,25,2025,3
405,405#405@r0c0,405,160,7,,C02A250534B1,0.0,88.0,2.44,75.9,96.9,12.15,,25030235,49,4,5,A线,2503,25,2025,3
405,405#405@r0c0,405,160,8,0.15882753919563736,C02A250551B2,792.2,274.0,4.63,91.6,98.6,11.72,,25030261,49,4,5,A线,2503,25,2025,3
405,405#405@r0c0,405,160,9,0.10658005533501744,C02A250653A1,531.6,159.8,4.29,78.3,94.3,11.21,,25030456,49,4,5,A线,2503,25,2025,3
405,405#405@r0c0,405,160,10,0.10710132723846186,C02A250654A1,534.2,135.5,3.55,78.3,94.7,11.89,,25030459,49,4,5,A线,2503,25,2025,3
405,405#405@r0c0,405,160,11,0.10405389149524841,C02A250084B1,519.0,112.7,2.64,67.1,87.5,10.95,,25010230,49,4,5,A线,2501,25,2025,1
405,405#405@r0c0,405,160,12,0.10545731585067565,C02A250184B3,526.0,92.6,2.44,73.6,92.2,11.87,,25010504,49,4,5,A线,2501,25,2025,1
405,405#405@r0c9,405,160,1,0.10326236669159025,C02A250021C2,524.8,278.7,5.22,90.5,97.9,11.87,,25010040,49,4,5,A线,2501,25,2025,1
405,405#405@r0c9,405,160,2,0.059147613238361346,C02A250083B1,300.6,91.3,2.48,51.4,77.1,9.6,,25010226,49,4,5,A线,2501,25,2025,1
405,405#405@r0c9,405,160,3,0.10070441934595255,C02A250111D1,511.8,274.3,4.94,92.1,98.7,10.91,,25010292,49,4,5,A线,2501,25,2025,1
405,405#405@r0c9,405,160,4,0.10235724686159539,C02A250134F2,520.2,93.0,2.51,69.5,90.2,10.81,,25010374,49,4,5,A线,2501,25,2025,1
405,405#405@r0c9,405,160,5,0.10078312541812602,C02A250263B2,512.2,178.6,4.8,71.2,90.1,11.71,,25020108,49,4,5,A线,2502,25,2025,2
405,405#405@r0c9,405,160,6,,C02A250281F2,0.0,219.4,5.08,86.4,97.1,11.73,,25020157,49,4,5,A线,2502,25,2025,2
405,405#405@r0c9,405,160,7,,C02A250324A3,0.0,118.7,3.03,64.0,88.3,11.87,,25020284,49,4,5,A线,2502,25,2025,2
405,405#405@r0c9,405,160,8,0.15245366180000786,C02A250483A1,774.8,151.5,3.89,81.0,95.6,11.48,,25030151,49,4,5,A线,2503,25,2025,3
405,405#405@r0c9,405,160,9,0.06792334028570304,C02A250584C1,345.2,124.0,2.99,83.3,98.0,11.04,,25030328,49,4,5,A线,2503,25,2025,3
405,405#405@r0c9,405,160,10,0.06127267718704498,C02A250584C2,311.4,126.5,3.03,83.7,97.4,11.71,,25030329,49,4,5,A线,2503,25,2025,3
405,405#405@r0c9,405,160,11,,C02A250621E2,0.0,257.5,5.11,90.6,98.3,11.61,,25030392,49,4,5,A线,2503,25,2025,3
405,405#405@r0c9,405,160,12,0.09708394002597301,C02A250084A2,493.4,122.4,2.8,64.9,85.9,10.45,,25010228,49,4,5,A线,2501,25,2025,1
405,405#405@r0c9,405,160,13,0.0552910157018614,C02A241711B3,281.0,282.1,5.3,91.1,98.4,11.01,,24120075,49,4,5,A线,2412,24,2024,12
405,405#405@r0c9,405,160,14,0.0997205934437842,C02A250272A1,506.8,219.5,5.16,85.1,96.8,,,25020129,49,4,5,A线,2502,25,2025,2
405,405#405@r0c9,405,160,15,,C02A250552B2,0.0,216.9,5.2,78.3,94.2,,,25030266,49,4,5,A线,2503,25,2025,3
406-409,406-409#406@r0c0,406,200,1,0.04056355472983434,C02A250144A1,209.6,226.0,6.03,72.8,91.2,,,25010394,50,4,6,A线,2501,25,2025,1
406-409,406-409#406@r0c0,406,200,2,0.09312587087784487,C02A250272A2,481.2,217.7,5.22,84.9,96.7,,,25020130,50,4,6,A线,2502,25,2025,2
406-409,406-409#406@r0c0,406,200,3,0.09800278680910357,C02A250292A1,506.4,218.2,5.24,87.3,97.7,,,25020189,50,4,6,A线,2502,25,2025,2
406-409,406-409#406@r0c0,406,200,4,0.09819631521907415,C02A250343A1,507.4,200.7,6.16,66.4,88.3,,,25020336,50,4,6,A线,2502,25,2025,2
406-409,406-409#406@r0c0,406,200,5,0.10009289363678589,C02A250584A2,517.2,150.7,3.58,77.9,94.6,,,25030324,50,4,6,A线,2503,25,2025,3
406-409,406-409#406@r0c0,406,200,6,0.06812200030964546,C02A250601D1,352.0,247.7,4.69,89.9,98.2,,,25030352,50,4,6,A线,2503,25,2025,3
406-409,406-409#406@r0c0,406,200,7,0.10133147546059762,C02A250631C2,523.6,247.8,4.49,91.4,99.4,,,25030409,50,4,6,A线,2503,25,2025,3
406-409,406-409#406@r0c0,406,200,8,0.04803375135469887,C02A250651C4,248.2,219.4,4.72,89.0,98.5,,,25030449,50,4,6,A线,2503,25,2025,3
406-409,406-409#406@r0c0,406,200,9,,C02A250671C2,0.0,222.3,4.52,90.4,98.9,,,25030487,50,4,6,A线,2503,25,2025,3
406-409,406-409#406@r0c0,406,200,10,0.06247097073850442,C02A250682A2,322.8,217.7,4.89,85.0,96.9,,,25040022,50,4,6,A线,2504,25,2025,4
406-409,406-409#406@r0c0,406,200,11,0.09935748567889766,C02A250712A2,513.4,224.7,5.33,87.3,97.5,,,25040077,50,4,6,A线,2504,25,2025,4
406-409,406-409#406@r0c0,406,200,12,,C02A250431C2,0.0,239.3,5.02,89.8,98.1,,,25030064,50,4,6,A线,2503,25,2025,3
406-409,406-409#406@r0c0,406,200,13,0.09602879702740362,C02A250751D1,496.2,227.3,4.2,91.1,98.9,,,25040145,50,4,6,A线,2504,25,2025,4
406-409,406-409#406@r0c0,406,200,14,0.09467409815760953,C02A250342A2,489.2,241.2,5.66,79.0,93.8,,,25020332,50,4,6,A线,2502,25,2025,2
406-409,406-409#407@r0c10,407,200,1,0.10656847133757961,C02A250121D2,535.4,247.6,4.86,91.7,98.7,,,25010319,50,4,6,A线,2501,25,2025,1
406-409,406-409#407@r0c10,407,200,2,,C02A250272B1,0.0,203.3,5.05,75.8,92.3,,,25020132,50,4,6,A线,2502,25,2025,2
406-409,406-409#407@r0c10,407,200,3,0.09952229299363058,C02A250281F1,500.0,245.7,4.72,87.6,97.2,,,25020156,50,4,6,A线,2502,25,2025,2
406-409,406-409#407@r0c10,407,200,4,,C02A250292A2,0.0,217.8,5.27,87.3,97.8,,,25020190,50,4,6,A线,2502,25,2025,2
406-409,406-409#407@r0c10,407,200,5,0.10298566878980892,C02A250322A2,517.4,235.2,6.03,75.5,91.9,,,25020275,50,4,6,A线,2502,25,2025,2
406-409,406-409#407@r0c10,407,200,6,0.09637738853503185,C02A250322B2,484.2,218.4,5.66,70.8,90.0,,,25020278,50,4,6,A线,2502,25,2025,2
406-409,406-409#407@r0c10,407,200,7,0.10334394904458599,C02A250584A1,519.2,150.5,3.97,76.3,94.1,,,25030323,50,4,6,A线,2503,25,2025,3
406-409,406-409#407@r0c10,407,200,8,0.08515127388535032,C02A250593B2,427.8,186.9,4.8,77.1,94.0,,,25030341,50,4,6,A线,2503,25,2025,3
406-409,406-409#407@r0c10,407,200,9,,C02A250691C3,0.0,232.2,4.61,91.0,98.9,,,25040039,50,4,6,A线,2504,25,2025,4
406-409,406-409#407@r0c10,407,200,10,0.10155254777070064,C02A250701C1,510.2,218.2,4.61,90.4,99.1,,,25040053,50,4,6,A线,2504,25,2025,4
406-409,406-409#407@r0c10,407,200,11,0.10179140127388535,C02A250241E2,511.4,209.6,4.8,88.8,98.0,,,25020040,50,4,6,A线,2502,25,2025,2
406-409,406-409#407@r0c10,407,200,12,0.10075636942675159,C02A250262A3,506.2,209.8,4.77,88.5,97.8,,,25020100,50,4,6,A线,2502,25,2025,2
406-409,406-409#407@r0c10,407,200,13,0.10195063694267517,C02A250342A1,512.2,246.3,5.35,82.2,95.0,,,25020331,50,4,6,A线,2502,25,2025,2
406-409,406-409#408@r26c0,408,220,1,0.09268349696119682,C02A250102A1,475.8,260.0,5.13,86.2,95.8,,,25010270,50,4,6,A线,2501,25,2025,1
406-409,406-409#408@r26c0,408,220,2,0.04678977715443353,C02A250171D3,240.2,259.9,5.11,90.8,98.4,,,25010462,50,4,6,A线,2501,25,2025,1
406-409,406-409#408@r26c0,408,220,3,0.06638616175783076,C02A250172B1,340.8,241.7,5.19,76.9,92.0,,,25010466,50,4,6,A线,2501,25,2025,1
406-409,406-409#408@r26c0,408,220,4,0.09412498052049244,C02A250172C1,483.2,241.8,5.27,73.9,90.2,,,25010467,50,4,6,A线,2501,25,2025,1
406-409,406-409#408@r26c0,408,220,5,0.09416393953560853,C02A250193A2,483.4,156.7,3.99,54.6,83.2,,,25010527,50,4,6,A线,2501,25,2025,1
406-409,406-409#408@r26c0,408,220,6,0.09576125915536855,C02A250211E1,491.6,256.4,4.43,89.7,98.1,,,25010574,50,4,6,A线,2501,25,2025,1
406-409,406-409#408@r26c0,408,220,7,0.10390369331463299,C02A250321G1,533.4,254.2,5.0,86.2,96.6,,,25020273,50,4,6,A线,2502,25,2025,2
406-409,406-409#408@r26c0,408,220,8,0.0982546361227988,C02A250363A1,504.4,209.2,5.87,68.3,89.6,,,25020393,50,4,6,A线,2502,25,2025,2
406-409,406-409#408@r26c0,408,220,9,,C02A250384A1,0.0,235.1,5.49,83.5,96.0,,,25020458,50,4,6,A线,2502,25,2025,2
406-409,406-409#408@r26c0,408,220,10,0.09918965248558516,C02A250631C1,509.2,249.1,4.49,91.1,99.3,,,25030408,50,4,6,A线,2503,25,2025,3
406-409,406-409#408@r26c0,408,220,11,0.10386473429951691,C02A250681E1,533.2,251.1,4.89,89.7,98.3,,,25040018,50,4,6,A线,2504,25,2025,4
406-409,406-409#408@r26c0,408,220,12,0.10487766869253544,C02A250383A2,538.4,238.2,5.63,85.3,96.4,,,25020456,50,4,6,A线,2502,25,2025,2
406-409,406-409#409@r26c10,409,220,1,0.10121086592846332,C02A250042B2,508.2,256.9,5.16,83.2,94.6,,,25010100,50,4,6,A线,2501,25,2025,1
406-409,406-409#409@r26c10,409,220,2,0.09846251891978013,C02A250042B3,494.4,257.2,5.16,83.3,94.7,,,25010101,50,4,6,A线,2501,25,2025,1
406-409,406-409#409@r26c10,409,220,3,0.10093204811598822,C02A250251D3,506.8,260.4,3.91,90.0,97.6,,,25020076,50,4,6,A线,2502,25,2025,2
406-409,406-409#409@r26c10,409,220,4,0.09826336333944077,C02A250322A1,493.4,235.2,6.03,76.1,92.2,,,25020274,50,4,6,A线,2502,25,2025,2
406-409,406-409#409@r26c10,409,220,5,0.10411853740141798,C02A250363A2,522.8,202.8,5.79,68.5,89.8,,,25020394,50,4,6,A线,2502,25,2025,2
406-409,406-409#409@r26c10,409,220,6,0.10360073289253566,C02A250363B1,520.2,190.6,5.57,68.5,89.9,,,25020395,50,4,6,A线,2502,25,2025,2
406-409,406-409#409@r26c10,409,220,7,0.09244802039353142,C02A250531C1,464.2,259.3,4.23,87.2,98.2,,,25030226,50,4,6,A线,2503,25,2025,3
406-409,406-409#409@r26c10,409,220,8,0.10093204811598822,C02A250631C3,506.8,239.7,4.49,90.2,98.9,,,25030410,50,4,6,A线,2503,25,2025,3
406-409,406-409#409@r26c10,409,220,9,0.0982235322233729,C02A250691C1,493.2,244.2,4.49,91.5,98.9,,,25040037,50,4,6,A线,2504,25,2025,4
406-409,406-409#409@r26c10,409,220,10,0.1018083326694814,C02A250701D1,511.2,243.5,4.69,91.4,99.1,,,25040055,50,4,6,A线,2504,25,2025,4
410,410#410@r0c0,410,180,1,0.5011995201919233,C02A250762A2,501.4,186.2,4.41,82.8,95.7,,,25040168,51,4,10,A线,2504,25,2025,4
410,410#410@r0c0,410,180,2,0.4988004798080768,C02A250762A3,499.0,192.7,4.46,83.4,96.3,,,25040169,51,4,10,A线,2504,25,2025,4
410,410#411@r26c0,411,240,1,0.1919742192894959,C02A241671B1,500.4,288.8,5.46,83.0,96.7,,,,51,4,10,A线,,24,,
410,410#411@r26c0,411,240,2,0.19412261183150464,C02A241681C1,506.0,288.8,5.11,90.3,97.8,,,,51,4,10,A线,,24,,
410,410#411@r26c0,411,240,3,0.09583365303460448,C02A241691B1,249.8,282.3,4.82,90.9,98.2,,,,51,4,10,A线,,24,,
410,410#411@r26c0,411,240,4,0.18084861505409344,C02A241691C1,471.4,281.9,4.97,91.6,98.6,,,,51,4,10,A线,,24,,
410,410#411@r26c0,411,240,5,0.19090002301849154,C02A241691C2,497.6,281.7,4.91,91.1,98.2,,,,51,4,10,A线,,24,,
410,410#411@r26c0,411,240,6,0.14632087777181002,C02A241691D4,381.4,266.2,5.24,90.2,98.3,,,,51,4,10,A线,,24,,
JK4,JK4#401@r0c0,401,240,1,0.10711580625872034,C02A250031C1,537.4,279.2,5.16,90.8,98.2,,,25010064,52,4,1,A线,2501,25,2025,1
JK4,JK4#401@r0c0,401,240,2,0.10444488738289814,C02A250071D2,524.0,261.8,4.91,90.8,98.4,,,25010182,52,4,1,A线,2501,25,2025,1
JK4,JK4#401@r0c0,401,240,3,0.10332868247956946,C02A250302B1,518.4,231.7,5.79,70.7,89.9,,,25020219,52,4,1,A线,2502,25,2025,2
JK4,JK4#401@r0c0,401,240,4,0.047239386087303166,C02A250401A1,237.0,289.2,4.91,89.8,98.0,,,25030006,52,4,1,A线,2503,25,2025,3
JK4,JK4#401@r0c0,401,240,5,0.10117600159457844,C02A250041B1,507.6,278.9,4.77,87.9,96.9,,,25010090,52,4,1,A线,2501,25,2025,1
JK4,JK4#401@r0c0,401,240,6,0.08024715965716564,C02A250041B2,402.6,277.9,4.75,87.7,96.7,,,25010091,52,4,1,A线,2501,25,2025,1
JK4,JK4#401@r0c0,401,240,7,0.10472393860873032,C02A250041C2,525.4,270.9,4.8,89.5,97.5,,,25010093,52,4,1,A线,2501,25,2025,1
JK4,JK4#401@r0c0,401,240,8,0.040542156667331075,C02A250281A1,203.4,280.2,4.75,90.2,97.9,,,25020147,52,4,1,A线,2502,25,2025,2
JK4,JK4#401@r0c0,401,240,9,0.10217261311540762,C02A250291C3,512.6,285.2,4.82,91.8,98.9,,,25020181,52,4,1,A线,2502,25,2025,2
JK4,JK4#401@r0c0,401,240,10,0.10799282439705002,C02A250371B2,541.8,286.4,4.77,89.6,97.5,,,25020408,52,4,1,A线,2502,25,2025,2
JK4,JK4#401@r0c0,401,240,11,0.10101654375124576,C02A241922B2,506.8,186.5,4.8,64.2,86.0,,,24120575,52,4,1,A线,2412,24,2024,12
JK4,JK4#402@r0c8,402,240,1,0.10429351455395373,C02A250031D2,531.0,273.7,5.33,91.0,98.6,,,25010068,52,4,1,A线,2501,25,2025,1
JK4,JK4#402@r0c8,402,240,2,0.10052244962092942,C02A250032C2,511.8,223.2,5.63,65.8,86.9,,,25010078,52,4,1,A线,2501,25,2025,1
JK4,JK4#402@r0c8,402,240,3,0.10134737007502849,C02A250101D1,516.0,276.7,4.94,90.3,97.8,,,25010262,52,4,1,A线,2501,25,2025,1
JK4,JK4#402@r0c8,402,240,4,0.09655497505597675,C02A250211E1,491.6,256.4,4.43,89.7,98.1,,,25010574,52,4,1,A线,2501,25,2025,1
JK4,JK4#402@r0c8,402,240,5,0.05043799347920023,C02A250281B1,256.8,277.6,4.75,90.5,98.3,,,25020148,52,4,1,A线,2502,25,2025,2
JK4,JK4#402@r0c8,402,240,6,0.10476489767058177,C02A250321G1,533.4,254.2,5.0,86.2,96.6,,,25020273,52,4,1,A线,2502,25,2025,2
JK4,JK4#402@r0c8,402,240,7,0.04808107789606003,C02A250331A1,244.8,276.7,5.02,82.4,94.1,,,25020289,52,4,1,A线,2502,25,2025,2
JK4,JK4#402@r0c8,402,240,8,0.0601406292964607,C02A250391E1,306.2,269.8,5.55,90.2,98.0,,,25020468,52,4,1,A线,2502,25,2025,2
JK4,JK4#402@r0c8,402,240,9,0.15590996582472405,C02A250601B1,793.8,286.6,4.52,92.7,98.6,,,25030348,52,4,1,A线,2503,25,2025,3
JK4,JK4#402@r0c8,402,240,10,0.09887260871273128,C02A250631B2,503.4,288.2,4.34,91.8,98.8,,,25030407,52,4,1,A线,2503,25,2025,3
JK4,JK4#402@r0c8,402,240,11,0.07907451781435362,C02A250782C2,402.6,224.0,5.22,80.0,94.0,,,25040209,52,4,1,A线,2504,25,2025,4
JK4,JK4#403@r0c19,403,240,1,0.1008537886872999,C02A241801B3,491.4,289.5,5.08,88.4,97.5,,,24120250,52,4,1,A线,2412,24,2024,12
JK4,JK4#403@r0c19,403,240,2,0.10483539939249652,C02A241831C1,510.8,289.7,4.86,87.5,97.2,,,24120330,52,4,1,A线,2412,24,2024,12
JK4,JK4#403@r0c19,403,240,3,,C02A250021B2,0.0,283.8,5.19,90.8,98.0,,,25010038,52,4,1,A线,2501,25,2025,1
JK4,JK4#403@r0c19,403,240,4,,C02A250031C3,0.0,275.9,5.16,91.2,98.5,,,25010066,52,4,1,A线,2501,25,2025,1
JK4,JK4#403@r0c19,403,240,5,,C02A250051E2,0.0,265.3,5.05,91.0,98.5,,,25010123,52,4,1,A线,2501,25,2025,1
JK4,JK4#403@r0c19,403,240,6,0.10467120926032346,C02A250102C1,510.0,232.1,5.63,68.0,87.0,,,25010273,52,4,1,A线,2501,25,2025,1
JK4,JK4#403@r0c19,403,240,7,0.04851818405713817,C02A250221A1,236.4,285.3,4.66,90.9,98.3,,,25010594,52,4,1,A线,2501,25,2025,1
JK4,JK4#403@r0c19,403,240,8,0.09518922912732945,C02A250253A2,463.8,198.2,4.91,43.3,74.9,,,25020086,52,4,1,A线,2502,25,2025,2
JK4,JK4#403@r0c19,403,240,9,,C02A250361A1,0.0,289.6,4.91,91.5,98.0,,,25020374,52,4,1,A线,2502,25,2025,2
JK4,JK4#403@r0c19,403,240,10,0.03669649454067811,C02A250581C1,178.8,275.6,4.77,92.0,98.8,,,25030312,52,4,1,A线,2503,25,2025,3
JK4,JK4#403@r0c19,403,240,11,0.10122321648468928,C02A250771C1,493.2,267.2,4.29,91.8,98.2,,,25040179,52,4,1,A线,2504,25,2025,4
JK4,JK4#403@r0c19,403,240,12,0.09609227485428126,C02A250171B2,468.2,277.1,4.61,91.0,98.2,,,25010456,52,4,1,A线,2501,25,2025,1
JK4,JK4#403@r0c19,403,240,13,0.10212626221164109,C02A241691C2,497.6,281.7,4.91,91.1,98.2,,,24120039,52,4,1,A线,2412,24,2024,12
JK4,JK4#403@r0c19,403,240,14,0.10372711600032838,C02A241821C2,505.4,272.3,5.24,86.7,97.5,,,24120306,52,4,1,A线,2412,24,2024,12
JK4,JK4#403@r0c19,403,240,15,0.10606682538379443,C02A241911C2,516.8,269.1,5.13,89.1,97.6,,,24120533,52,4,1,A线,2412,24,2024,12
JK4,JK4#401@r26c0,401,240,1,0.07951058457953,C02A241871E2,409.4,277.7,5.66,88.2,97.0,,,24120435,52,4,1,A线,2412,24,2024,12
JK4,JK4#401@r26c0,401,240,2,0.09601864439697028,C02A241933B1,494.4,172.4,4.72,52.2,77.7,,,24120610,52,4,1,A线,2412,24,2024,12
JK4,JK4#401@r26c0,401,240,3,0.10180617595649642,C02A250021C1,524.2,274.3,5.19,90.9,98.0,,,25010039,52,4,1,A线,2501,25,2025,1
JK4,JK4#401@r26c0,401,240,4,0.09815498154981549,C02A250051B1,505.4,279.3,4.8,88.2,97.2,,,25010116,52,4,1,A线,2501,25,2025,1
JK4,JK4#401@r26c0,401,240,5,0.10429209555253448,C02A250071D1,537.0,268.8,4.89,90.7,98.3,,,25010181,52,4,1,A线,2501,25,2025,1
JK4,JK4#401@r26c0,401,240,6,0.10429209555253448,C02A250091B1,537.0,273.9,5.52,89.6,98.0,,,25010233,52,4,1,A线,2501,25,2025,1
JK4,JK4#401@r26c0,401,240,7,0.09733928918236551,C02A250361E1,501.2,266.5,5.38,91.5,98.3,,,25020384,52,4,1,A线,2502,25,2025,2
JK4,JK4#401@r26c0,401,240,8,0.0944261021557584,C02A250811B1,486.2,273.8,4.46,92.2,98.4,,,25040256,52,4,1,A线,2504,25,2025,4
JK4,JK4#401@r26c0,401,240,9,0.03767721887745193,C02A250831A1,194.0,278.3,4.43,93.7,99.5,,,25040292,52,4,1,A线,2504,25,2025,4
JK4,JK4#401@r26c0,401,240,10,0.09388230724412507,C02A250831B1,483.4,273.7,4.29,93.4,99.2,,,25040293,52,4,1,A线,2504,25,2025,4
JK4,JK4#401@r26c0,401,240,11,0.09260050495241795,C02A250701B1,476.8,287.4,4.89,92.8,98.9,,,25040051,52,4,1,A线,2504,25,2025,4
JK4,JK4#402@r26c8,402,240,1,0.101727601446364,C02A241711B2,506.4,285.1,5.27,90.6,98.3,,,24120074,52,4,1,A线,2412,24,2024,12
JK4,JK4#402@r26c8,402,240,2,0.1042989152269988,C02A250011B3,519.2,273.3,5.68,88.1,97.8,,,25010014,52,4,1,A线,2501,25,2025,1
JK4,JK4#402@r26c8,402,240,3,0.10466050622740056,C02A250031C2,521.0,272.7,5.16,90.7,98.2,,,25010065,52,4,1,A线,2501,25,2025,1
JK4,JK4#402@r26c8,402,240,4,0.10405785456006428,C02A250051E1,518.0,275.8,5.0,91.1,98.4,,,25010122,52,4,1,A线,2501,25,2025,1
JK4,JK4#402@r26c8,402,240,5,0.10036159100040178,C02A250091B2,499.6,273.2,5.52,89.9,98.2,,,25010234,52,4,1,A线,2501,25,2025,1
JK4,JK4#402@r26c8,402,240,6,0.06874246685415829,C02A250271B1,342.2,276.9,4.55,89.3,97.3,,,25020117,52,4,1,A线,2502,25,2025,2
JK4,JK4#402@r26c8,402,240,7,,C02A250323A2,0.0,172.4,5.05,50.4,80.5,,,25020280,52,4,1,A线,2502,25,2025,2
JK4,JK4#402@r26c8,402,240,8,0.03495379670550422,C02A250441A1,174.0,282.0,4.86,90.9,98.5,,,25030077,52,4,1,A线,2503,25,2025,3
JK4,JK4#402@r26c8,402,240,9,0.048131779831257535,C02A250631A1,239.6,286.5,4.15,90.6,98.0,,,25030405,52,4,1,A线,2503,25,2025,3
JK4,JK4#402@r26c8,402,240,10,0.09742868621936521,C02A250771B1,485.0,268.4,4.29,93.0,98.9,,,25040178,52,4,1,A线,2504,25,2025,4
JK4,JK4#402@r26c8,402,240,11,0.0678585777420651,C02A241781B2,337.8,273.3,4.66,89.5,96.6,,,24120210,52,4,1,A线,2412,24,2024,12
JK4,JK4#402@r26c8,402,240,12,,C02A250691A1,0.0,275.5,4.26,92.6,98.5,,,25040034,52,4,1,A线,2504,25,2025,4
JK4,JK4#402@r26c8,402,240,13,0.10277219766974689,C02A250133B1,511.6,169.2,4.72,64.7,86.7,,,25010360,52,4,1,A线,2501,25,2025,1
JK4,JK4#402@r26c8,402,240,14,0.06500602651667337,C02A250271B2,323.6,277.7,4.61,90.1,97.9,,,25020118,52,4,1,A线,2502,25,2025,2
0411-13,0411-13#411@r0c0,411,240,1,0.7185280826339574,C02B241261E2,445.2,241.7,4.89,88.9,95.3,,,24090047,53,4,11,B线,2409,24,2024,9
0411-13,0411-13#411@r0c0,411,240,2,0.2814719173660426,C02B241291F3,174.4,271.7,5.0,94.4,98.5,,,24090125,53,4,11,B线,2409,24,2024,9
0411-13,0411-13#412@r25c0,412,240,1,0.5004920291281244,C02A250141C3,508.6,269.7,4.89,92.4,99.2,,,25010382,53,4,11,A线,2501,25,2025,1
0411-13,0411-13#412@r25c0,412,240,2,0.4995079708718756,C02A250141D1,507.6,265.0,4.89,92.2,99.1,,,25010383,53,4,11,A线,2501,25,2025,1
0411-13,0411-13#413@r36c0,413,220,1,0.32553426676492264,C02A250831C2,353.4,246.1,4.29,92.4,99.0,,,25040297,53,4,11,A线,2504,25,2025,4
0411-13,0411-13#413@r36c0,413,220,2,0.40401621223286666,C02A250841C2,438.6,246.0,4.32,91.8,98.8,,,25040318,53,4,11,A线,2504,25,2025,4
0411-13,0411-13#413@r36c0,413,220,3,0.2704495210022108,C02A250851D1,293.6,245.4,4.38,92.3,99.1,,,25040338,53,4,11,A线,2504,25,2025,4
414-16,414-16#414@r0c0,414,200,1,0.2958579881656805,403,1500.0,220.3,4.88,86.7,97.5,,,,54,4,14,其他,,,,
414-16,414-16#414@r0c0,414,200,2,0.04355029585798817,C02B241241C1,220.8,227.6,4.06,89.8,96.2,,,24090003,54,4,14,B线,2409,24,2024,9
414-16,414-16#414@r0c0,414,200,3,0.09913214990138068,C02B241261D1,502.6,234.9,4.34,88.9,95.2,,,24090044,54,4,14,B线,2409,24,2024,9
414-16,414-16#414@r0c0,414,200,4,0.10481262327416173,C02B241262A1,531.4,215.2,5.3,81.5,92.2,,,24090051,54,4,14,B线,2409,24,2024,9
414-16,414-16#414@r0c0,414,200,5,0.09818540433925049,C02B241261E1,497.8,241.1,4.86,89.0,95.4,,,24090046,54,4,14,B线,2409,24,2024,9
414-16,414-16#414@r0c0,414,200,6,0.10528599605522682,C02B241251F1,533.8,240.4,5.44,81.2,92.0,,,24090027,54,4,14,B线,2409,24,2024,9
414-16,414-16#414@r0c0,414,200,7,0.06094674556213018,C02A250753A1,309.0,191.5,4.49,84.1,97.1,,,25040153,54,4,14,A线,2504,25,2025,4
414-16,414-16#414@r0c0,414,200,8,0.09037475345167653,C02A250723A2,458.2,182.2,4.41,82.0,95.8,,,25040099,54,4,14,A线,2504,25,2025,4
414-16,414-16#414@r0c0,414,200,9,0.10185404339250492,C02A250672A3,516.4,204.7,4.69,86.2,97.4,,,25040004,54,4,14,A线,2504,25,2025,4
414-16,414-16#416@r0c10,416,200,1,0.40668591646671276,403,2000.0,220.3,4.88,86.7,97.5,,,,54,4,14,其他,,,,
414-16,414-16#416@r0c10,416,200,2,0.09463581276180405,C02B241261C1,465.4,246.0,4.41,88.5,95.0,,,24090042,54,4,14,B线,2409,24,2024,9
414-16,414-16#416@r0c10,416,200,3,0.04575216560250518,C02B241272B1,225.0,230.8,5.55,84.5,94.2,,,24090076,54,4,14,B线,2409,24,2024,9
414-16,414-16#416@r0c10,416,200,4,0.04506079954451177,C02B241261A1,221.6,185.3,3.53,81.8,92.7,,,24090040,54,4,14,B线,2409,24,2024,9
414-16,414-16#416@r0c10,416,200,5,0.03460897149131725,C02A250723A3,170.2,182.2,4.41,82.3,96.2,,,25040100,54,4,14,A线,2504,25,2025,4
414-16,414-16#416@r0c10,416,200,6,0.10281019968278499,C02A250772C2,505.6,196.8,4.46,86.4,97.4,,,25040189,54,4,14,A线,2504,25,2025,4
414-16,414-16#416@r0c10,416,200,7,0.0985399975598845,C02B241291E1,484.6,270.8,5.02,96.1,99.4,,,24090120,54,4,14,B线,2409,24,2024,9
414-16,414-16#416@r0c10,416,200,8,0.0920330228964171,C02A250693A2,452.6,170.2,4.23,81.4,96.0,,,25040045,54,4,14,A线,2504,25,2025,4
414-16,414-16#416@r0c10,416,200,9,0.07987311399406238,C02B241232B1,392.8,226.6,6.11,82.1,94.3,,,24070295,54,4,14,B线,2407,24,2024,7
414-16,414-16#415@r26c0,415,200,1,0.2897430944562488,403,1500.0,220.3,4.88,86.7,97.5,,,,54,4,14,其他,,,,
414-16,414-16#415@r26c0,415,200,2,0.07560363144678385,C02B241292A1,391.4,239.7,6.56,84.0,93.9,,,24090130,54,4,14,B线,2409,24,2024,9
414-16,414-16#415@r26c0,415,200,3,0.10365076299014873,C02B241261F1,536.6,229.0,5.24,87.3,94.9,,,24090049,54,4,14,B线,2409,24,2024,9
414-16,414-16#415@r26c0,415,200,4,0.058103148541626425,C02B241243A1,300.8,168.4,3.65,80.3,92.1,,,24090012,54,4,14,B线,2409,24,2024,9
414-16,414-16#415@r26c0,415,200,5,0.06358895112999807,C02B241291G4,329.2,258.8,5.68,91.8,97.3,,,24090129,54,4,14,B线,2409,24,2024,9
414-16,414-16#415@r26c0,415,200,6,0.09403129225420127,C02B241294A2,486.8,159.5,4.43,83.5,94.3,,,24090137,54,4,14,B线,2409,24,2024,9
414-16,414-16#415@r26c0,415,200,7,0.11319296890090787,C02B241241A1,586.0,224.9,3.7,88.9,95.5,,,24090001,54,4,14,B线,2409,24,2024,9
414-16,414-16#415@r26c0,415,200,8,0.09986478655592042,C02A250691C2,517.0,235.5,4.49,91.8,99.3,,,25040038,54,4,14,A线,2504,25,2025,4
414-16,414-16#415@r26c0,415,200,9,,C02A250852A1,0.0,209.4,4.72,85.4,96.0,,,25040339,54,4,14,A线,2504,25,2025,4
414-16,414-16#415@r26c0,415,200,10,,C02A250652A1,0.0,203.6,4.75,87.9,98.2,,,25030450,54,4,14,A线,2503,25,2025,3
414-16,414-16#415@r26c0,415,200,11,,C02A250692A1,0.0,207.4,4.69,88.9,98.6,,,25040040,54,4,14,A线,2504,25,2025,4
414-16,414-16#415@r26c0,415,200,12,,C02A250772B2,,200.7,5.02,84.8,96.9,,,25040187,54,4,14,A线,2504,25,2025,4
414-16,414-16#415@r26c0,415,200,13,0.10222136372416459,C02A250772C1,529.2,200.2,4.69,86.7,97.8,,,25040188,54,4,14,A线,2504,25,2025,4
417,417#417@r0c0,417,140,1,0.10082619339045289,C02A250124C2,527.2,112.8,2.99,69.7,89.9,,,25010339,55,4,17,A线,2501,25,2025,1
417,417#417@r0c0,417,140,2,0.08732405140758874,C02A250263B3,456.6,159.0,4.34,70.4,90.0,,,25020109,55,4,17,A线,2502,25,2025,2
417,417#417@r0c0,417,140,3,0.09290850673194614,C02A250614A1,485.8,168.5,4.06,84.1,96.9,,,25030379,55,4,17,A线,2503,25,2025,3
417,417#417@r0c0,417,140,4,0.10120869033047736,C02A250653A2,529.2,158.4,4.23,78.2,94.2,,,25030457,55,4,17,A线,2503,25,2025,3
417,417#417@r0c0,417,140,5,0.09069002447980416,C02A250653B1,474.2,155.4,4.11,77.5,94.0,,,25030458,55,4,17,A线,2503,25,2025,3
417,417#417@r0c0,417,140,6,0.04188341493268054,C02A250751D2,219.0,216.3,4.23,90.6,98.6,,,25040146,55,4,17,A线,2504,25,2025,4
417,417#417@r0c0,417,140,7,0.07910036719706243,C02A241854A1,413.6,124.7,3.24,55.0,82.4,,,24120403,55,4,17,A线,2412,24,2024,12
417,417#417@r0c0,417,140,8,0.09570073439412484,C02A250231D1,500.4,267.4,4.49,90.3,98.2,,,25020011,55,4,17,A线,2502,25,2025,2
417,417#417@r0c0,417,140,9,0.08877753977968175,C02A250531C1,464.2,259.3,4.23,87.2,98.2,,,25030226,55,4,17,A线,2503,25,2025,3
417,417#417@r0c0,417,140,10,0.09673347613219094,C02A250251D1,505.8,266.4,3.85,90.8,98.1,,,25020074,55,4,17,A线,2502,25,2025,2
417,417#417@r0c0,417,140,11,0.05320532435740514,C02A250844A2,278.2,140.1,3.21,78.3,95.0,,,25040330,55,4,17,A线,2504,25,2025,4
417,417#417@r0c0,417,140,12,0.07164167686658507,C02A250744A1,374.6,149.5,3.15,80.0,95.2,,,25040139,55,4,17,A线,2504,25,2025,4
501,501#501@r0c0,501,160,1,,C02A241654A2,0.0,134.9,3.49,82.6,95.5,,,24110485,56,5,1,A线,2411,24,2024,11
501,501#501@r0c0,501,160,2,0.10463235599054452,C02A250174B2,504.6,115.4,2.83,74.6,93.8,,,25010475,56,5,1,A线,2501,25,2025,1
501,501#501@r0c0,501,160,3,0.10371998507029402,C02A250213A2,500.2,175.1,5.16,70.1,89.9,,,25010587,56,5,1,A线,2501,25,2025,1
501,501#501@r0c0,501,160,4,0.10844772529341018,C02A250394C3,523.0,112.7,2.77,69.9,89.5,,,25030003,56,5,1,A线,2503,25,2025,3
501,501#501@r0c0,501,160,5,0.09389126197486833,C02A250394C4,452.8,112.9,2.77,69.9,89.3,,,25030004,56,5,1,A线,2503,25,2025,3
501,501#501@r0c0,501,160,6,0.10919421059179696,C02A250771C2,526.6,215.8,4.17,90.3,98.8,,,25040180,56,5,1,A线,2504,25,2025,4
501,501#501@r0c0,501,160,7,0.08576286650354581,C02A250851C2,413.6,242.9,4.41,91.8,98.9,,,25040337,56,5,1,A线,2504,25,2025,4
501,501#501@r0c0,501,160,8,0.10521295566706755,C02A241912A2,507.4,198.7,4.91,58.7,83.5,,,24120543,56,5,1,A线,2412,24,2024,12
501,501#501@r0c0,501,160,9,0.08655082320739849,C02A250231D3,417.4,243.8,4.75,89.4,97.6,,,25020013,56,5,1,A线,2502,25,2025,2
501,501#501@r0c0,501,160,10,0.10927715340272881,C02A250761C1,527.0,230.5,4.32,90.4,99.0,,,25040163,56,5,1,A线,2504,25,2025,4
501,501#501@r0c0,501,160,11,,C02A250671D1,0.0,207.4,4.46,88.6,98.0,,,25030488,56,5,1,A线,2503,25,2025,3
501,501#501@r0c0,501,160,12,0.09331066229834528,C02A250773A1,450.0,149.2,3.61,79.5,95.0,,,25040190,56,5,1,A线,2504,25,2025,4
501,501#501@r0c0,501,160,13,,C02A250783A1,0.0,146.1,3.67,80.1,95.3,,,25040210,56,5,1,A线,2504,25,2025,4
502,502#502@r0c0,502,140,1,0.027073904982156744,C02A241824C2,271.6,99.4,2.67,56.1,85.4,,,24120326,57,5,2,A线,2412,24,2024,12
502,502#502@r0c0,502,140,2,0.05315097988396899,C02A241844C1,533.2,93.7,2.61,54.8,81.4,,,24120380,57,5,2,A线,2412,24,2024,12
502,502#502@r0c0,502,140,3,0.02204988137722044,C02A241864B1,221.2,110.8,3.15,55.2,82.2,,,24120423,57,5,2,A线,2412,24,2024,12
502,502#502@r0c0,502,140,4,0.03642417113578819,C02A241864C2,365.4,118.5,3.24,49.6,78.6,,,24120425,57,5,2,A线,2412,24,2024,12
502,502#502@r0c0,502,140,5,0.049881377220439005,C02A241671B1,500.4,288.8,5.46,83.0,96.7,,,24110515,57,5,2,A线,2411,24,2024,11
502,502#502@r0c0,502,140,6,0.024900815407005724,C02A241691B1,249.8,282.3,4.82,90.9,98.2,,,24120037,57,5,2,A线,2412,24,2024,12
502,502#502@r0c0,502,140,7,0.0380190992643394,C02A241691D4,381.4,266.2,5.24,90.2,98.3,,,24120044,57,5,2,A线,2412,24,2024,12
502,502#502@r0c0,502,140,8,0.052752247851831184,C02A250222A1,529.2,206.1,4.61,89.6,98.3,,,25010605,57,5,2,A线,2501,25,2025,1
502,502#502@r0c0,502,140,9,0.04685101377619171,C02A250304C1,470.0,108.1,2.96,64.0,88.5,,,25020229,57,5,2,A线,2502,25,2025,2
502,502#502@r0c0,502,140,10,0.041826990171255414,C02A250513A2,419.6,141.2,3.46,81.4,96.7,,,25030201,57,5,2,A线,2503,25,2025,3
502,502#502@r0c0,502,140,11,0.049881377220439005,C02A250594A1,500.4,121.5,3.15,74.5,94.2,,,25030342,57,5,2,A线,2503,25,2025,3
502,502#502@r0c0,502,140,12,0.052373452421300266,C02A250594A2,525.4,121.4,3.28,77.7,96.1,,,25030343,57,5,2,A线,2503,25,2025,3
502,502#502@r0c0,502,140,13,0.036184931916505514,C02A250594B1,363.0,123.7,3.36,78.9,96.5,,,25030344,57,5,2,A线,2503,25,2025,3
502,502#502@r0c0,502,140,14,0.049323152375446086,C02A241901E1,494.8,272.0,5.6,86.5,96.9,,,24120511,57,5,2,A线,2412,24,2024,12
502,502#502@r0c0,502,140,15,0.042963376462848146,C02A241901E2,431.0,272.7,5.55,86.9,97.2,,,24120512,57,5,2,A线,2412,24,2024,12
502,502#502@r0c0,502,140,16,0.053131043282362095,C02A250624A1,533.0,124.5,3.36,79.8,95.5,,,25030400,57,5,2,A线,2503,25,2025,3
502,502#502@r0c0,502,140,17,0.07432365079048626,C02A250614B1,745.6,129.0,3.15,82.9,97.6,,,25030381,57,5,2,A线,2503,25,2025,3
502,502#502@r0c0,502,140,18,0.05053928507346638,C02A241884B1,507.0,134.3,3.49,53.9,80.4,,,24120476,57,5,2,A线,2412,24,2024,12
502,502#502@r0c0,502,140,19,0.048944356944915175,C02A250313A1,491.0,156.1,4.26,73.3,91.9,,,25020251,57,5,2,A线,2502,25,2025,2
502,502#502@r0c0,502,140,20,0.049442771985087425,C02A250664A2,496.0,126.8,2.99,71.7,91.0,,,25030480,57,5,2,A线,2503,25,2025,3
502,502#502@r0c0,502,140,21,0.05041966546382504,C02A250673A2,505.8,126.8,3.12,78.7,94.9,,,25040009,57,5,2,A线,2504,25,2025,4
502,502#502@r0c0,502,140,22,0.049542454993121876,C02A250763A2,497.0,136.9,3.36,83.2,96.9,,,25040173,57,5,2,A线,2504,25,2025,4
503,503#503@r0c0,503,140,1,0.049987008574340935,C02A251004A1,500.2,135.5,3.99,71.5,90.9,,,25050086,58,5,3,A线,2505,25,2025,5
503,503#503@r0c0,503,140,2,0.041012931465232945,C02A251004A2,410.4,135.3,3.7,70.8,90.7,,,25050087,58,5,3,A线,2505,25,2025,5
503,503#503@r0c0,503,140,3,0.042032258709251896,C02A250944A2,420.6,143.0,3.97,68.6,90.1,,,25040528,58,5,3,A线,2504,25,2025,4
503,503#503@r0c0,503,140,4,0.034717086722762976,C02A250904B1,347.4,98.6,2.67,73.9,94.5,,,25040443,58,5,3,A线,2504,25,2025,4
503,503#503@r0c0,503,140,5,0.05106629624447864,C02A250904C1,511.0,95.4,2.54,73.8,94.7,,,25040444,58,5,3,A线,2504,25,2025,4
503,503#503@r0c0,503,140,6,0.05250534647132892,C02A250904C2,525.4,85.2,2.44,73.9,95.0,,,25040445,58,5,3,A线,2504,25,2025,4
503,503#503@r0c0,503,140,7,0.0482681430256031,C02A250963A1,483.0,240.6,5.24,87.0,97.5,,,25040559,58,5,3,A线,2504,25,2025,4
503,503#503@r0c0,503,140,8,0.04892770771290948,C02A250963A2,489.6,223.7,5.49,83.1,95.5,,,25040560,58,5,3,A线,2504,25,2025,4
503,503#503@r0c0,503,140,9,0.030020186676793313,C02A250964A3,300.4,151.3,3.77,75.3,93.6,,,25050004,58,5,3,A线,2505,25,2025,5
503,503#503@r0c0,503,140,10,0.029980213059380808,C02A250964B1,300.0,119.7,3.12,74.7,93.0,,,25050005,58,5,3,A线,2505,25,2025,5
503,503#503@r0c0,503,140,11,0.03867447484660124,C02A250964B2,387.0,116.4,3.12,74.5,92.2,,,25050006,58,5,3,A线,2505,25,2025,5
503,503#503@r0c0,503,140,12,0.03287830032178762,C02A250964C1,329.0,113.0,3.03,74.4,93.2,,,25050007,58,5,3,A线,2505,25,2025,5
503,503#503@r0c0,503,140,13,0.04640936981592149,C02A250972A2,464.4,223.7,4.49,85.9,96.7,,,25050015,58,5,3,A线,2505,25,2025,5
503,503#503@r0c0,503,140,14,0.0500469690004597,C02A250972B1,500.8,226.6,5.3,83.6,95.9,,,25050016,58,5,3,A线,2505,25,2025,5
503,503#503@r0c0,503,140,15,0.049807127295984646,C02A250964A1,498.4,195.5,4.72,75.6,92.2,,,25050002,58,5,3,A线,2505,25,2025,5
503,503#503@r0c0,503,140,16,0.04746867067735294,C02A250964A2,475.0,166.4,4.17,74.8,92.3,,,25050003,58,5,3,A线,2505,25,2025,5
503,503#503@r0c0,503,140,17,0.04732876301640917,C02A250984C1,473.6,138.6,3.21,79.0,94.4,,,25050048,58,5,3,A线,2505,25,2025,5
503,503#503@r0c0,503,140,18,0.0433713748925709,C02A250984C2,434.0,137.3,3.21,78.9,94.1,,,25050049,58,5,3,A线,2505,25,2025,5
503,503#503@r0c0,503,140,19,0.0459296864069714,C02A250984B1,459.6,121.1,3.12,82.0,96.6,,,25050047,58,5,3,A线,2505,25,2025,5
503,503#503@r0c0,503,140,20,0.04898766813902824,C02A250974C1,490.2,124.1,2.96,79.1,95.5,,,25050026,58,5,3,A线,2505,25,2025,5
503,503#503@r0c0,503,140,21,0.03447724501828793,C02A250974C2,345.0,120.6,2.7,77.5,94.9,,,25050027,58,5,3,A线,2505,25,2025,5
503,503#503@r0c0,503,140,22,0.03597625567125697,,360.0,155.0,3.7,76.0,92.0,,,,58,5,3,无批号(计划/虚拟行),,,,
503,503#503@r0c0,503,140,23,0.050126916235284716,C02A241741C2,501.6,278.4,5.35,88.3,96.9,,,24120136,58,5,3,A线,2412,24,2024,12
504,504#504@r0c0,504,120,1,0.04133333333333333,C02A250654A3,415.4,129.0,3.4,78.8,95.0,,9.0,25030461,59,5,4,A线,2503,25,2025,3
504,504#504@r0c0,504,120,2,0.05343283582089552,C02A250764A1,537.0,120.9,2.9,78.0,94.2,,9.2,25040175,59,5,4,A线,2504,25,2025,4
504,504#504@r0c0,504,120,3,0.06043781094527363,C02A250764A2,607.4,123.1,2.96,78.0,94.3,,9.2,25040176,59,5,4,A线,2504,25,2025,4
504,504#504@r0c0,504,120,4,0.05327363184079602,C02A250344C2,535.4,90.5,2.51,57.5,82.1,,8.1,25020345,59,5,4,A线,2502,25,2025,2
504,504#504@r0c0,504,120,5,0.07944278606965174,C02A250754B1,798.4,116.9,2.8,75.5,94.6,,11.5,25040158,59,5,4,A线,2504,25,2025,4
504,504#504@r0c0,504,120,6,0.050587064676616916,C02A250763B1,508.4,137.5,3.31,83.2,96.8,,10.2,25040174,59,5,4,A线,2504,25,2025,4
504,504#504@r0c0,504,120,7,0.03160199004975125,C02A250752C3,317.6,222.6,5.16,86.7,97.8,,9.9,25040152,59,5,4,A线,2504,25,2025,4
504,504#504@r0c0,504,120,8,0.05172139303482587,C02A250954A2,519.8,128.1,3.58,80.0,95.9,,11.5,25040546,59,5,4,A线,2504,25,2025,4
504,504#504@r0c0,504,120,9,0.04618905472636816,C02A250992A2,464.2,190.1,4.69,88.7,98.3,,11.0,25050058,59,5,4,A线,2505,25,2025,5
504,504#504@r0c0,504,120,10,0.05492537313432836,24LMB0824E1,552.0,93.3,3.09,75.1,93.2,,6.4,24050381,59,5,4,LMB(外购/旧料),2405,,2024,5
504,504#504@r0c0,504,120,11,0.031900497512437814,C02A250864B2,320.6,108.6,2.83,76.8,94.0,,11.2,25040367,59,5,4,A线,2504,25,2025,4
504,504#504@r0c0,504,120,12,0.05178109452736318,C02A250954A1,520.4,130.5,3.65,80.0,95.9,,11.5,25040545,59,5,4,A线,2504,25,2025,4
504,504#504@r0c0,504,120,13,0.04953233830845771,C02A250344A1,497.8,151.6,3.94,74.3,92.2,,8.1,25020340,59,5,4,A线,2502,25,2025,2
504,504#504@r0c0,504,120,14,0.0506865671641791,C02A250293A3,509.4,148.3,3.91,64.3,88.1,,6.5,25020200,59,5,4,A线,2502,25,2025,2
504,504#504@r0c0,504,120,15,0.027422885572139306,C02A250794B2,275.6,111.3,2.83,78.4,95.6,,11.0,25040236,59,5,4,A线,2504,25,2025,4
504,504#504@r0c0,504,120,16,0.051144278606965174,C02A250784A1,514.0,114.1,2.9,77.8,95.3,,9.4,25040212,59,5,4,A线,2504,25,2025,4
504,504#504@r0c0,504,120,17,0.03327363184079602,C02A251004B1,334.4,123.8,3.36,75.2,94.3,,9.4,25050088,59,5,4,A线,2505,25,2025,5
504,504#504@r0c0,504,120,18,0.049850746268656716,C02A251024A2,501.0,125.3,3.24,77.1,94.5,,11.2,25050130,59,5,4,A线,2505,25,2025,5
504,504#504@r0c0,504,120,19,0.051621890547263675,C02A250013A2,518.8,165.8,4.32,63.3,86.1,,6.5,25010027,59,5,4,A线,2501,25,2025,1
504,504#504@r0c0,504,120,20,0.04692537313432836,C02A251024A3,471.6,125.9,3.18,77.0,94.3,,11.2,25050131,59,5,4,A线,2505,25,2025,5
504,504#504@r0c0,504,120,21,0.03291542288557214,C02A251024B1,330.8,125.9,3.18,77.2,94.5,,11.2,25050132,59,5,4,A线,2505,25,2025,5
601-2,601-2#601@r0c0,601,160,1,0.0767411823149528,C02A251053A1,772.4,177.7,4.26,84.0,96.2,12.19,,25050168,60,6,1,A线,2505,25,2025,5
601-2,601-2#601@r0c0,601,160,2,0.04596125186289121,C02A250283C1,462.6,105.1,2.8,61.0,87.4,9.9,,25020173,60,6,1,A线,2502,25,2025,2
601-2,601-2#601@r0c0,601,160,3,0.05414803775459513,C02A250343A2,545.0,179.4,5.35,70.6,90.7,11.27,,25020337,60,6,1,A线,2502,25,2025,2
601-2,601-2#601@r0c0,601,160,4,0.05029309488325882,C02A250102C2,506.2,225.7,5.63,68.2,87.1,9.25,,25010274,60,6,1,A线,2501,25,2025,1
601-2,601-2#601@r0c0,601,160,5,0.04824639841033284,C02A251001B3,485.6,269.1,4.32,92.7,98.8,12.35,,25050074,60,6,1,A线,2505,25,2025,5
601-2,601-2#601@r0c0,601,160,6,0.02509687034277198,C02A250981E2,252.6,226.9,4.32,90.8,98.9,11.72,,25050036,60,6,1,A线,2505,25,2025,5
601-2,601-2#601@r0c0,601,160,7,0.030124192747143567,C02A251002B2,303.2,212.7,5.02,76.7,92.3,8.92,,25050083,60,6,1,A线,2505,25,2025,5
601-2,601-2#601@r0c0,601,160,8,0.053214108296075514,24LMB0224B2,535.6,91.6,2.64,85.3,97.9,11.4,,24020032,60,6,1,LMB(外购/旧料),2402,,2024,2
601-2,601-2#601@r0c0,601,160,9,0.05208147044212619,C02A250324C2,524.2,120.5,2.77,66.4,89.0,11.59,,25020287,60,6,1,A线,2502,25,2025,2
601-2,601-2#601@r0c0,601,160,10,0.06318926974664679,C02A250512A1,636.0,242.5,4.46,88.7,98.3,10.36,,25030196,60,6,1,A线,2503,25,2025,3
601-2,601-2#601@r0c0,601,160,11,0.02136115250869349,C02A250494G2,215.0,135.9,2.87,78.9,96.1,11.34,,25030178,60,6,1,A线,2503,25,2025,3
601-2,601-2#601@r0c0,601,160,12,0.039264778936910084,C02A250634A2,395.2,106.6,2.77,69.3,89.9,12.07,,25030423,60,6,1,A线,2503,25,2025,3
601-2,601-2#601@r0c0,601,160,13,0.05156482861400894,C02A250244C2,519.0,118.6,3.12,66.8,88.3,9.93,,25020061,60,6,1,A线,2502,25,2025,2
601-2,601-2#601@r0c0,601,160,14,0.05047193243914556,C02A250693A1,508.0,176.7,4.32,82.6,96.3,11.03,,25040044,60,6,1,A线,2504,25,2025,4
601-2,601-2#601@r0c0,601,160,15,0.07743666169895679,C02A251051D1,779.4,213.9,4.32,91.1,98.7,12.53,,25050164,60,6,1,A线,2505,25,2025,5
601-2,601-2#601@r0c0,601,160,16,0.055558867362146054,24LMB0992A1,559.2,252.3,5.57,76.3,91.0,11.22,,24060244,60,6,1,LMB(外购/旧料),2406,,2024,6
601-2,601-2#601@r0c0,601,160,17,0.08288127173373075,C02A251062A1,834.2,206.6,3.89,86.1,96.5,10.71,,25050176,60,6,1,A线,2505,25,2025,5
601-2,601-2#601@r0c0,601,160,18,0.04260307998012916,C02A250974A2,428.8,127.6,3.18,79.7,95.6,11.11,,25050024,60,6,1,A线,2505,25,2025,5
601-2,601-2#601@r0c0,601,160,19,0.029408842523596622,C02A250974B1,296.0,125.3,3.12,79.9,95.5,11.57,,25050025,60,6,1,A线,2505,25,2025,5
601-2,601-2#601@r0c0,601,160,20,0.05035270740188773,C02A250983A1,506.8,162.7,4.03,81.8,96.0,11.94,,25050042,60,6,1,A线,2505,25,2025,5
601-2,601-2#602@r0c10,602,140,1,0.04131404677590381,C02A251013A1,413.0,179.6,4.52,82.1,95.9,11.63,,25050103,60,6,1,A线,2505,25,2025,5
601-2,601-2#602@r0c10,602,140,2,0.03129063881719785,C02A251013A2,312.8,170.2,4.43,81.5,95.6,11.85,,25050104,60,6,1,A线,2505,25,2025,5
601-2,601-2#602@r0c10,602,140,3,0.0792669507632595,C02A251114G1,792.4,102.4,2.9,74.2,93.2,12.64,,25050258,60,6,1,A线,2505,25,2025,5
601-2,601-2#602@r0c10,602,140,4,0.009743312726326952,C02A251114G2,97.4,105.6,3.03,75.4,93.8,12.55,,25050259,60,6,1,A线,2505,25,2025,5
601-2,601-2#602@r0c10,602,140,5,0.019946781905847987,C02A251032C1,199.4,196.8,4.89,81.8,95.5,10.7,,25050141,60,6,1,A线,2505,25,2025,5
601-2,601-2#602@r0c10,602,140,6,0.08564912070103835,C02A251114D1,856.2,111.7,2.93,79.7,95.4,13.74,,25050255,60,6,1,A线,2505,25,2025,5
601-2,601-2#602@r0c10,602,140,7,0.08518896424784426,C02A251114F1,851.6,110.5,3.15,75.9,93.9,12.35,,25050257,60,6,1,A线,2505,25,2025,5
601-2,601-2#602@r0c10,602,140,8,0.04949682892183342,C02A250574B1,494.8,146.9,4.03,73.9,93.6,10.3,,25030306,60,6,1,A线,2503,25,2025,3
601-2,601-2#602@r0c10,602,140,9,0.0816077466338555,C02A251102B1,815.8,226.2,4.89,86.7,97.0,11.43,,25050233,60,6,1,A线,2505,25,2025,5
601-2,601-2#602@r0c10,602,140,10,0.05337814857051398,C02A250244C1,533.6,123.8,3.21,71.1,90.8,10.1,,25020060,60,6,1,A线,2502,25,2025,2
601-2,601-2#602@r0c10,602,140,11,0.04959686293339735,C02A250962B2,495.8,216.5,4.61,86.5,97.8,10.79,,25040557,60,6,1,A线,2504,25,2025,4
601-2,601-2#602@r0c10,602,140,12,0.049956985375027504,C02A250944A1,499.4,142.9,4.03,67.8,88.9,10.55,,25040527,60,6,1,A线,2504,25,2025,4
601-2,601-2#602@r0c10,602,140,13,0.0833883520396935,C02A251104B1,833.6,113.7,2.9,79.7,95.5,11.44,,25050238,60,6,1,A线,2505,25,2025,5
601-2,601-2#602@r0c10,602,140,14,0.03871316247524158,C02A250962A2,387.0,222.4,4.34,88.0,98.7,10.06,,25040555,60,6,1,A线,2504,25,2025,4
601-2,601-2#602@r0c10,602,140,15,0.04591561130784467,C02A250962B1,459.0,212.7,4.34,87.5,98.4,10.46,,25040556,60,6,1,A线,2504,25,2025,4
601-2,601-2#602@r0c10,602,140,16,0.05065722345597503,C02A250991C1,506.4,238.8,4.46,92.1,99.1,11.94,,25050054,60,6,1,A线,2505,25,2025,5
601-2,601-2#602@r0c10,602,140,17,0.04709601264429906,C02A250683A2,470.8,167.9,4.52,67.8,89.6,11.46,,25040028,60,6,1,A线,2504,25,2025,4
601-2,601-2#602@r0c10,602,140,18,0.028589720504971692,C02A250724A1,285.8,145.8,3.67,80.8,96.0,10.49,,25040101,60,6,1,A线,2504,25,2025,4
601-2,601-2#602@r0c10,602,140,19,0.04699597863273513,C02A250883A2,469.8,142.7,3.65,79.5,94.8,10.89,,25040406,60,6,1,A线,2504,25,2025,4
601-2,601-2#602@r0c10,602,140,20,0.022207550567192844,C02A250323A3,222.0,172.3,5.02,51.0,80.9,12.09,,25020281,60,6,1,A线,2502,25,2025,2
603,603#603@r0c0,603,160,1,0.030936405201591355,23LMB1534C1,312.6,89.8,2.77,62.1,83.7,13.79,,23080547,61,6,3,LMB(外购/旧料),2308,,2023,8
603,603#603@r0c0,603,160,2,0.04617698869821665,24LMB1154C1,466.6,90.0,2.74,79.8,94.3,12.71,,24070094,61,6,3,LMB(外购/旧料),2407,,2024,7
603,603#603@r0c0,603,160,3,0.04233715337569028,C02A250133A1,427.8,190.1,5.05,61.0,84.2,10.93,,25010359,61,6,3,A线,2501,25,2025,1
603,603#603@r0c0,603,160,4,0.05231280802802684,C02A250134F1,528.6,95.3,2.51,69.6,90.4,10.9,,25010373,61,6,3,A线,2501,25,2025,1
603,603#603@r0c0,603,160,5,0.041565227718068996,C02A250353A2,420.0,229.4,5.71,82.1,95.6,10.81,,25020364,61,6,3,A线,2502,25,2025,2
603,603#603@r0c0,603,160,6,0.027413257328345503,C02A250434B2,277.0,123.1,2.87,69.2,90.6,9.79,,25030076,61,6,3,A线,2503,25,2025,3
603,603#603@r0c0,603,160,7,0.05306494072006809,C02A250562A1,536.2,241.1,5.79,80.7,95.4,10.92,,25030282,61,6,3,A线,2503,25,2025,3
603,603#603@r0c0,603,160,8,0.043069493102151496,C02A250611D2,435.2,260.9,5.6,92.3,99.4,9.53,,25030372,61,6,3,A线,2503,25,2025,3
603,603#603@r0c0,603,160,9,0.050076202917483124,C02A250771C3,506.0,211.9,4.2,90.1,98.6,12.07,,25040181,61,6,3,A线,2504,25,2025,4
603,603#603@r0c0,603,160,10,0.0495219998812422,C02A250804A1,500.4,139.9,3.53,71.6,91.8,10.35,,25040252,61,6,3,A线,2504,25,2025,4
603,603#603@r0c0,603,160,11,0.07695505017516774,C02A251054A1,777.6,111.0,3.09,81.0,96.9,12.91,,25050170,61,6,3,A线,2505,25,2025,5
603,603#603@r0c0,603,160,12,0.029491518714248956,C02A251081A1,298.0,276.8,4.15,91.8,98.9,11.18,,25050198,61,6,3,A线,2505,25,2025,5
603,603#603@r0c0,603,160,13,0.07960730756289214,C02A251084A1,804.4,111.4,3.03,81.5,97.1,11.43,,25050210,61,6,3,A线,2505,25,2025,5
603,603#603@r0c0,603,160,14,0.0804781980484136,C02A251111B1,813.2,261.0,4.15,92.2,98.6,12.04,,25050243,61,6,3,A线,2505,25,2025,5
603,603#603@r0c0,603,160,15,0.07948854976941196,C02A251111D1,803.2,253.7,4.38,91.8,98.7,12.24,,25050245,61,6,3,A线,2505,25,2025,5
603,603#603@r0c0,603,160,16,0.051342952714605226,C02A250882B3,518.8,188.9,5.19,75.6,92.5,11.89,,25040403,61,6,3,A线,2504,25,2025,4
603,603#603@r0c0,603,160,17,0.021317023929695388,C02A250934B2,215.4,147.8,3.67,74.2,92.2,10.31,,25040510,61,6,3,A线,2504,25,2025,4
603,603#603@r0c0,603,160,18,0.0536785226530491,C02A250954B1,542.4,134.4,3.28,71.5,90.8,11.05,,25040547,61,6,3,A线,2504,25,2025,4
603,603#603@r0c0,603,160,19,0.0401797201274667,C02A250844B1,406.0,148.3,3.24,78.7,94.7,10.71,,25040331,61,6,3,A线,2504,25,2025,4
603,603#603@r0c0,603,160,20,0.05098667933416464,C02A250973A1,515.2,195.5,5.11,76.2,92.7,11.49,,25050020,61,6,3,A线,2505,25,2025,5
604,604#604@r0c0,604,240,1,0.08311770399194106,C02A251122A1,841.6,243.0,4.8,84.3,96.3,,,25060005,62,6,4,A线,2506,25,2025,6
604,604#604@r0c0,604,240,2,0.02941118375570348,C02A250152B2,297.8,246.5,6.43,79.6,93.8,,,25010415,62,6,4,A线,2501,25,2025,1
604,604#604@r0c0,604,240,3,0.044087147174432614,C02A250172A3,446.4,244.7,4.72,87.4,97.0,,,25010465,62,6,4,A线,2501,25,2025,1
604,604#604@r0c0,604,240,4,0.08367076856222964,C02A251091D1,847.2,238.4,4.15,89.0,98.3,,,25050218,62,6,4,A线,2505,25,2025,5
604,604#604@r0c0,604,240,5,0.037924427676931285,C02A250312A3,384.0,238.0,6.43,67.8,87.3,,,25020247,62,6,4,A线,2502,25,2025,2
604,604#604@r0c0,604,240,6,0.048077113002943095,C02A250312C1,486.8,233.2,6.64,70.0,89.1,,,25020249,62,6,4,A线,2502,25,2025,2
604,604#604@r0c0,604,240,7,0.04821537914551524,C02A250931B3,488.2,272.6,4.43,91.0,98.1,,,25040493,62,6,4,A线,2504,25,2025,4
604,604#604@r0c0,604,240,8,0.04870918679755862,C02A250252A2,493.2,229.6,5.35,57.1,82.2,,,25020083,62,6,4,A线,2502,25,2025,2
604,604#604@r0c0,604,240,9,0.04993382977462619,C02A250283A1,505.6,191.5,5.68,54.1,81.5,,,25020169,62,6,4,A线,2502,25,2025,2
604,604#604@r0c0,604,240,10,0.051889308076717953,C02A250601E1,525.4,250.6,4.86,90.1,98.1,,,25030353,62,6,4,A线,2503,25,2025,3
604,604#604@r0c0,604,240,11,0.03871451992020068,C02A251001C2,392.0,256.7,4.41,92.0,99.0,,,25050076,62,6,4,A线,2505,25,2025,5
604,604#604@r0c0,604,240,12,0.02917415608272266,C02A250032C3,295.4,222.9,5.66,65.6,86.9,,,25010079,62,6,4,A线,2501,25,2025,1
604,604#604@r0c0,604,240,13,0.038675015308037214,C02A251121B2,391.6,274.2,4.49,87.5,97.0,,,25060003,62,6,4,A线,2506,25,2025,6
604,604#604@r0c0,604,240,14,0.029549449898275622,C02A251121C1,299.2,263.1,4.46,88.1,97.5,,,25060004,62,6,4,A线,2506,25,2025,6
604,604#604@r0c0,604,240,15,0.03205799277065598,C02A251122A2,324.6,245.0,4.82,84.4,96.3,,,25060006,62,6,4,A线,2506,25,2025,6
604,604#604@r0c0,604,240,16,0.02362375807375511,C02A251131A1,239.2,274.3,4.43,87.9,96.5,,,25060010,62,6,4,A线,2506,25,2025,6
604,604#604@r0c0,604,240,17,0.02757421929010212,C02A250331E2,279.2,249.7,5.3,87.0,97.0,,,25020301,62,6,4,A线,2502,25,2025,2
604,604#604@r0c0,604,240,18,0.07300452327809273,C02A251091B1,739.2,245.4,4.11,90.1,98.8,,,25050216,62,6,4,A线,2505,25,2025,5
604,604#604@r0c0,604,240,19,0.07557232306871828,C02A250461C1,765.2,279.7,4.8,91.5,98.5,,,25030108,62,6,4,A线,2503,25,2025,3
604,604#604@r0c0,604,240,20,0.05350899717542023,C02A250081F2,541.8,251.7,5.3,84.2,95.0,,,25010215,62,6,4,A线,2501,25,2025,1
604,604#604@r0c0,604,240,21,0.05350899717542023,C02A250121D1,541.8,253.7,4.89,91.9,98.9,,,25010318,62,6,4,A线,2501,25,2025,1
0605,0605#605@r0c0,605,160,1,0.0424500059873069,C02A251113A2,425.4,188.7,4.89,72.9,91.0,,,25050251,63,6,5,A线,2505,25,2025,5
0605,0605#605@r0c0,605,160,2,0.0366423182852353,C02A250783A2,367.2,146.8,3.77,78.8,94.8,,,25040211,63,6,5,A线,2504,25,2025,4
0605,0605#605@r0c0,605,160,3,0.08693569632379355,C02A251071C1,871.2,206.9,4.03,88.7,97.9,,,25050187,63,6,5,A线,2505,25,2025,5
0605,0605#605@r0c0,605,160,4,0.07168802139464335,C02A251114B1,718.4,132.7,3.53,81.9,96.2,,,25050253,63,6,5,A线,2505,25,2025,5
0605,0605#605@r0c0,605,160,5,0.06318604558336327,C02A251121A1,633.2,277.8,4.43,89.4,97.9,,,25060001,63,6,5,A线,2506,25,2025,6
0605,0605#605@r0c0,605,160,6,0.08078872789685866,C02A251044A1,809.6,115.9,3.31,74.4,94.1,,,25050159,63,6,5,A线,2505,25,2025,5
0605,0605#605@r0c0,605,160,7,0.09280325709495868,C02A251133A1,930.0,158.8,4.2,74.9,90.8,,,25060017,63,6,5,A线,2506,25,2025,6
0605,0605#605@r0c0,605,160,8,0.07907236658284436,C02A251114E1,792.4,114.2,3.03,79.0,95.3,,,25050256,63,6,5,A线,2505,25,2025,5
0605,0605#605@r0c0,605,160,9,0.08260487765936214,C02A251123A1,827.8,198.5,4.77,78.4,94.2,,,25060007,63,6,5,A线,2506,25,2025,6
0605,0605#605@r0c0,605,160,10,0.08434119666307428,C02A251121B1,845.2,273.1,4.49,89.4,97.6,,,25060002,63,6,5,A线,2506,25,2025,6
0605,0605#605@r0c0,605,160,11,0.07935177423861414,C02A251072C1,795.2,198.1,4.52,86.6,97.0,,,25050191,63,6,5,A线,2505,25,2025,5
0605,0605#605@r0c0,605,160,12,0.05093202410888915,C02A250094B1,510.4,103.6,2.67,62.8,83.9,,,25010254,63,6,5,A线,2501,25,2025,1
0605,0605#605@r0c0,605,160,13,0.08663633097832595,C02A251044B1,868.2,114.2,3.21,74.9,93.9,,,25050160,63,6,5,A线,2505,25,2025,5
0605,0605#605@r0c0,605,160,14,0.06256735720273021,C02A251034C1,627.0,136.4,3.61,75.1,93.0,,,25050146,63,6,5,A线,2505,25,2025,5
606,606#606@r0c0,606,220,1,0.046332655839927385,24LMB0972C1,469.6,233.7,5.63,80.1,93.1,,,24060185,64,6,6,LMB(外购/旧料),2406,,2024,6
606,606#606@r0c0,606,220,2,0.0843183298143142,C02A251062B1,854.6,203.1,3.91,85.1,96.0,,,25050177,64,6,6,A线,2505,25,2025,5
606,606#606@r0c0,606,220,3,0.047674487440061565,C02A250172C1,483.2,241.8,5.27,73.9,90.2,,,25010467,64,6,6,A线,2501,25,2025,1
606,606#606@r0c0,606,220,4,0.07997710993152712,C02A251071B2,810.6,231.5,4.15,89.6,97.7,,,25050186,64,6,6,A线,2505,25,2025,5
606,606#606@r0c0,606,220,5,0.05002269274029639,24LMB0972C2,507.0,232.5,5.68,79.9,93.0,,,24060186,64,6,6,LMB(外购/旧料),2406,,2024,6
606,606#606@r0c0,606,220,6,0.08400260473192968,C02A251061C1,851.4,260.3,4.12,91.5,98.6,,,25050175,64,6,6,A线,2505,25,2025,5
606,606#606@r0c0,606,220,7,0.025475067584900448,C02A250342B1,258.2,231.6,6.24,75.8,92.3,,,25020334,64,6,6,A线,2502,25,2025,2
606,606#606@r0c0,606,220,8,0.03828166623912228,C02A250143A2,388.0,228.1,6.37,76.4,93.0,,,25010393,64,6,6,A线,2501,25,2025,1
606,606#606@r0c0,606,220,9,0.07928646131381101,C02A251051C1,803.6,256.1,4.15,92.4,98.8,,,25050163,64,6,6,A线,2505,25,2025,5
606,606#606@r0c0,606,220,10,0.05272608875821379,C02A250321F1,534.4,248.8,5.73,83.4,95.6,,,25020270,64,6,6,A线,2502,25,2025,2
606,606#606@r0c0,606,220,11,0.019811748919628235,C02A250973A3,200.8,191.7,4.86,73.5,91.5,,,25050022,64,6,6,A线,2505,25,2025,5
606,606#606@r0c0,606,220,12,0.034552163703455215,C02A251091C1,350.2,246.0,4.08,90.2,98.7,,,25050217,64,6,6,A线,2505,25,2025,5
606,606#606@r0c0,606,220,13,0.020443199084397262,C02A251041A1,207.2,244.7,4.15,86.9,96.2,,,25050147,64,6,6,A线,2505,25,2025,5
606,606#606@r0c0,606,220,14,0.04355032855141386,C02A250792C2,441.4,199.6,5.52,73.2,92.3,,,25040229,64,6,6,A线,2504,25,2025,4
606,606#606@r0c0,606,220,15,0.0256921285790398,C02A251022B2,260.4,203.3,5.9,80.5,94.5,,,25050124,64,6,6,A线,2505,25,2025,5
606,606#606@r0c0,606,220,16,0.05012135682854155,C02A250942B2,508.0,218.4,6.09,78.7,93.1,,,25040521,64,6,6,A线,2504,25,2025,4
606,606#606@r0c0,606,220,17,0.0519367760522525,C02A251124A1,526.4,200.0,4.61,75.6,93.1,,,25060009,64,6,6,A线,2506,25,2025,6
606,606#606@r0c0,606,220,18,0.03362472127395071,C02A250172B1,340.8,241.7,5.19,76.9,92.0,,,25010466,64,6,6,A线,2501,25,2025,1
606,606#606@r0c0,606,220,19,0.04956883793436865,C02A251073A1,502.4,194.5,5.3,79.5,93.6,,,25050192,64,6,6,A线,2505,25,2025,5
606,606#606@r0c0,606,220,20,0.0826015746788484,C02A251112A1,837.2,218.1,5.35,83.7,96.1,,,25050248,64,6,6,A线,2505,25,2025,5
607,607#607@r0c0,607,220,1,0.036144335303253394,C02A251111F1,358.4,230.3,5.02,88.2,97.9,,,25050247,65,6,7,A线,2505,25,2025,5
607,607#607@r0c0,607,220,2,0.08388632283829847,C02A251091E1,831.8,231.7,4.69,87.6,97.9,,,25050219,65,6,7,A线,2505,25,2025,5
607,607#607@r0c0,607,220,3,0.0784606385768168,C02A251042B1,778.0,204.9,5.66,79.4,93.9,,,25050154,65,6,7,A线,2505,25,2025,5
607,607#607@r0c0,607,220,4,0.04826640311422175,C02A250661B3,478.6,254.4,4.57,90.4,98.0,,,25030466,65,6,7,A线,2503,25,2025,3
607,607#607@r0c0,607,220,5,0.05145323624921842,C02A250661C1,510.2,248.1,4.61,90.8,98.6,,,25030467,65,6,7,A线,2503,25,2025,3
607,607#607@r0c0,607,220,6,0.08370479436858348,C02A251112B1,830.0,213.7,5.6,82.2,94.6,,,25050249,65,6,7,A线,2505,25,2025,5
607,607#607@r0c0,607,220,7,0.049718630871941755,C02A250661B2,493.0,258.9,4.61,90.9,98.5,,,25030465,65,6,7,A线,2503,25,2025,3
607,607#607@r0c0,607,220,8,0.08457209705722181,C02A251092B1,838.6,224.4,5.68,82.2,95.4,,,25050221,65,6,7,A线,2505,25,2025,5
607,607#607@r0c0,607,220,9,0.044736682869763414,C02A251001C1,443.6,257.4,4.46,92.1,99.1,,,25050075,65,6,7,A线,2505,25,2025,5
607,607#607@r0c0,607,220,10,0.08188950967143348,C02A251113A1,812.0,191.3,4.94,73.9,91.6,,,25050250,65,6,7,A线,2505,25,2025,5
607,607#607@r0c0,607,220,11,0.07497125799229513,C02A251101D1,743.4,246.7,4.46,90.3,98.1,,,25050231,65,6,7,A线,2505,25,2025,5
607,607#607@r0c0,607,220,12,0.07483006918251679,C02A251102C1,742.0,218.6,5.0,86.0,96.6,,,25050234,65,6,7,A线,2505,25,2025,5
607,607#607@r0c0,607,220,13,0.08574194719538515,C02A251092A1,850.2,229.3,5.19,86.0,97.3,,,25050220,65,6,7,A线,2505,25,2025,5
607,607#607@r0c0,607,220,14,0.0723491800964118,C02A251041C1,717.4,246.1,4.26,90.9,98.7,,,25050150,65,6,7,A线,2505,25,2025,5
607,607#607@r0c0,607,220,15,0.04927489461263842,C02A250941C4,488.6,231.1,4.82,89.2,97.9,,,25040518,65,6,7,A线,2504,25,2025,4
608,608#608@r0c0,608,180,1,0.011589588119957162,502,72.94,160.8,3.78,75.0,93.0,,,,66,6,8,其他,,,,
608,608#608@r0c0,608,180,2,0.009991133822085364,503,62.88,162.3,3.77,77.1,94.0,,,,66,6,8,其他,,,,
608,608#608@r0c0,608,180,3,0.014738829092503791,504,92.76,132.7,3.4,75.2,93.4,,,,66,6,8,其他,,,,
608,608#608@r0c0,608,180,4,0.014300286959091645,601,90.0,176.8,3.99,78.3,93.4,,,,66,6,8,其他,,,,
608,608#608@r0c0,608,180,5,0.0004766762319697215,602,3.0,153.4,3.79,78.3,94.3,,,,66,6,8,其他,,,,
608,608#608@r0c0,608,180,6,0.027043431560415533,603,170.2,180.9,3.98,80.1,94.7,,,,66,6,8,其他,,,,
608,608#608@r0c0,608,180,7,0.0652093085334579,C02A251191B2,410.4,276.7,4.32,88.9,97.9,,,25060090,66,6,8,A线,2506,25,2025,6
608,608#608@r0c0,608,180,8,0.1111926757108037,C02A251191D1,699.8,261.6,4.86,87.4,97.3,,,25060092,66,6,8,A线,2506,25,2025,6
608,608#608@r0c0,608,180,9,0.05967986424260914,C02A241884A1,375.6,142.7,3.65,55.2,81.3,,,24120475,66,6,8,A线,2412,24,2024,12
608,608#608@r0c0,608,180,10,0.08151163566682239,C02A251013B1,513.0,167.6,4.43,81.4,95.3,,,25050105,66,6,8,A线,2505,25,2025,5
608,608#608@r0c0,608,180,11,0.066194439412862,C02A250943A2,416.6,163.0,5.0,72.6,90.7,,,25040525,66,6,8,A线,2504,25,2025,4
608,608#608@r0c0,608,180,12,0.052148379777487534,C02A250943B1,328.2,162.3,4.91,72.2,91.1,,,25040526,66,6,8,A线,2504,25,2025,4
608,608#608@r0c0,608,180,13,0.0963203772733484,C02A251094B1,606.2,121.8,3.28,81.8,96.5,,,25050225,66,6,8,A线,2505,25,2025,5
608,608#608@r0c0,608,180,14,0.055866454386851366,C02A250244D1,351.6,100.8,2.64,67.4,89.1,,,25020063,66,6,8,A线,2502,25,2025,2
608,608#608@r0c0,608,180,15,0.07655420285433728,C02A250831B3,481.8,251.1,4.34,92.8,99.2,,,25040295,66,6,8,A线,2504,25,2025,4
608,608#608@r0c0,608,180,16,0.0789375840141859,C02A250981E1,496.8,225.7,4.34,90.6,98.7,,,25050035,66,6,8,A线,2505,25,2025,5
608,608#608@r0c0,608,180,17,0.05055945900425513,C02A251071D1,318.2,185.7,3.97,87.8,97.8,,,25050188,66,6,8,A线,2505,25,2025,5
608,608#608@r0c0,608,180,18,0.12768567333695607,C02A251072A1,803.6,182.0,3.91,88.1,98.3,,,25050189,66,6,8,A线,2505,25,2025,5
609,609#609@r0c0,609,140,1,0.05201498602493706,C02A250883A1,524.8,154.9,3.97,77.8,93.9,11.19,,25040405,67,6,9,A线,2504,25,2025,4
609,609#609@r0c0,609,140,2,0.049438024064860156,C02A250783A1,498.8,146.1,3.67,80.1,95.3,11.89,,25040210,67,6,9,A线,2504,25,2025,4
609,609#609@r0c0,609,140,3,0.048664935476837076,C02A251003B1,491.0,160.5,4.32,73.7,92.0,12.05,,25050085,67,6,9,A线,2505,25,2025,5
609,609#609@r0c0,609,140,4,0.050686859476282035,C02A250264B1,511.4,100.6,2.7,59.1,83.0,11.02,,25020114,67,6,9,A线,2502,25,2025,2
609,609#609@r0c0,609,140,5,0.048625289908220515,C02A250703A1,490.6,192.0,5.11,81.0,95.4,11.76,,25040061,67,6,9,A线,2504,25,2025,4
609,609#609@r0c0,609,140,6,0.050052530378416955,C02A251094D1,505.0,117.1,2.93,75.7,93.5,12.03,,25050227,67,6,9,A线,2505,25,2025,5
609,609#609@r0c0,609,140,7,0.04820901143774654,C02A250864A3,486.4,108.6,2.96,79.8,95.6,10.81,,25040365,67,6,9,A线,2504,25,2025,4
609,609#609@r0c0,609,140,8,0.06823002358911333,C02A251093B1,688.4,177.7,5.05,79.1,94.6,11.93,,25050223,67,6,9,A线,2505,25,2025,5
609,609#609@r0c0,609,140,9,0.036394631990009314,C02A250783A2,367.2,146.8,3.77,78.8,94.8,11.85,,25040211,67,6,9,A线,2504,25,2025,4
609,609#609@r0c0,609,140,10,0.04995341645687554,C02A250933B1,504.0,151.3,4.2,77.8,93.8,11.62,,25040506,67,6,9,A线,2504,25,2025,4
609,609#609@r0c0,609,140,11,0.050389517711657776,C02A250251F1,508.4,260.2,4.06,88.6,97.2,10.77,,25020078,67,6,9,A线,2502,25,2025,2
609,609#609@r0c0,609,140,12,0.030249568854441296,C02A251104E1,305.2,112.4,2.8,79.7,95.4,10.88,,25050241,67,6,9,A线,2505,25,2025,5
609,609#609@r0c0,609,140,13,0.07564374492041152,C02A251104A1,763.2,125.4,3.21,79.8,95.6,11.43,,25050237,67,6,9,A线,2505,25,2025,5
609,609#609@r0c0,609,140,14,0.0487640493983785,C02A250171D1,492.0,255.6,4.89,90.3,97.9,11.54,,25010460,67,6,9,A线,2501,25,2025,1
609,609#609@r0c0,609,140,15,0.023034075366225943,C02A250544B2,232.4,120.6,3.18,73.7,94.3,11.29,,25030253,67,6,9,A线,2503,25,2025,3
609,609#609@r0c0,609,140,16,0.05130136578983884,C02A250654A2,517.6,129.7,3.46,78.8,95.2,12.05,,25030460,67,6,9,A线,2503,25,2025,3
609,609#609@r0c0,609,140,17,0.04543382163458679,C02A250933A1,458.4,166.9,4.82,75.1,92.3,11.42,,25040504,67,6,9,A线,2504,25,2025,4
609,609#609@r0c0,609,140,18,0.03675144210755843,C02A250864B1,370.8,102.4,2.77,76.2,93.5,11.06,,25040366,67,6,9,A线,2504,25,2025,4
609,609#609@r0c0,609,140,19,0.05356116320098321,C02A251054B1,540.4,108.6,3.06,80.7,96.7,13.44,,25050171,67,6,9,A线,2505,25,2025,5
609,609#609@r0c0,609,140,20,0.032905821951751346,C02A250933A2,332.0,154.3,4.32,77.3,93.7,11.71,,25040505,67,6,9,A线,2504,25,2025,4
609,609#609@r0c0,609,140,21,0.04969572026086784,C02A251014A2,501.4,132.4,3.58,80.9,95.9,11.85,,25050107,67,6,9,A线,2505,25,2025,5
610,610#610@r0c0,610,140,1,0.030129521402622015,C02A250544B1,305.2,129.1,3.28,74.2,94.2,11.2,,25030252,68,6,10,A线,2503,25,2025,3
610,610#610@r0c0,610,140,2,0.030998262517769704,C02A250594B2,314.0,127.9,3.46,81.0,97.3,11.86,,25030345,68,6,10,A线,2503,25,2025,3
610,610#610@r0c0,610,140,3,0.045549676196493444,C02A250882C1,461.4,185.9,5.11,74.7,91.9,11.89,,25040404,68,6,10,A线,2504,25,2025,4
610,610#610@r0c0,610,140,4,0.02681250987205813,C02A250953A2,271.6,174.9,4.94,79.5,94.9,11.16,,25040543,68,6,10,A线,2504,25,2025,4
610,610#610@r0c0,610,140,5,0.05103854051492655,C02A250251C3,517.0,261.9,3.73,90.9,98.0,11.89,,25020073,68,6,10,A线,2502,25,2025,2
610,610#610@r0c0,610,140,6,0.04495735270889275,C02A241814B1,455.4,113.0,2.8,64.6,88.6,12.43,,24120298,68,6,10,A线,2412,24,2024,12
610,610#610@r0c0,610,140,7,0.04651713789290791,C02A251004C1,471.2,121.3,3.46,74.8,93.9,10.53,,25050089,68,6,10,A线,2505,25,2025,5
610,610#610@r0c0,610,140,8,0.04705022903174854,C02A250942B3,476.6,207.9,6.26,78.2,92.8,11.71,,25040522,68,6,10,A线,2504,25,2025,4
610,610#610@r0c0,610,140,9,0.03439425051334702,C02A251004C2,348.4,118.5,3.34,74.9,94.0,11.31,,25050090,68,6,10,A线,2505,25,2025,5
610,610#610@r0c0,610,140,10,0.03279497709682514,C02A250932B2,332.2,198.8,6.24,70.3,89.8,11.15,,25040503,68,6,10,A线,2504,25,2025,4
610,610#610@r0c0,610,140,11,0.05003159058600537,C02A250251D3,506.8,260.4,3.91,90.0,97.6,11.75,,25020076,68,6,10,A线,2502,25,2025,2
610,610#610@r0c0,610,140,12,0.05411862265045017,C02A250604C3,548.2,118.2,3.15,78.8,95.9,11.79,,25030364,68,6,10,A线,2503,25,2025,3
610,610#610@r0c0,610,140,13,0.03549992102353499,C02A250942B4,359.6,202.0,6.43,75.6,91.1,11.4,,25040523,68,6,10,A线,2504,25,2025,4
610,610#610@r0c0,610,140,14,0.04523377033643974,C02A250673A3,458.2,125.5,3.12,78.8,94.8,12.03,,25040010,68,6,10,A线,2504,25,2025,4
610,610#610@r0c0,610,140,15,0.03583557099984205,C02A250811D2,363.0,218.7,4.61,87.9,97.8,12.16,,25040262,68,6,10,A线,2504,25,2025,4
610,610#610@r0c0,610,140,16,0.08720976149107565,C02A251064A1,883.4,104.6,2.9,81.2,96.2,11.84,,25050182,68,6,10,A线,2505,25,2025,5
610,610#610@r0c0,610,140,17,0.04762280840309587,C02A250974A1,482.4,127.7,3.18,79.5,95.4,10.84,,25050023,68,6,10,A线,2505,25,2025,5
610,610#610@r0c0,610,140,18,0.04736613489180224,C02A251204E1,479.8,113.9,2.9,75.7,93.3,11.95,,25060121,68,6,10,A线,2506,25,2025,6
610,610#610@r0c0,610,140,19,0.04181803822460907,C02A251204E2,423.6,115.1,2.9,75.8,93.3,11.69,,25060122,68,6,10,A线,2506,25,2025,6
610,610#610@r0c0,610,140,20,0.05172958458379403,C02A250794B1,524.0,107.1,2.73,78.5,95.7,11.7,,25040235,68,6,10,A线,2504,25,2025,4
610,610#610@r0c0,610,140,21,0.04505607329015953,C02A251203A2,456.4,177.9,5.02,77.9,93.7,11.74,,25060114,68,6,10,A线,2506,25,2025,6
610,610#610@r0c0,610,140,22,0.06823566577160006,C02A251104D1,691.2,99.0,2.64,79.3,95.8,12.06,,25050240,68,6,10,A线,2505,25,2025,5
611,611#611@r0c0,611,140,1,0.07864778138859935,C02A251043A1,769.6,141.2,3.85,73.9,92.4,12.28,,25050157,69,6,11,A线,2505,25,2025,5
611,611#611@r0c0,611,140,2,0.021010893780530178,C02A251023B2,205.6,143.3,3.77,75.2,92.8,12.16,,25050128,69,6,11,A线,2505,25,2025,5
611,611#611@r0c0,611,140,3,0.05250679583869847,C02A250983A2,513.8,146.0,3.73,79.9,95.2,12.11,,25050043,69,6,11,A线,2505,25,2025,5
611,611#611@r0c0,611,140,4,0.05387618288470579,C02A251024A1,527.2,145.1,3.58,75.6,93.1,10.83,,25050129,69,6,11,A线,2505,25,2025,5
611,611#611@r0c0,611,140,5,0.07079935413984098,C02A251114A1,692.8,132.4,3.53,81.8,96.0,12.38,,25050252,69,6,11,A线,2505,25,2025,5
611,611#611@r0c0,611,140,6,0.08715024424142088,C02A251063B1,852.8,122.8,3.37,81.9,96.4,11.7,,25050181,69,6,11,A线,2505,25,2025,5
611,611#611@r0c0,611,140,7,0.0518323216220083,C02A250973A2,507.2,187.7,4.8,72.8,90.9,11.34,,25050021,69,6,11,A线,2505,25,2025,5
611,611#611@r0c0,611,140,8,0.04999284648558056,C02A251194B1,489.2,135.1,3.43,79.6,95.4,11.7,,25060100,69,6,11,A线,2506,25,2025,6
611,611#611@r0c0,611,140,9,0.04876652972796207,C02A251194B2,477.2,135.3,3.43,78.8,94.7,11.77,,25060101,69,6,11,A线,2506,25,2025,6
611,611#611@r0c0,611,140,10,0.02364747480940994,C02A251003A1,231.4,164.8,4.29,74.1,92.2,12.18,,25050084,69,6,11,A线,2505,25,2025,5
611,611#611@r0c0,611,140,11,0.053671796758436044,C02A250124C1,525.2,114.9,3.06,68.6,89.3,11.09,,25010338,69,6,11,A线,2501,25,2025,1
611,611#611@r0c0,611,140,12,0.022911684754838842,C02A250171A1,224.2,273.7,4.52,90.8,98.0,11.47,,25010454,69,6,11,A线,2501,25,2025,1
611,611#611@r0c0,611,140,13,0.04580293089705071,C02A251194C1,448.2,135.2,3.4,79.5,95.4,10.99,,25060102,69,6,11,A线,2506,25,2025,6
611,611#611@r0c0,611,140,14,0.05146442659472276,C02A251194D1,503.6,129.4,3.21,79.6,95.8,10.82,,25060103,69,6,11,A线,2506,25,2025,6
611,611#611@r0c0,611,140,15,0.08514726020397737,C02A251062C1,833.2,220.2,4.69,83.2,95.1,10.19,,25050178,69,6,11,A线,2505,25,2025,5
611,611#611@r0c0,611,140,16,0.04292108651664725,C02A251194D2,420.0,129.8,3.24,78.9,95.1,10.73,,25060104,69,6,11,A线,2506,25,2025,6
611,611#611@r0c0,611,140,17,0.04966582868354896,C02A250703A2,486.0,174.4,4.63,78.6,94.7,11.37,,25040062,69,6,11,A线,2504,25,2025,4
611,611#611@r0c0,611,140,18,0.02822572403785231,C02A250703A3,276.2,174.0,4.55,78.5,94.5,11.26,,25040063,69,6,11,A线,2504,25,2025,4
611,611#611@r0c0,611,140,19,0.08195883663416928,C02A251194A1,802.0,134.0,3.49,79.7,95.1,11.56,,25060099,69,6,11,A线,2506,25,2025,6
612,612#612@r0c0,612,200,1,0.053803080724548154,C02A250232B1,540.0,201.2,5.0,85.0,97.0,,,25020018,70,6,12,A线,2502,25,2025,2
612,612#612@r0c0,612,200,2,0.055616443815634777,C02A250552B2,558.2,216.9,5.2,78.3,94.2,,,25030266,70,6,12,A线,2503,25,2025,3
612,612#612@r0c0,612,200,3,0.04854233505370344,C02A250652A1,487.2,203.6,4.75,87.9,98.2,,,25030450,70,6,12,A线,2503,25,2025,3
612,612#612@r0c0,612,200,4,0.039455592531335314,C02A250712B1,396.0,228.6,5.35,87.0,97.3,,,25040078,70,6,12,A线,2504,25,2025,4
612,612#612@r0c0,612,200,5,0.05089372895203555,C02A250792B2,510.8,198.7,5.33,76.0,93.3,,,25040227,70,6,12,A线,2504,25,2025,4
612,612#612@r0c0,612,200,6,0.05202957176733157,C02A250812A1,522.2,206.7,5.04,84.1,95.8,,,25040263,70,6,12,A线,2504,25,2025,4
612,612#612@r0c0,612,200,7,0.04742641930534244,C02A250942A1,476.0,220.0,4.89,84.4,95.7,,,25040519,70,6,12,A线,2504,25,2025,4
612,612#612@r0c0,612,200,8,0.048422772652093334,C02A250942B1,486.0,218.2,4.97,83.4,95.1,,,25040520,70,6,12,A线,2504,25,2025,4
612,612#612@r0c0,612,200,9,0.04806408544726301,C02A251002A3,482.4,206.0,4.69,81.6,94.9,,,25050081,70,6,12,A线,2505,25,2025,5
612,612#612@r0c0,612,200,10,0.04798437717952295,C02A251002B1,481.6,208.5,5.0,76.9,92.4,,,25050082,70,6,12,A线,2505,25,2025,5
612,612#612@r0c0,612,200,11,0.04059143534663132,C02A251012B2,407.4,210.8,4.89,85.4,96.7,,,25050101,70,6,12,A线,2505,25,2025,5
612,612#612@r0c0,612,200,12,0.06902735986290177,C02A251032A2,692.8,204.1,4.94,82.6,95.2,,,25050139,70,6,12,A线,2505,25,2025,5
612,612#612@r0c0,612,200,13,0.08076440228762728,C02A251052A2,810.6,201.2,4.55,89.3,97.8,,,25050166,70,6,12,A线,2505,25,2025,5
612,612#612@r0c0,612,200,14,0.07277364844668513,C02A251073B1,730.4,195.2,5.38,77.9,92.7,,,25050193,70,6,12,A线,2505,25,2025,5
612,612#612@r0c0,612,200,15,0.07749636331028435,C02A251082D1,777.8,220.6,5.0,86.8,97.8,,,25050207,70,6,12,A线,2505,25,2025,5
612,612#612@r0c0,612,200,16,0.04483590060379013,C02A251213A1,450.0,198.7,4.43,78.5,93.0,,,25060131,70,6,12,A线,2506,25,2025,6
612,612#612@r0c0,612,200,17,0.050355698144790066,C02A250931C2,505.4,228.6,4.89,89.8,98.0,,,25040495,70,6,12,A线,2504,25,2025,4
612,612#612@r0c0,612,200,18,0.03499192953789131,C02A251012C1,351.2,212.3,5.11,83.9,95.8,,,25050102,70,6,12,A线,2505,25,2025,5
612,612#612@r0c0,612,200,19,0.036924855030588045,C02A251021C3,370.6,217.3,4.8,87.1,97.5,,,25050117,70,6,12,A线,2505,25,2025,5
613,613#613@r0c0,613,240,1,0.0780272432089966,C02A251221C1,788.2,242.0,3.79,91.2,98.2,,,25060141,71,6,13,A线,2506,25,2025,6
613,613#613@r0c0,613,240,2,0.055614952086798126,24LMB0981B1,561.8,279.6,5.24,89.6,97.6,,,24060204,71,6,13,LMB(外购/旧料),2406,,2024,6
613,613#613@r0c0,613,240,3,0.07939336342757583,C02A251221C2,802.0,237.9,3.94,91.0,98.0,,,25060142,71,6,13,A线,2506,25,2025,6
613,613#613@r0c0,613,240,4,0.03821176843272353,24LMB0981C2,386.0,277.8,5.13,89.6,97.2,,,24060208,71,6,13,LMB(外购/旧料),2406,,2024,6
613,613#613@r0c0,613,240,5,0.05856497980517938,C02A251221D1,591.6,214.5,3.97,90.8,98.0,,,25060143,71,6,13,A线,2506,25,2025,6
613,613#613@r0c0,613,240,6,,C02A241711C1,0.0,285.3,5.38,91.4,98.5,,,24120076,71,6,13,A线,2412,24,2024,12
613,613#613@r0c0,613,240,7,0.04888334521263958,C02A241732A1,493.8,288.6,5.66,85.7,97.1,,,24120117,71,6,13,A线,2412,24,2024,12
613,613#613@r0c0,613,240,8,0.04625009899421873,C02A241791B2,467.2,284.6,5.13,91.2,98.2,,,24120229,71,6,13,A线,2412,24,2024,12
613,613#613@r0c0,613,240,9,0.08058129405242734,C02A251222A1,814.0,224.1,4.46,85.0,95.8,,,25060144,71,6,13,A线,2506,25,2025,6
613,613#613@r0c0,613,240,10,0.032846281777144215,C02A241791C1,331.8,283.7,5.11,90.6,98.0,,,24120230,71,6,13,A线,2412,24,2024,12
613,613#613@r0c0,613,240,11,0.048229983368971246,C02A241791D2,487.2,272.7,5.19,92.9,99.1,,,24120232,71,6,13,A线,2412,24,2024,12
613,613#613@r0c0,613,240,12,0.04132018690108497,C02A251211C1,417.4,259.5,4.46,89.1,97.4,,,25060126,71,6,13,A线,2506,25,2025,6
613,613#613@r0c0,613,240,13,0.03979567593252554,C02A241791F1,402.0,270.1,5.57,91.8,99.0,,,24120235,71,6,13,A线,2412,24,2024,12
613,613#613@r0c0,613,240,14,0.056327710461709035,24LMB0973A1,569.0,205.1,5.63,73.1,90.3,,,24060188,71,6,13,LMB(外购/旧料),2406,,2024,6
613,613#613@r0c0,613,240,15,0.04290409440088699,C02A250161D2,433.4,266.6,5.24,90.9,98.8,,,25010431,71,6,13,A线,2501,25,2025,1
613,613#613@r0c0,613,240,16,0.04832897758770888,C02A251202A1,488.2,234.8,5.73,83.5,95.2,,,25060111,71,6,13,A线,2506,25,2025,6
613,613#613@r0c0,613,240,17,0.030767403183654073,C02A251211D2,310.8,238.8,4.75,86.6,97.1,,,25060128,71,6,13,A线,2506,25,2025,6
613,613#613@r0c0,613,240,18,0.048507167181436606,C02A250562A2,490.0,238.2,5.9,77.3,93.9,,,25030283,71,6,13,A线,2503,25,2025,3
613,613#613@r0c0,613,240,19,0.023719014809535123,C02A251102A1,239.6,235.9,4.63,88.8,97.7,,,25050232,71,6,13,A线,2505,25,2025,5
613,613#613@r0c0,613,240,20,0.049655500118793064,C02A250043A3,501.6,233.6,6.03,77.4,92.7,,,25010106,71,6,13,A线,2501,25,2025,1
613,613#613@r0c0,613,240,21,0.05207095905599113,C02A250311C2,526.0,281.2,5.3,90.4,98.0,,,25020237,71,6,13,A线,2502,25,2025,2
614,614#614@r0c0,614,220,1,0.05085865257595773,C02A250042B2,508.2,256.9,5.16,83.2,94.6,,,25010100,72,6,14,A线,2501,25,2025,1
614,614#614@r0c0,614,220,2,0.04947760297826348,C02A250042B3,494.4,257.2,5.16,83.3,94.7,,,25010101,72,6,14,A线,2501,25,2025,1
614,614#614@r0c0,614,220,3,0.05117889596093031,C02A250141D2,511.4,254.5,5.02,91.5,98.7,,,25010384,72,6,14,A线,2501,25,2025,1
614,614#614@r0c0,614,220,4,0.050598454825667515,C02A250202A2,505.6,212.1,5.3,84.2,96.6,,,25010552,72,6,14,A线,2501,25,2025,1
614,614#614@r0c0,614,220,5,0.04993795284416157,C02A250782C1,499.0,220.8,5.16,79.2,93.6,,,25040208,72,6,14,A线,2504,25,2025,4
614,614#614@r0c0,614,220,6,0.07715864056683079,C02A250851C1,771.0,239.9,4.38,91.7,98.7,,,25040336,72,6,14,A线,2504,25,2025,4
614,614#614@r0c0,614,220,7,0.04659541251351027,C02A250881D1,465.6,225.3,4.77,85.6,96.0,,,25040397,72,6,14,A线,2504,25,2025,4
614,614#614@r0c0,614,220,8,0.042832552740082463,C02A250881D2,428.0,221.3,4.75,85.4,96.0,,,25040398,72,6,14,A线,2504,25,2025,4
614,614#614@r0c0,614,220,9,0.04883711620831832,C02A250932A1,488.0,208.9,5.44,83.8,96.1,,,25040499,72,6,14,A线,2504,25,2025,4
614,614#614@r0c0,614,220,10,0.05167927624994996,C02A250951C2,516.4,222.0,5.11,90.0,98.6,,,25040534,72,6,14,A线,2504,25,2025,4
614,614#614@r0c0,614,220,11,0.048777070573635964,C02A251021C2,487.4,241.9,4.61,89.4,97.9,,,25050116,72,6,14,A线,2505,25,2025,5
614,614#614@r0c0,614,220,12,0.028962011128457626,C02A251021E1,289.4,210.4,4.86,86.6,97.5,,,25050119,72,6,14,A线,2505,25,2025,5
614,614#614@r0c0,614,220,13,0.04179176173892159,24LMB0722C1,417.6,212.1,5.57,80.7,93.6,,,24050136,72,6,14,LMB(外购/旧料),2405,,2024,5
614,614#614@r0c0,614,220,14,0.07777911212521517,C02A251192A1,777.2,246.9,5.24,83.4,95.6,,,25060094,72,6,14,A线,2506,25,2025,6
614,614#614@r0c0,614,220,15,0.048416796765541815,C02A251212A1,483.8,234.6,4.8,85.9,97.0,,,25060129,72,6,14,A线,2506,25,2025,6
614,614#614@r0c0,614,220,16,0.04867699451583203,C02A251212B1,486.4,235.4,4.82,85.9,96.9,,,25060130,72,6,14,A线,2506,25,2025,6
614,614#614@r0c0,614,220,17,0.073956206717105,C02A251032A1,739.0,210.0,4.8,85.7,97.1,,,25050138,72,6,14,A线,2505,25,2025,5
614,614#614@r0c0,614,220,18,0.043933389375925704,C02A251012B1,439.0,217.3,4.82,85.9,97.0,,,25050100,72,6,14,A线,2505,25,2025,5
614,614#614@r0c0,614,220,19,0.04821664464993395,C02A250982B1,481.8,204.3,4.97,86.5,97.5,,,25050039,72,6,14,A线,2505,25,2025,5
614,614#614@r0c0,614,220,20,0.020335454945758776,C02A250931C4,203.2,227.1,4.94,89.5,97.8,,,25040497,72,6,14,A线,2504,25,2025,4
615,615#615@r0c0,615,200,1,0.05064924750823968,C02A250281F2,510.2,219.4,5.08,86.4,97.1,,,25020157,73,6,15,A线,2502,25,2025,2
615,615#615@r0c0,615,200,2,0.03113211293332804,C02A250593A1,313.6,193.0,4.82,80.5,95.1,,,25030339,73,6,15,A线,2503,25,2025,3
615,615#615@r0c0,615,200,3,0.05086764881070563,C02A250692A1,512.4,207.4,4.69,88.9,98.6,,,25040040,73,6,15,A线,2504,25,2025,4
615,615#615@r0c0,615,200,4,0.07864432355160227,C02A250692B1,792.2,208.5,4.69,89.0,98.8,,,25040041,73,6,15,A线,2504,25,2025,4
615,615#615@r0c0,615,200,5,0.0786641782154628,C02A250692C1,792.4,215.2,5.13,85.9,96.9,,,25040042,73,6,15,A线,2504,25,2025,4
615,615#615@r0c0,615,200,6,0.07572568796410276,C02A250702A2,762.8,208.3,4.61,88.2,98.4,,,25040058,73,6,15,A线,2504,25,2025,4
615,615#615@r0c0,615,200,7,0.05033157288647103,C02A250712A1,507.0,214.8,5.0,88.7,98.1,,,25040076,73,6,15,A线,2504,25,2025,4
615,615#615@r0c0,615,200,8,0.05146328872652185,C02A250732C1,518.4,219.3,5.0,89.9,98.7,,,25040113,73,6,15,A线,2504,25,2025,4
615,615#615@r0c0,615,200,9,0.043025056585792,C02A250791E2,433.4,208.0,4.57,86.9,97.7,,,25040223,73,6,15,A线,2504,25,2025,4
615,615#615@r0c0,615,200,10,0.05033157288647103,C02A251022A2,507.0,207.5,5.38,84.4,96.4,,,25050121,73,6,15,A线,2505,25,2025,5
615,615#615@r0c0,615,200,11,0.040007147678989795,C02A251032B1,403.0,204.9,5.08,81.1,94.7,,,25050140,73,6,15,A线,2505,25,2025,5
615,615#615@r0c0,615,200,12,0.07014652741929078,C02A251041D1,706.6,205.3,4.57,89.1,98.4,,,25050151,73,6,15,A线,2505,25,2025,5
615,615#615@r0c0,615,200,13,0.07362109359488543,C02A251041D2,741.6,207.5,4.61,88.8,98.2,,,25050152,73,6,15,A线,2505,25,2025,5
615,615#615@r0c0,615,200,14,0.025711789699400387,C02A251042A1,259.0,199.5,5.0,85.3,96.6,,,25050153,73,6,15,A线,2505,25,2025,5
615,615#615@r0c0,615,200,15,0.047134972004923954,C02A251082C1,474.8,217.5,5.38,84.1,96.2,,,25050206,73,6,15,A线,2505,25,2025,5
615,615#615@r0c0,615,200,16,0.045566453559941225,C02A251242B1,459.0,199.6,5.0,82.8,95.9,,,25060180,73,6,15,A线,2506,25,2025,6
615,615#615@r0c0,615,200,17,0.015863876424572133,C02A251252B1,159.8,220.0,4.97,84.9,96.6,,,25060196,73,6,15,A线,2506,25,2025,6
615,615#615@r0c0,615,200,18,0.0793392367867212,C02A251272A1,799.2,210.5,5.55,75.4,92.3,,,25060233,73,6,15,A线,2506,25,2025,6
615,615#615@r0c0,615,200,19,0.04177421276257793,C02A251272B1,420.8,212.2,5.68,75.4,92.5,,,25060234,73,6,15,A线,2506,25,2025,6
616,616#616@r0c0,616,160,1,0.05149283439490446,C02A250283A2,517.4,177.2,5.13,46.6,76.6,11.36,,25020170,74,6,16,A线,2502,25,2025,2
616,616#616@r0c0,616,160,2,0.05019904458598726,C02A250672B1,504.4,211.9,5.16,82.5,95.2,11.0,,25040005,74,6,16,A线,2504,25,2025,4
616,616#616@r0c0,616,160,3,0.03387738853503185,C02A250672B2,340.4,210.3,5.13,81.8,94.9,10.84,,25040006,74,6,16,A线,2504,25,2025,4
616,616#616@r0c0,616,160,4,0.04934315286624204,C02A250754A1,495.8,119.1,2.87,75.7,94.6,12.07,,25040157,74,6,16,A线,2504,25,2025,4
616,616#616@r0c0,616,160,5,0.026612261146496813,C02A250771D3,267.4,233.3,4.29,90.9,98.8,11.44,,25040184,74,6,16,A线,2504,25,2025,4
616,616#616@r0c0,616,160,6,0.050039808917197455,C02A250772B2,502.8,200.7,5.02,84.8,96.9,11.52,,25040187,74,6,16,A线,2504,25,2025,4
616,616#616@r0c0,616,160,7,0.046576433121019105,C02A250781C1,468.0,229.7,4.32,89.7,98.4,12.06,,25040202,74,6,16,A线,2504,25,2025,4
616,616#616@r0c0,616,160,8,0.04890525477707006,C02A250962A1,491.4,236.1,4.29,88.5,98.8,10.34,,25040554,74,6,16,A线,2504,25,2025,4
616,616#616@r0c0,616,160,9,0.022492038216560508,C02A250962B3,226.0,220.5,4.72,86.6,98.0,11.15,,25040558,74,6,16,A线,2504,25,2025,4
616,616#616@r0c0,616,160,10,0.037082006369426754,C02A251204A1,372.6,161.6,4.49,77.0,93.6,11.8,,25060115,74,6,16,A线,2506,25,2025,6
616,616#616@r0c0,616,160,11,0.04402866242038216,C02A251244A2,442.4,115.3,3.15,83.3,96.2,12.36,,25060184,74,6,16,A线,2506,25,2025,6
616,616#616@r0c0,616,160,12,0.022292993630573247,C02A251251A1,224.0,245.6,3.79,90.4,98.3,11.35,,25060189,74,6,16,A线,2506,25,2025,6
616,616#616@r0c0,616,160,13,0.04576035031847134,C02A251251C2,459.8,240.9,3.94,86.1,96.3,10.73,,25060193,74,6,16,A线,2506,25,2025,6
616,616#616@r0c0,616,160,14,0.07671178343949044,C02A251254C1,770.8,107.7,3.03,80.4,96.4,11.98,,25060201,74,6,16,A线,2506,25,2025,6
616,616#616@r0c0,616,160,15,0.04315286624203822,C02A251263A2,433.6,163.8,4.23,76.0,93.6,11.08,,25060217,74,6,16,A线,2506,25,2025,6
616,616#616@r0c0,616,160,16,0.07607484076433121,C02A251264B2,764.4,119.1,3.18,78.8,95.8,12.34,,25060221,74,6,16,A线,2506,25,2025,6
616,616#616@r0c0,616,160,17,0.08180732484076433,C02A251274B1,822.0,125.1,3.18,79.0,95.5,12.08,,25060238,74,6,16,A线,2506,25,2025,6
616,616#616@r0c0,616,160,18,0.024144108280254775,C02A251274C1,242.6,143.0,3.4,77.7,94.6,10.86,,25060240,74,6,16,A线,2506,25,2025,6
616,616#616@r0c0,616,160,19,0.07985668789808917,C02A251284A1,802.4,149.5,3.65,79.4,94.8,11.28,,25060249,74,6,16,A线,2506,25,2025,6
616,616#616@r0c0,616,160,20,0.029777070063694268,C02A251284B1,299.2,144.5,3.53,79.4,94.9,11.61,,25060250,74,6,16,A线,2506,25,2025,6
616,616#616@r0c0,616,160,21,0.03232484076433121,C02A251001E1,324.8,212.8,4.41,88.5,98.2,12.4,,25050078,74,6,16,A线,2505,25,2025,5
616,616#616@r0c0,616,160,22,0.027448248407643313,C02A251262B1,275.8,209.6,5.66,77.7,93.2,11.63,,25060215,74,6,16,A线,2506,25,2025,6
701,701#701@r0c0,701,140,1,0.08448317115967459,C02A251273A1,847.4,160.3,4.34,75.3,92.6,,,25060235,75,7,1,A线,2506,25,2025,6
701,701#701@r0c0,701,140,2,0.04829318870633275,C02A251273B1,484.4,153.9,4.15,75.6,92.6,,,25060236,75,7,1,A线,2506,25,2025,6
701,701#701@r0c0,701,140,3,0.07112378369755942,C02A250452A2,713.4,257.6,5.3,88.2,97.6,,,25030097,75,7,1,A线,2503,25,2025,3
701,701#701@r0c0,701,140,4,0.052281065560695485,C02A241934A4,524.4,112.4,3.06,66.0,86.8,,,24120614,75,7,1,A线,2412,24,2024,12
701,701#701@r0c0,701,140,5,0.03862258733450311,C02A250243B3,387.4,127.9,3.28,64.2,86.8,,,25020055,75,7,1,A线,2502,25,2025,2
701,701#701@r0c0,701,140,6,0.03168368160791195,C02A251271E1,317.8,235.1,5.22,85.2,96.5,,,25060231,75,7,1,A线,2506,25,2025,6
701,701#701@r0c0,701,140,7,0.03497368001276121,C02A250243C1,350.8,113.1,2.9,60.8,83.7,,,25020056,75,7,1,A线,2502,25,2025,2
701,701#701@r0c0,701,140,8,0.05232094432923911,C02A250244A1,524.8,111.7,2.93,70.9,90.8,,,25020057,75,7,1,A线,2502,25,2025,2
701,701#701@r0c0,701,140,9,0.037625618120912425,C02A250244C3,377.4,119.2,3.15,67.3,88.9,,,25020062,75,7,1,A线,2502,25,2025,2
701,701#701@r0c0,701,140,10,0.07317754027755623,C02A251264C1,734.0,107.5,2.96,76.2,94.8,,,25060222,75,7,1,A线,2506,25,2025,6
701,701#701@r0c0,701,140,11,0.06691657361620675,C02A250452B1,671.2,254.8,5.49,85.5,96.9,,,25030098,75,7,1,A线,2503,25,2025,3
701,701#701@r0c0,701,140,12,0.06436433242941458,C02A251264D1,645.6,107.3,2.96,76.8,95.2,,,25060223,75,7,1,A线,2506,25,2025,6
701,701#701@r0c0,701,140,13,0.0515632477269102,C02A250774B2,517.2,112.1,2.74,80.5,96.4,,,25040196,75,7,1,A线,2504,25,2025,4
701,701#701@r0c0,701,140,14,0.04318870633274845,C02A250874B1,433.2,101.7,2.7,78.4,95.3,,,25040388,75,7,1,A线,2504,25,2025,4
701,701#701@r0c0,701,140,15,0.04669803796458765,C02A251283A2,468.4,233.4,5.44,76.8,93.3,,,25060248,75,7,1,A线,2506,25,2025,6
701,701#701@r0c0,701,140,16,0.04907082469293348,C02A251204D2,492.2,117.7,2.99,75.5,93.4,,,25060120,75,7,1,A线,2506,25,2025,6
701,701#701@r0c0,701,140,17,0.042032222044983254,C02A251263A3,421.6,139.5,3.65,77.3,94.4,,,25060218,75,7,1,A线,2506,25,2025,6
701,701#701@r0c0,701,140,18,0.037864890732174195,C02A251264A1,379.8,123.8,3.28,78.5,95.4,,,25060219,75,7,1,A线,2506,25,2025,6
701,701#701@r0c0,701,140,19,0.0737159036528952,C02A251034B1,739.4,114.8,3.12,75.4,93.6,,,25050145,75,7,1,A线,2505,25,2025,5
702-2,702-2#702@r0c0,702,140,1,0.07725296206167472,C02A251293B1,774.6,148.8,3.82,82.4,96.0,12.19,,25060263,76,7,2,A线,2506,25,2025,6
702-2,702-2#702@r0c0,702,140,2,0.0498464116168668,C02A250803B1,499.8,143.3,3.77,72.3,92.6,10.73,,25040250,76,7,2,A线,2504,25,2025,4
702-2,702-2#702@r0c0,702,140,3,0.0860094945545937,C02A251294D1,862.4,108.0,2.57,73.1,92.1,11.87,,25060267,76,7,2,A线,2506,25,2025,6
702-2,702-2#702@r0c0,702,140,4,0.040730841345194876,C02A251294D2,408.4,104.0,2.57,72.4,91.5,11.96,,25060268,76,7,2,A线,2506,25,2025,6
702-2,702-2#702@r0c0,702,140,5,0.03865640084573344,C02A251252A2,387.6,227.3,4.61,85.5,96.6,10.41,,25060195,76,7,2,A线,2506,25,2025,6
702-2,702-2#702@r0c0,702,140,6,0.04958710655443412,C02A251284C2,497.2,117.1,2.9,79.1,95.4,12.42,,25060252,76,7,2,A线,2506,25,2025,6
702-2,702-2#702@r0c0,702,140,7,0.049467427294849806,C02A251284C3,496.0,117.4,2.93,79.1,95.3,12.96,,25060253,76,7,2,A线,2506,25,2025,6
702-2,702-2#702@r0c0,702,140,8,0.04966689272749033,C02A251262A1,498.0,216.8,5.52,79.9,94.2,11.53,,25060213,76,7,2,A线,2506,25,2025,6
702-2,702-2#702@r0c0,702,140,9,0.03995292615789684,C02A250994C1,400.6,128.5,3.03,78.7,94.7,11.84,,25050069,76,7,2,A线,2505,25,2025,5
702-2,702-2#702@r0c0,702,140,10,0.03165516416005106,C02A251262A2,317.4,210.4,5.66,78.1,93.3,11.94,,25060214,76,7,2,A线,2506,25,2025,6
702-2,702-2#702@r0c0,702,140,11,0.07565723860055053,C02A251294B1,758.6,140.5,3.34,80.1,95.0,11.5,,25060265,76,7,2,A线,2506,25,2025,6
702-2,702-2#702@r0c0,702,140,12,0.04952726692464197,C02A251284C1,496.6,144.5,3.49,79.3,94.8,11.63,,25060251,76,7,2,A线,2506,25,2025,6
702-2,702-2#702@r0c0,702,140,13,0.045896996050584435,C02A251263A1,460.2,208.7,5.49,77.3,93.0,11.59,,25060216,76,7,2,A线,2506,25,2025,6
702-2,702-2#702@r0c0,702,140,14,0.05263892767383412,C02A250803B2,527.8,138.2,3.61,72.1,92.4,10.59,,25040251,76,7,2,A线,2504,25,2025,4
702-2,702-2#702@r0c0,702,140,15,0.048849084453664184,C02A250932A2,489.8,205.2,5.81,78.7,93.8,10.69,,25040500,76,7,2,A线,2504,25,2025,4
702-2,702-2#702@r0c0,702,140,16,0.05032512865520406,C02A250932A3,504.6,201.7,6.09,76.0,92.7,10.82,,25040501,76,7,2,A线,2504,25,2025,4
702-2,702-2#702@r0c0,702,140,17,0.047233414449275944,C02A251284D1,473.6,109.8,2.77,79.2,95.5,13.63,,25060254,76,7,2,A线,2506,25,2025,6
702-2,702-2#702@r0c0,702,140,18,0.030697730083376555,C02A251244B2,307.8,117.4,3.03,81.7,96.1,11.69,,25060186,76,7,2,A线,2506,25,2025,6
702-2,702-2#702@r0c0,702,140,19,0.04733314716559621,C02A251244C1,474.6,111.4,2.9,79.7,95.3,10.84,,25060187,76,7,2,A线,2506,25,2025,6
702-2,702-2#702@r0c0,702,140,20,0.03901543862448638,C02A251233A3,391.2,157.0,3.94,83.8,96.3,11.37,,25060165,76,7,2,A线,2506,25,2025,6
703,703#703@r0c0,703,160,1,0.04524313733251529,C02A251303A2,457.2,166.8,4.49,81.5,95.7,11.98,,25060276,77,7,3,A线,2506,25,2025,6
703,703#703@r0c0,703,160,2,0.03562451758465771,C02A251303A3,360.0,163.8,4.43,81.4,95.6,12.19,,25060277,77,7,3,A线,2506,25,2025,6
703,703#703@r0c0,703,160,3,0.07867080966611911,C02A251304A1,795.0,124.9,3.43,83.3,97.0,12.49,,25060278,77,7,3,A线,2506,25,2025,6
703,703#703@r0c0,703,160,4,0.08104577750509628,C02A251301B1,819.0,268.2,4.29,91.6,98.5,11.42,,25060270,77,7,3,A线,2506,25,2025,6
703,703#703@r0c0,703,160,5,0.06647930809270292,C02A251304B1,671.8,120.9,3.31,83.2,96.9,12.51,,25060279,77,7,3,A线,2506,25,2025,6
703,703#703@r0c0,703,160,6,0.03109228729194292,C02A251301A1,314.2,269.2,4.08,91.5,98.6,11.56,,25060269,77,7,3,A线,2506,25,2025,6
703,703#703@r0c0,703,160,7,0.07861143547014468,C02A251224A1,794.4,140.5,3.65,81.4,96.1,12.02,,25060149,77,7,3,A线,2506,25,2025,6
703,703#703@r0c0,703,160,8,0.02046430621252004,C02A251224A2,206.8,142.8,3.67,80.8,95.8,11.42,,25060150,77,7,3,A线,2506,25,2025,6
703,703#703@r0c0,703,160,9,0.04755873097551804,C02A251224C1,480.6,121.6,3.18,77.6,94.8,11.0,,25060153,77,7,3,A线,2506,25,2025,6
703,703#703@r0c0,703,160,10,0.06404496605775131,C02A251301B2,647.2,249.8,4.61,90.5,98.2,11.27,,25060271,77,7,3,A线,2506,25,2025,6
703,703#703@r0c0,703,160,11,0.02515486769449997,C02A251224C2,254.2,111.6,2.9,74.7,93.7,10.14,,25060154,77,7,3,A线,2506,25,2025,6
703,703#703@r0c0,703,160,12,0.06938864369544996,C02A251224D1,701.2,113.5,2.9,74.6,93.9,9.83,,25060155,77,7,3,A线,2506,25,2025,6
703,703#703@r0c0,703,160,13,0.04738060838759475,C02A250302B2,478.8,232.2,5.79,69.3,89.5,11.19,,25020220,77,7,3,A线,2502,25,2025,2
703,703#703@r0c0,703,160,14,0.050052447206444084,C02A250304B1,505.8,132.4,3.65,64.0,88.3,10.62,,25020226,77,7,3,A线,2502,25,2025,2
703,703#703@r0c0,703,160,15,0.05046806657826509,C02A250304B2,510.0,133.2,3.58,64.7,88.6,10.81,,25020227,77,7,3,A线,2502,25,2025,2
703,703#703@r0c0,703,160,16,0.02988501197379619,C02A250312C2,302.0,228.6,6.58,69.8,89.0,11.41,,25020250,77,7,3,A线,2502,25,2025,2
703,703#703@r0c0,703,160,17,0.04977536762523008,C02A250324A2,503.0,119.4,3.06,63.4,88.0,11.67,,25020283,77,7,3,A线,2502,25,2025,2
703,703#703@r0c0,703,160,18,0.04860767510439963,C02A250324A3,491.2,118.7,3.18,64.0,88.3,13.87,,25020284,77,7,3,A线,2502,25,2025,2
703,703#703@r0c0,703,160,19,0.08045203554535199,C02A251301C1,813.0,247.0,4.57,90.8,98.7,11.32,,25060272,77,7,3,A线,2506,25,2025,6
704,704#704@r0c0,704,200,1,0.07766354398221659,C02A251232A1,782.6,215.4,5.08,88.4,97.6,,,25060161,78,7,4,A线,2506,25,2025,6
704,704#704@r0c0,704,200,2,0.07740552556367102,C02A251292A1,780.0,213.1,4.69,86.4,97.2,,,25060260,78,7,4,A线,2506,25,2025,6
704,704#704@r0c0,704,200,3,0.07504366465544618,C02A251302A1,756.2,225.5,5.22,86.1,97.0,,,25060273,78,7,4,A线,2506,25,2025,6
704,704#704@r0c0,704,200,4,0.06837488091457607,C02A251302A2,689.0,218.0,5.08,85.2,96.7,,,25060274,78,7,4,A线,2506,25,2025,6
704,704#704@r0c0,704,200,5,0.044061606859320424,C02A251303A1,444.0,192.3,4.75,83.9,96.4,,,25060275,78,7,4,A线,2506,25,2025,6
704,704#704@r0c0,704,200,6,0.06857335662114958,C02A251232B1,691.0,214.3,5.05,88.3,97.5,,,25060162,78,7,4,A线,2506,25,2025,6
704,704#704@r0c0,704,200,7,0.05039298189901557,C02A251292A2,507.8,215.2,4.69,86.6,97.5,,,25060261,78,7,4,A线,2506,25,2025,6
704,704#704@r0c0,704,200,8,0.0701611622737377,C02A251252A1,707.0,215.8,4.89,84.4,96.2,,,25060194,78,7,4,A线,2506,25,2025,6
704,704#704@r0c0,704,200,9,0.07758415369958717,C02A251253A1,781.8,175.0,4.61,81.6,95.6,,,25060197,78,7,4,A线,2506,25,2025,6
704,704#704@r0c0,704,200,10,0.0811765639885678,C02A251242A1,818.0,201.8,5.05,82.9,95.9,,,25060179,78,7,4,A线,2506,25,2025,6
704,704#704@r0c0,704,200,11,0.048507462686567165,C02A250572A1,488.8,265.8,5.11,87.9,97.2,,,25030299,78,7,4,A线,2503,25,2025,3
704,704#704@r0c0,704,200,12,0.021713242299142586,C02A251223A1,218.8,191.5,4.61,80.8,94.7,,,25060146,78,7,4,A线,2506,25,2025,6
704,704#704@r0c0,704,200,13,0.07829866624325184,C02A251223B1,789.0,176.4,4.69,78.9,94.4,,,25060147,78,7,4,A线,2506,25,2025,6
704,704#704@r0c0,704,200,14,0.029255319148936174,C02A250472A1,294.8,257.8,5.24,86.3,96.4,,,25030131,78,7,4,A线,2503,25,2025,3
704,704#704@r0c0,704,200,15,0.027965227056208325,C02A251223B2,281.8,179.7,4.72,78.6,94.1,,,25060148,78,7,4,A线,2506,25,2025,6
704,704#704@r0c0,704,200,16,0.037432518259765006,C02A251192B1,377.2,225.8,5.6,77.6,92.7,,,25060095,78,7,4,A线,2506,25,2025,6
704,704#704@r0c0,704,200,17,0.03209352175293744,C02A251192C1,323.4,220.1,5.6,76.6,92.0,,,25060096,78,7,4,A线,2506,25,2025,6
704,704#704@r0c0,704,200,18,0.03429660209590347,C02A251083A2,345.6,188.9,4.94,81.1,95.7,,,25050209,78,7,4,A线,2505,25,2025,5
705,705#705@r0c0,705,150,1,0.3333333333333333,C02A251293A1,20.0,156.9,3.85,82.4,96.2,,,25060262,79,7,5,A线,2506,25,2025,6
705,705#705@r0c0,705,150,2,0.3333333333333333,C02A251233A1,20.0,163.5,4.03,84.4,96.4,,,25060163,79,7,5,A线,2506,25,2025,6
705,705#705@r0c0,705,150,3,0.3333333333333333,C02A250994C2,20.0,159.5,3.4,78.2,93.7,,,25050070,79,7,5,A线,2505,25,2025,5
710,710#710@r0c0,710,240,1,0.052413212539084424,C02A250032C1,523.0,224.1,5.63,65.8,87.0,,,25010077,80,7,10,A线,2501,25,2025,1
710,710#710@r0c0,710,240,2,0.03375290627755953,C02A250082B1,336.8,226.9,5.52,67.6,87.3,,,25010220,80,7,10,A线,2501,25,2025,1
710,710#710@r0c0,710,240,3,0.04884550629359416,C02A250092B2,487.4,223.5,5.76,49.6,76.3,,,25010247,80,7,10,A线,2501,25,2025,1
710,710#710@r0c0,710,240,4,0.050408883187685403,C02A250092B1,503.0,226.8,5.71,60.8,83.5,,,25010246,80,7,10,A线,2501,25,2025,1
710,710#710@r0c0,710,240,5,0.05034875330714343,C02A250352B1,502.4,249.2,4.94,84.7,96.0,,,25020360,80,7,10,A线,2502,25,2025,2
710,710#710@r0c0,710,240,6,0.0518520003206927,C02A250381C3,517.4,279.4,5.02,90.3,98.5,,,25020446,80,7,10,A线,2502,25,2025,2
710,710#710@r0c0,710,240,7,0.07616451535316283,C02A250452A1,760.0,262.1,5.27,88.7,98.0,,,25030096,80,7,10,A线,2503,25,2025,3
710,710#710@r0c0,710,240,8,0.07135412490980518,C02A250591D2,712.0,256.8,4.97,87.9,97.4,,,25030336,80,7,10,A线,2503,25,2025,3
710,710#710@r0c0,710,240,9,0.025254549827627676,C02A250732C3,252.0,222.3,5.02,89.4,98.5,,,25040115,80,7,10,A线,2504,25,2025,4
710,710#710@r0c0,710,240,10,0.049106069109276035,C02A250801D2,490.0,241.4,4.63,90.6,98.7,,,25040243,80,7,10,A线,2504,25,2025,4
710,710#710@r0c0,710,240,11,0.04680109035516716,C02A250801D1,467.0,242.5,4.66,90.6,98.8,,,25040242,80,7,10,A线,2504,25,2025,4
710,710#710@r0c0,710,240,12,0.04744247574761485,C02A250811B3,473.4,256.0,4.52,90.6,97.9,,,25040258,80,7,10,A线,2504,25,2025,4
710,710#710@r0c0,710,240,13,0.050028060610919585,C02A250822A1,499.2,222.6,5.08,84.0,96.0,,,25040281,80,7,10,A线,2504,25,2025,4
710,710#710@r0c0,710,240,14,0.07706646356129239,C02A251201D1,769.0,268.5,4.72,90.7,97.9,,,25060109,80,7,10,A线,2506,25,2025,6
710,710#710@r0c0,710,240,15,0.026076324861701274,C02A251271A1,260.2,253.7,4.23,90.3,97.5,,,25060224,80,7,10,A线,2506,25,2025,6
710,710#710@r0c0,710,240,16,0.04844464042331436,C02A251271D1,483.4,254.9,4.49,89.4,97.8,,,25060229,80,7,10,A线,2506,25,2025,6
710,710#710@r0c0,710,240,17,0.07167481760602903,C02A251281C1,715.2,274.1,4.49,88.2,97.9,,,25060244,80,7,10,A线,2506,25,2025,6
710,710#710@r0c0,710,240,18,0.07259680910767258,C02A251401D1,724.4,235.6,4.49,83.1,95.4,,,25070066,80,7,10,A线,2507,25,2025,7
710,710#710@r0c0,710,240,19,0.05036879660065743,C02A250331D3,502.6,264.7,5.24,91.5,98.6,,,25020299,80,7,10,A线,2502,25,2025,2
711,711#711@r0c0,711,160,1,0.046829755366949576,C02A251423A1,469.0,172.3,4.43,77.4,93.0,,,25070102,81,7,11,A线,2507,25,2025,7
711,711#711@r0c0,711,160,2,0.030654018971542685,C02A251413B1,307.0,164.0,3.73,74.4,92.3,,,25070089,81,7,11,A线,2507,25,2025,7
711,711#711@r0c0,711,160,3,0.04103844233649526,C02A251422A3,411.0,205.4,5.49,75.2,91.7,,,25070101,81,7,11,A线,2507,25,2025,7
711,711#711@r0c0,711,160,4,0.0453320019970045,C02A251412A1,454.0,196.6,4.34,76.8,92.8,,,25070084,81,7,11,A线,2507,25,2025,7
711,711#711@r0c0,711,160,5,0.04746879680479281,C02A251412A2,475.4,193.0,4.29,76.5,92.5,,,25070085,81,7,11,A线,2507,25,2025,7
711,711#711@r0c0,711,160,6,0.04139790314528208,C02A251412A3,414.6,196.5,4.23,76.0,92.3,,,25070086,81,7,11,A线,2507,25,2025,7
711,711#711@r0c0,711,160,7,0.046430354468297554,C02A251421B3,465.0,258.7,3.94,91.0,98.5,,,25070096,81,7,11,A线,2507,25,2025,7
711,711#711@r0c0,711,160,8,0.046430354468297554,C02A251413A1,465.0,155.5,3.73,71.8,91.2,,,25070087,81,7,11,A线,2507,25,2025,7
711,711#711@r0c0,711,160,9,0.04818771842236645,C02A251413A2,482.6,157.7,3.7,71.7,91.1,,,25070088,81,7,11,A线,2507,25,2025,7
711,711#711@r0c0,711,160,10,0.04782825761357963,C02A251422A1,479.0,212.0,5.3,77.4,92.6,,,25070099,81,7,11,A线,2507,25,2025,7
711,711#711@r0c0,711,160,11,0.04746879680479281,C02A251422A2,475.4,206.8,5.46,75.1,91.7,,,25070100,81,7,11,A线,2507,25,2025,7
711,711#711@r0c0,711,160,12,0.08744882675986021,C02A251424A1,875.8,110.3,3.06,80.3,95.8,,,25070105,81,7,11,A线,2507,25,2025,7
711,711#711@r0c0,711,160,13,0.07207189216175736,C02A251424A2,721.8,110.0,3.09,80.4,95.9,,,25070106,81,7,11,A线,2507,25,2025,7
711,711#711@r0c0,711,160,14,0.054937593609585625,C02A251414A1,550.2,105.1,2.7,76.6,95.4,,,25070090,81,7,11,A线,2507,25,2025,7
711,711#711@r0c0,711,160,15,0.07035446829755367,C02A251421C2,704.6,239.7,4.57,88.4,97.3,,,25070098,81,7,11,A线,2507,25,2025,7
711,711#711@r0c0,711,160,16,0.060928607089365955,C02A251414B1,610.2,104.8,2.73,76.5,95.4,,,25070091,81,7,11,A线,2507,25,2025,7
711,711#711@r0c0,711,160,17,0.08509236145781328,C02A251414C1,852.2,112.3,2.83,72.9,93.0,,,25070092,81,7,11,A线,2507,25,2025,7
711,711#711@r0c0,711,160,18,0.08009985022466301,C02A251421C1,802.2,252.2,3.97,91.2,98.5,,,25070097,81,7,11,A线,2507,25,2025,7
712,712#712@r0c0,712,150,1,0.14406186849059538,C02A251433A1,741.4,172.6,4.23,69.5,90.3,,,25070121,82,7,12,A线,2507,25,2025,7
712,712#712@r0c0,712,150,2,0.0899269392196487,C02A251411C2,462.8,246.8,4.11,91.3,98.7,,,25070079,82,7,12,A线,2507,25,2025,7
712,712#712@r0c0,712,150,3,0.12707912327063578,C02A251434C1,654.0,144.2,3.28,72.3,92.1,,,25070125,82,7,12,A线,2507,25,2025,7
712,712#712@r0c0,712,150,4,0.12245453132286649,C02A250624C1,630.2,140.3,3.53,75.4,93.3,,,25030404,82,7,12,A线,2503,25,2025,3
712,712#712@r0c0,712,150,5,0.0682418778175035,C02A251393B1,351.2,164.8,4.46,79.8,94.8,,,25070056,82,7,12,A线,2507,25,2025,7
712,712#712@r0c0,712,150,6,0.1570806777553241,C02A251441B1,808.4,251.5,3.97,91.2,98.3,,,25070127,82,7,12,A线,2507,25,2025,7
712,712#712@r0c0,712,150,7,0.08269858541893363,C02A250803A1,425.6,162.5,4.38,72.4,92.1,,,25040249,82,7,12,A线,2504,25,2025,4
712,712#712@r0c0,712,150,8,0.09311363283071662,C02A251233A1,479.2,163.5,4.03,84.4,96.4,,,25060163,82,7,12,A线,2506,25,2025,6
712,712#712@r0c0,712,150,9,0.11534276387377586,C02A251442A2,593.6,164.3,4.26,78.9,94.2,,,25070131,82,7,12,A线,2507,25,2025,7
713,713#713@r0c0,713,120,1,0.04675222112537019,C02A251204C1,473.6,139.0,3.53,75.3,92.8,,9.2,25060118,83,7,13,A线,2506,25,2025,6
713,713#713@r0c0,713,120,2,0.04769990128331688,C02A251204B2,483.2,140.0,3.7,75.5,92.5,,9.2,25060117,83,7,13,A线,2506,25,2025,6
713,713#713@r0c0,713,120,3,0.05042448173741362,C02A250784A2,510.8,110.1,2.87,77.3,94.9,,9.4,25040213,83,7,13,A线,2504,25,2025,4
713,713#713@r0c0,713,120,4,0.03893385982230997,C02A250784B1,394.4,111.9,2.83,77.6,95.2,,9.4,25040214,83,7,13,A线,2504,25,2025,4
713,713#713@r0c0,713,120,5,0.051076011846001974,C02A250984A2,517.4,121.9,3.18,81.9,96.7,,9.9,25050046,83,7,13,A线,2505,25,2025,5
713,713#713@r0c0,713,120,6,0.04929911154985192,C02A250743A2,499.4,105.7,2.77,82.1,97.2,,6.1,25040137,83,7,13,A线,2504,25,2025,4
713,713#713@r0c0,713,120,7,0.039407699901283316,C02A250743A3,399.2,106.2,2.74,82.2,97.3,,6.1,25040138,83,7,13,A线,2504,25,2025,4
713,713#713@r0c0,713,120,8,0.048173741362290225,C02A250743A1,488.0,107.5,2.74,82.0,96.8,,6.1,25040136,83,7,13,A线,2504,25,2025,4
713,713#713@r0c0,713,120,9,0.048608094768015794,C02A250574B2,492.4,132.2,3.61,72.6,93.1,,9.3,25030307,83,7,13,A线,2503,25,2025,3
713,713#713@r0c0,713,120,10,0.04835143139190523,C02A250574C1,489.8,134.3,3.58,72.7,93.1,,9.3,25030308,83,7,13,A线,2503,25,2025,3
713,713#713@r0c0,713,120,11,0.051846001974333665,C02A250664A1,525.2,130.1,3.03,71.1,90.7,,8.1,25030479,83,7,13,A线,2503,25,2025,3
713,713#713@r0c0,713,120,12,0.049575518262586375,C02A250273C2,502.2,107.9,3.06,66.3,90.2,,9.4,25020143,83,7,13,A线,2502,25,2025,2
713,713#713@r0c0,713,120,13,0.06481737413622903,C02A251443A2,656.6,156.6,4.15,78.5,94.1,,11.2,25070133,83,7,13,A线,2507,25,2025,7
713,713#713@r0c0,713,120,14,0.07842053307008884,C02A251443A1,794.4,159.6,4.17,79.1,94.3,,11.2,25070132,83,7,13,A线,2507,25,2025,7
713,713#713@r0c0,713,120,15,0.07954590325765054,C02A251454A1,805.8,121.3,3.67,82.4,97.0,,13.8,25070146,83,7,13,A线,2507,25,2025,7
713,713#713@r0c0,713,120,16,0.07202369200394867,C02A251394B1,729.6,126.6,3.53,81.3,96.4,,10.7,25070058,83,7,13,A线,2507,25,2025,7
713,713#713@r0c0,713,120,17,0.05243830207305035,C02A250273A1,531.2,181.4,4.72,59.6,85.1,,9.4,25020138,83,7,13,A线,2502,25,2025,2
713,713#713@r0c0,713,120,18,0.03579466929911155,C02A250983A3,362.6,146.7,3.7,80.1,95.4,,11.5,25050044,83,7,13,A线,2505,25,2025,5
713,713#713@r0c0,713,120,19,0.046811451135241856,C02A250624A2,474.2,122.9,3.28,78.4,95.1,,12.0,25030401,83,7,13,A线,2503,25,2025,3
714,714#714@r0c0,714,140,1,0.07909682781548691,C02A250802B2,799.4,196.7,5.6,72.9,91.7,12.08,,25040248,84,7,14,A线,2504,25,2025,4
714,714#714@r0c0,714,140,2,0.07602952526072071,C02A251464A1,768.4,132.5,3.61,79.4,95.8,11.07,,25070160,84,7,14,A线,2507,25,2025,7
714,714#714@r0c0,714,140,3,0.07345694892446519,C02A251493A1,742.4,201.5,5.35,73.9,91.9,11.9,,25070196,84,7,14,A线,2507,25,2025,7
714,714#714@r0c0,714,140,4,0.0497496685334336,C02A251494B2,502.8,107.5,3.15,81.9,96.8,13.51,,25070200,84,7,14,A线,2507,25,2025,7
714,714#714@r0c0,714,140,5,0.043911899155007615,C02A251431B1,443.8,273.1,3.97,89.6,98.4,10.98,,25070112,84,7,14,A线,2507,25,2025,7
714,714#714@r0c0,714,140,6,0.06069301248688975,C02A251464B1,613.4,128.1,3.46,80.0,96.2,11.44,,25070161,84,7,14,A线,2507,25,2025,7
714,714#714@r0c0,714,140,7,0.0850137533888746,C02A251464C1,859.2,105.4,2.93,76.0,95.4,11.99,,25070162,84,7,14,A线,2507,25,2025,7
714,714#714@r0c0,714,140,8,0.0415570023548968,C02A251492A2,420.0,226.9,4.89,82.9,95.8,12.05,,25070195,84,7,14,A线,2507,25,2025,7
714,714#714@r0c0,714,140,9,0.07035006827221815,C02A251464D1,711.0,110.9,2.99,76.7,95.5,12.11,,25070163,84,7,14,A线,2507,25,2025,7
714,714#714@r0c0,714,140,10,0.05851621712544278,C02A251444C1,591.4,115.2,2.83,75.3,94.0,11.18,,25070136,84,7,14,A线,2507,25,2025,7
714,714#714@r0c0,714,140,11,0.049809035679654876,C02A250802B1,503.4,199.4,5.63,73.8,91.6,11.94,,25040247,84,7,14,A线,2504,25,2025,4
714,714#714@r0c0,714,140,12,0.04739477173332278,C02A251474A1,479.0,124.0,3.36,78.7,95.2,11.57,,25070171,84,7,14,A线,2507,25,2025,7
714,714#714@r0c0,714,140,13,0.05200562008984228,C02A251474A2,525.6,116.7,3.31,78.5,95.0,11.76,,25070172,84,7,14,A线,2507,25,2025,7
714,714#714@r0c0,714,140,14,0.052064987236063565,C02A251364A1,526.2,225.1,4.49,74.6,91.3,10.24,,25070022,84,7,14,A线,2507,25,2025,7
714,714#714@r0c0,714,140,15,0.08176834939544456,C02A251434B1,826.4,116.7,3.09,76.5,94.8,10.93,,25070124,84,7,14,A线,2507,25,2025,7
714,714#714@r0c0,714,140,16,0.0785823125482358,C02A251074A1,794.2,107.5,2.74,78.2,94.3,10.79,,25050194,84,7,14,A线,2505,25,2025,5
715,715#715@r0c0,715,200,1,0.05004266126952001,C02A250363A1,504.4,209.2,5.87,68.3,89.6,,,25020393,85,7,15,A线,2502,25,2025,2
715,715#715@r0c0,715,200,2,0.051987221461594936,C02A250682A1,524.0,219.0,4.86,85.4,97.1,,,25040021,85,7,15,A线,2504,25,2025,4
715,715#715@r0c0,715,200,3,0.05034029803361311,C02A250701C2,507.4,206.7,4.61,90.1,99.0,,,25040054,85,7,15,A线,2504,25,2025,4
715,715#715@r0c0,715,200,4,0.03158918189574776,C02A250742C4,318.4,195.7,4.86,85.3,97.4,,,25040135,85,7,15,A线,2504,25,2025,4
715,715#715@r0c0,715,200,5,0.03496239855546957,C02A250801C1,352.4,214.6,4.97,87.6,97.9,,,25040241,85,7,15,A线,2504,25,2025,4
715,715#715@r0c0,715,200,6,0.06492449947417506,C02A250821C2,654.4,217.6,4.61,89.3,98.2,,,25040278,85,7,15,A线,2504,25,2025,4
715,715#715@r0c0,715,200,7,0.0505784074448876,C02A250822B1,509.8,216.9,5.02,83.7,95.7,,,25040283,85,7,15,A线,2504,25,2025,4
715,715#715@r0c0,715,200,8,0.050935571561799314,C02A250832B1,513.4,202.3,4.97,85.4,97.0,,,25040300,85,7,15,A线,2504,25,2025,4
715,715#715@r0c0,715,200,9,0.050538722543008514,C02A250841D1,509.4,208.0,4.46,86.5,97.1,,,25040320,85,7,15,A线,2504,25,2025,4
715,715#715@r0c0,715,200,10,0.047026608726709926,C02A250871D3,474.0,208.6,4.75,87.5,97.8,,,25040376,85,7,15,A线,2504,25,2025,4
715,715#715@r0c0,715,200,11,0.049268805682877954,C02A250872A2,496.6,208.3,5.0,86.3,97.0,,,25040378,85,7,15,A线,2504,25,2025,4
715,715#715@r0c0,715,200,12,0.047344087941742566,C02A250991D1,477.2,211.1,4.38,90.9,98.9,,,25050055,85,7,15,A线,2505,25,2025,5
715,715#715@r0c0,715,200,13,0.047066293628589,C02A250991D2,474.4,213.1,4.38,91.0,98.9,,,25050056,85,7,15,A线,2505,25,2025,5
715,715#715@r0c0,715,200,14,0.07276226759529338,C02A251033A1,733.4,190.6,5.24,75.5,92.2,,,25050142,85,7,15,A线,2505,25,2025,5
715,715#715@r0c0,715,200,15,0.07280195249717245,C02A251052B1,733.8,214.3,5.19,88.7,97.5,,,25050167,85,7,15,A线,2505,25,2025,5
715,715#715@r0c0,715,200,16,0.07367502033851221,C02A251042B2,742.6,206.5,5.6,79.2,93.7,,,25050155,85,7,15,A线,2505,25,2025,5
715,715#715@r0c0,715,200,17,0.04909022362442209,C02A251363A1,494.8,213.7,4.69,70.7,89.2,,,25070021,85,7,15,A线,2507,25,2025,7
715,715#715@r0c0,715,200,18,0.04851479254717543,C02A251392A2,489.0,216.8,4.97,82.9,95.1,,,25070054,85,7,15,A线,2507,25,2025,7
715,715#715@r0c0,715,200,19,0.05655098517768915,C02A251432B1,570.0,211.7,5.46,68.8,89.7,,,25070120,85,7,15,A线,2507,25,2025,7
716,716#716@r0c0,716,140,1,0.05013933369379862,C02A251503A1,482.2,159.0,4.2,75.2,92.7,12.19,,25070214,86,7,16,A线,2507,25,2025,7
716,716#716@r0c0,716,140,2,0.049099530008734356,C02A251503A2,472.2,147.4,3.94,75.7,93.0,12.81,,25070215,86,7,16,A线,2507,25,2025,7
716,716#716@r0c0,716,140,3,0.03870149315809176,C02A251503A3,372.2,149.1,3.97,75.3,93.0,11.95,,25070216,86,7,16,A线,2507,25,2025,7
716,716#716@r0c0,716,140,4,0.04953624755646134,C02A251504A1,476.4,102.6,2.9,82.5,97.1,13.52,,25070217,86,7,16,A线,2507,25,2025,7
716,716#716@r0c0,716,140,5,0.09248013974961528,C02A251504B1,889.4,102.4,2.77,81.7,96.6,12.93,,25070218,86,7,16,A线,2507,25,2025,7
716,716#716@r0c0,716,140,6,0.08295553799442666,C02A251504C1,797.8,115.7,2.87,78.1,94.7,10.44,,25070219,86,7,16,A线,2507,25,2025,7
716,716#716@r0c0,716,140,7,0.07942020546520817,C02A251463A1,763.8,178.0,4.66,72.1,91.4,11.9,,25070158,86,7,16,A线,2507,25,2025,7
716,716#716@r0c0,716,140,8,0.057584328078858715,C02A250954B2,553.8,136.8,3.28,71.2,90.4,10.59,,25040548,86,7,16,A线,2504,25,2025,4
716,716#716@r0c0,716,140,9,0.048642016387306086,C02A250934B1,467.8,147.4,3.65,74.4,92.3,10.44,,25040509,86,7,16,A线,2504,25,2025,4
716,716#716@r0c0,716,140,10,0.05034729443081147,C02A250934A1,484.2,147.5,3.67,74.3,92.4,10.93,,25040507,86,7,16,A线,2504,25,2025,4
716,716#716@r0c0,716,140,11,0.05338352119119911,C02A250934A2,513.4,145.3,3.67,74.9,92.5,11.05,,25040508,86,7,16,A线,2504,25,2025,4
716,716#716@r0c0,716,140,12,0.05232292143243356,C02A251494B3,503.2,101.0,3.03,81.7,97.1,13.22,,25070201,86,7,16,A线,2507,25,2025,7
716,716#716@r0c0,716,140,13,0.08339225554215365,C02A251482A1,802.0,214.2,4.46,83.3,95.3,12.03,,25070180,86,7,16,A线,2507,25,2025,7
716,716#716@r0c0,716,140,14,0.04161294347627168,C02A250772A1,400.2,216.0,5.13,83.4,95.6,11.89,,25040185,86,7,16,A线,2504,25,2025,4
716,716#716@r0c0,716,140,15,0.05055525516782432,C02A250712D1,486.2,199.3,5.35,76.9,93.4,11.23,,25040080,86,7,16,A线,2504,25,2025,4
716,716#716@r0c0,716,140,16,0.020733685480181344,C02A250712C1,199.4,199.8,5.27,77.6,93.7,11.76,,25040079,86,7,16,A线,2504,25,2025,4
716,716#716@r0c0,716,140,17,0.04504429563698374,C02A251014B2,433.2,134.4,3.49,78.1,94.7,10.5,,25050110,86,7,16,A线,2505,25,2025,5
716,716#716@r0c0,716,140,18,0.05404899554964023,C02A251014B1,519.8,136.2,3.46,79.3,95.2,11.36,,25050109,86,7,16,A线,2505,25,2025,5
716,716#716@r0c10,716,140,1,0.04719904362463066,C02A251503A2,472.2,147.4,3.94,75.7,93.0,12.81,,25070215,86,7,16,A线,2507,25,2025,7
716,716#716@r0c10,716,140,2,0.037203481654145554,C02A251503A3,372.2,149.1,3.97,75.3,93.0,11.95,,25070216,86,7,16,A线,2507,25,2025,7
716,716#716@r0c10,716,140,3,0.04819859982167917,C02A251503A1,482.2,159.0,4.2,75.2,92.7,12.19,,25070214,86,7,16,A线,2507,25,2025,7
716,716#716@r0c10,716,140,4,0.046759238897929316,C02A250934B1,467.8,147.4,3.65,74.4,92.3,10.44,,25040509,86,7,16,A线,2504,25,2025,4
716,716#716@r0c10,716,140,5,0.048398511061088875,C02A250934A1,484.2,147.5,3.67,74.3,92.4,10.93,,25040507,86,7,16,A线,2504,25,2025,4
716,716#716@r0c10,716,140,6,0.05131721515647052,C02A250934A2,513.4,145.3,3.67,74.9,92.5,11.05,,25040508,86,7,16,A线,2504,25,2025,4
716,716#716@r0c10,716,140,7,0.08016440700329054,C02A251482A1,802.0,214.2,4.46,83.3,95.3,12.03,,25070180,86,7,16,A线,2507,25,2025,7
716,716#716@r0c10,716,140,8,0.0553554221925465,C02A250954B2,553.8,136.8,3.28,71.2,90.4,10.59,,25040548,86,7,16,A线,2504,25,2025,4
716,716#716@r0c10,716,140,9,0.04761885722739104,C02A251504A1,476.4,102.6,2.9,82.5,97.1,13.52,,25070217,86,7,16,A线,2507,25,2025,7
716,716#716@r0c10,716,140,10,0.07634610233056523,C02A251463A1,763.8,178.0,4.66,72.1,91.4,11.9,,25070158,86,7,16,A线,2507,25,2025,7
716,716#716@r0c10,716,140,11,0.04000223900588139,C02A250772A1,400.2,216.0,5.13,83.4,95.6,11.89,,25040185,86,7,16,A线,2504,25,2025,4
716,716#716@r0c10,716,140,12,0.08890052816549451,C02A251504B1,889.4,102.4,2.77,81.7,96.6,12.93,,25070218,86,7,16,A线,2507,25,2025,7
716,716#716@r0c10,716,140,13,0.04330077445614147,C02A251014B2,433.2,134.4,3.49,78.1,94.7,10.5,,25050110,86,7,16,A线,2505,25,2025,5
716,716#716@r0c10,716,140,14,0.05029766783548104,C02A251494B3,503.2,101.0,3.03,81.7,97.1,13.22,,25070201,86,7,16,A线,2507,25,2025,7
716,716#716@r0c10,716,140,15,0.04859842230049857,C02A250712D1,486.2,199.3,5.35,76.9,93.4,11.23,,25040080,86,7,16,A线,2504,25,2025,4
716,716#716@r0c10,716,140,16,0.019931150569147297,C02A250712C1,199.4,199.8,5.27,77.6,93.7,11.76,,25040079,86,7,16,A线,2504,25,2025,4
716,716#716@r0c10,716,140,17,0.07974459340053015,C02A251504C1,797.8,115.7,2.87,78.1,94.7,10.44,,25070219,86,7,16,A线,2507,25,2025,7
716,716#716@r0c10,716,140,18,0.05195693112258157,C02A251014B1,519.8,136.2,3.46,79.3,95.2,11.36,,25050109,86,7,16,A线,2505,25,2025,5
716,716#716@r0c10,716,140,19,0.015373174310606091,20250707,153.8,,,,,,,,86,7,16,其他,,,,
716,716#716@r0c10,716,140,20,0.013933813386856236,20250709,139.4,,,,,,,,86,7,16,其他,,,,
716,716#716@r0c10,716,140,21,0.002402933097704619,20250701,24.04,,,,,,,,86,7,16,其他,,,,
716,716#716@r0c10,716,140,22,0.0069968933793395725,20250702,70.0,,,,,,,,86,7,16,其他,,,,
717,717#717@r0c0,717,240,1,0.07198105761641674,C02B241281D2,364.8,271.8,5.05,95.8,99.3,,,24090095,87,7,17,B线,2409,24,2024,9
717,717#717@r0c0,717,240,2,0.11243093922651932,C02B251331D1,569.8,230.6,4.29,86.8,96.8,,,25060316,87,7,17,B线,2506,25,2025,6
717,717#717@r0c0,717,240,3,0.07545382794001577,C02B241281C3,382.4,283.8,5.16,95.6,99.2,,,24090093,87,7,17,B线,2409,24,2024,9
717,717#717@r0c0,717,240,4,0.09321231254932912,C02B241281E2,472.4,255.3,5.92,93.3,98.2,,,24090097,87,7,17,B线,2409,24,2024,9
717,717#717@r0c0,717,240,5,0.11957379636937648,C02B251331D2,606.0,230.5,4.34,85.6,96.1,,,25060317,87,7,17,B线,2506,25,2025,6
717,717#717@r0c0,717,240,6,0.050078926598263615,C02B241281E3,253.8,251.7,5.92,93.5,98.4,,,24090098,87,7,17,B线,2409,24,2024,9
717,717#717@r0c0,717,240,7,0.16085240726124705,C02B251332A1,815.2,225.4,4.38,84.2,95.5,,,25060318,87,7,17,B线,2506,25,2025,6
717,717#717@r0c0,717,240,8,0.11574585635359116,C02B251341E1,586.6,240.9,5.05,82.2,94.1,,,25060329,87,7,17,B线,2506,25,2025,6
717,717#717@r0c0,717,240,9,0.10430149960536701,C02B241291D1,528.6,286.2,5.13,96.1,99.3,,,24090118,87,7,17,B线,2409,24,2024,9
717,717#717@r0c0,717,240,10,0.09636937647987372,C02B241291E3,488.4,270.8,4.97,95.4,98.8,,,24090122,87,7,17,B线,2409,24,2024,9
718,718#718@r0c0,718,140,1,0.056601539372409714,24LMB1204A1,573.6,152.5,4.75,77.4,92.9,12.09,,24070220,88,7,18,LMB(外购/旧料),2407,,2024,7
718,718#718@r0c0,718,140,2,0.041267021906453524,24LMB1204A2,418.2,145.1,4.61,77.7,93.2,12.13,,24070221,88,7,18,LMB(外购/旧料),2407,,2024,7
718,718#718@r0c0,718,140,3,0.05089796723899743,C02A241814A1,515.8,125.1,2.99,67.0,89.6,12.49,,24120295,88,7,18,A线,2412,24,2024,12
718,718#718@r0c0,718,140,4,0.04908229721728834,C02A250232C1,497.4,194.5,5.3,81.0,95.4,11.77,,25020021,88,7,18,A线,2502,25,2025,2
718,718#718@r0c0,718,140,5,0.06390369054667457,C02A250424C1,647.6,108.7,2.67,74.4,94.0,10.1,,25030059,88,7,18,A线,2503,25,2025,3
718,718#718@r0c0,718,140,6,0.07929741464377343,C02A250424B2,803.6,113.1,2.9,75.1,94.2,11.16,,25030058,88,7,18,A线,2503,25,2025,3
718,718#718@r0c0,718,140,7,0.05468719163212947,C02A250594C1,554.2,143.8,3.55,82.3,97.5,11.75,,25030346,88,7,18,A线,2503,25,2025,3
718,718#718@r0c0,718,140,8,0.027452141306492994,C02A250672C1,278.2,202.3,5.22,80.5,94.0,10.79,,25040007,88,7,18,A线,2504,25,2025,4
718,718#718@r0c0,718,140,9,0.049437537004144466,C02A250742A2,501.0,209.2,4.32,90.1,99.0,11.4,,25040130,88,7,18,A线,2504,25,2025,4
718,718#718@r0c0,718,140,10,0.027353463587921845,C02A250753D1,277.2,148.3,3.49,78.5,95.3,11.23,,25040156,88,7,18,A线,2504,25,2025,4
718,718#718@r0c0,718,140,11,0.05048352082099862,C02A250772B1,511.6,207.2,5.46,82.5,95.7,11.31,,25040186,88,7,18,A线,2504,25,2025,4
718,718#718@r0c0,718,140,12,0.04916123939214525,C02A250814A1,498.2,135.1,3.4,76.6,93.7,9.48,,25040271,88,7,18,A线,2504,25,2025,4
718,718#718@r0c0,718,140,13,0.04288533649102033,C02A250834A1,434.6,110.6,3.03,82.3,97.1,11.19,,25040307,88,7,18,A线,2504,25,2025,4
718,718#718@r0c0,718,140,14,0.04983224787842905,C02A250854A1,505.0,141.0,3.4,74.3,92.0,10.49,,25040348,88,7,18,A线,2504,25,2025,4
718,718#718@r0c0,718,140,15,0.04568778369844089,C02A250992A1,463.0,189.6,4.66,88.8,98.3,11.9,,25050057,88,7,18,A线,2505,25,2025,5
718,718#718@r0c0,718,140,16,0.023268206039076377,C02A251221A1,235.8,217.5,3.67,90.4,98.1,12.69,,25060139,88,7,18,A线,2506,25,2025,6
718,718#718@r0c0,718,140,17,0.04801657785671996,C02A251224B1,486.6,142.1,3.65,79.9,95.0,11.28,,25060151,88,7,18,A线,2506,25,2025,6
718,718#718@r0c0,718,140,18,0.04789816459443457,C02A251244A1,485.4,118.0,3.18,84.2,97.1,12.19,,25060183,88,7,18,A线,2506,25,2025,6
718,718#718@r0c0,718,140,19,0.044799684231300575,C02A251274B2,454.0,126.9,3.18,78.0,95.0,11.89,,25060239,88,7,18,A线,2506,25,2025,6
718,718#718@r0c0,718,140,20,0.04805604894414841,C02A251514A1,487.0,122.4,3.18,81.3,96.7,12.63,,25070228,88,7,18,A线,2507,25,2025,7
718,718#718@r0c0,718,140,21,0.0499309255970002,C02A250833A1,506.0,174.0,4.63,78.5,94.7,11.01,,25040304,88,7,18,A线,2504,25,2025,4
719,719#719@r0c0,719,160,1,0.04404696241430935,C02A250232A1,447.2,211.9,4.86,87.8,97.4,11.43,,25020016,89,7,19,A线,2502,25,2025,2
719,719#719@r0c0,719,160,2,0.039811677566779606,C02A250273A3,404.2,169.4,4.55,46.0,77.0,12.66,,25020140,89,7,19,A线,2502,25,2025,2
719,719#719@r0c0,719,160,3,0.04548498936254039,C02A250331E1,461.8,248.2,5.27,87.3,97.1,11.41,,25020300,89,7,19,A线,2502,25,2025,2
719,719#719@r0c0,719,160,4,0.07333937435978254,C02A250424B1,744.6,119.8,3.09,75.3,94.2,11.06,,25030057,89,7,19,A线,2503,25,2025,3
719,719#719@r0c0,719,160,5,0.04388937041998267,C02A250564A2,445.6,122.4,3.24,72.0,93.0,11.7,,25030290,89,7,19,A线,2503,25,2025,3
719,719#719@r0c0,719,160,6,0.042333149476006623,C02A250742B1,429.8,181.1,3.99,85.9,97.8,11.52,,25040131,89,7,19,A线,2504,25,2025,4
719,719#719@r0c0,719,160,7,0.0429241194547317,C02A250773A2,435.8,151.3,3.65,78.9,94.8,10.58,,25040191,89,7,19,A线,2504,25,2025,4
719,719#719@r0c0,719,160,8,0.03717201166180758,C02A250804B1,377.4,133.5,3.24,73.1,92.7,11.02,,25040254,89,7,19,A线,2504,25,2025,4
719,719#719@r0c0,719,160,9,0.04534709636750453,C02A250953A1,460.4,170.9,4.91,79.2,94.7,10.9,,25040542,89,7,19,A线,2504,25,2025,4
719,719#719@r0c0,719,160,10,0.034197462768891344,C02A250953B1,347.2,172.3,4.82,79.1,94.5,11.17,,25040544,89,7,19,A线,2504,25,2025,4
719,719#719@r0c0,719,160,11,0.028878732960365614,C02A251011D1,293.2,240.0,4.46,88.5,98.4,11.56,,25050096,89,7,19,A线,2505,25,2025,5
719,719#719@r0c0,719,160,12,0.0802143251122843,C02A251071B1,814.4,245.2,4.29,90.0,97.7,11.61,,25050185,89,7,19,A线,2505,25,2025,5
719,719#719@r0c0,719,160,13,0.04700181230793476,C02A251233A2,477.2,156.6,3.91,84.1,96.5,11.88,,25060164,89,7,19,A线,2506,25,2025,6
719,719#719@r0c0,719,160,14,0.041820975494444884,C02A251433B1,424.6,165.6,4.11,69.8,90.5,10.65,,25070122,89,7,19,A线,2507,25,2025,7
719,719#719@r0c0,719,160,15,0.08439051296194154,C02A251444B1,856.8,130.1,3.24,77.2,94.2,11.46,,25070135,89,7,19,A线,2507,25,2025,7
719,719#719@r0c0,719,160,16,0.08712867386336776,C02A251444A1,884.6,135.4,3.49,79.9,96.0,11.49,,25070134,89,7,19,A线,2507,25,2025,7
719,719#719@r0c0,719,160,17,0.08226302103853125,C02A251454B1,835.2,114.9,3.43,82.3,97.0,11.93,,25070147,89,7,19,A线,2507,25,2025,7
719,719#719@r0c0,719,160,18,0.0758411472697187,C02A251472A1,770.0,236.1,4.69,76.3,91.7,11.22,,25070169,89,7,19,A线,2507,25,2025,7
719,719#719@r0c0,719,160,19,0.023914585139074938,C02A251483A1,242.8,200.8,4.72,81.4,94.9,11.52,,25070181,89,7,19,A线,2507,25,2025,7
720,720#720@r0c0,720,140,1,0.04919555678538957,C02A250713A2,497.8,146.9,3.67,76.3,93.4,11.08,,25040083,90,7,20,A线,2504,25,2025,4
720,720#720@r0c0,720,140,2,0.04277187018223504,C02A250724B1,432.8,120.4,3.15,80.7,96.0,12.64,,25040102,90,7,20,A线,2504,25,2025,4
720,720#720@r0c0,720,140,3,0.023896114163734827,C02A250734A1,241.8,129.6,3.28,81.1,96.3,11.67,,25040119,90,7,20,A线,2504,25,2025,4
720,720#720@r0c0,720,140,4,0.02472625212475787,C02A250744B1,250.2,155.2,3.28,80.6,95.6,9.24,,25040140,90,7,20,A线,2504,25,2025,4
720,720#720@r0c0,720,140,5,0.0496699213345456,C02A250741D2,502.6,207.3,4.2,90.8,99.2,11.57,,25040127,90,7,20,A线,2504,25,2025,4
720,720#720@r0c0,720,140,6,0.052595169387674424,C02A250741D1,532.2,211.2,4.15,91.2,99.4,11.71,,25040126,90,7,20,A线,2504,25,2025,4
720,720#720@r0c0,720,140,7,0.04998616436731628,C02A250802A2,505.8,214.0,5.46,82.3,95.5,11.29,,25040246,90,7,20,A线,2504,25,2025,4
720,720#720@r0c0,720,140,8,0.04061746452148476,C02A250833B2,411.0,167.7,4.63,77.6,94.3,10.77,,25040306,90,7,20,A线,2504,25,2025,4
720,720#720@r0c0,720,140,9,0.040400047436454915,C02A250853B1,408.8,138.3,3.55,76.0,92.9,10.92,,25040346,90,7,20,A线,2504,25,2025,4
720,720#720@r0c0,720,140,10,0.039095544926275844,C02A250853A2,395.6,139.2,3.58,76.3,92.9,10.78,,25040345,90,7,20,A线,2504,25,2025,4
720,720#720@r0c0,720,140,11,0.045222753686207845,C02A250863A2,457.6,171.0,4.26,81.3,95.1,11.89,,25040361,90,7,20,A线,2504,25,2025,4
720,720#720@r0c0,720,140,12,0.04771316756927699,C02A250873A2,482.8,136.0,3.65,78.0,94.9,11.02,,25040385,90,7,20,A线,2504,25,2025,4
720,720#720@r0c0,720,140,13,0.0744357038383998,C02A251214B1,753.2,126.5,3.24,79.0,94.6,11.1,,25060134,90,7,20,A线,2506,25,2025,6
720,720#720@r0c0,720,140,14,0.06838755583666047,C02A251393A1,692.0,168.7,4.52,80.0,95.0,12.01,,25070055,90,7,20,A线,2507,25,2025,7
720,720#720@r0c0,720,140,15,0.0317033640352611,C02A251494A1,320.8,141.3,3.94,78.3,94.8,12.6,,25070198,90,7,20,A线,2507,25,2025,7
720,720#720@r0c0,720,140,16,0.04737715934695813,C02A251243B1,479.4,150.6,3.89,84.1,96.8,11.94,,25060182,90,7,20,A线,2506,25,2025,6
720,720#720@r0c0,720,140,17,0.05208127445942206,C02A250694A1,527.0,144.5,3.53,79.1,95.7,11.37,,25040047,90,7,20,A线,2504,25,2025,4
720,720#720@r0c0,720,140,18,0.08297426572320828,C02A251533A1,839.6,133.9,3.55,81.2,96.1,12.95,,25070252,90,7,20,A线,2507,25,2025,7
720,720#720@r0c0,720,140,19,0.03982685693955804,C02A251524B1,403.0,138.7,3.58,81.2,96.5,11.46,,25070243,90,7,20,A线,2507,25,2025,7
720,720#720@r0c0,720,140,20,0.05000592955686445,C02A251514A2,506.0,125.8,3.21,81.4,96.8,11.85,,25070229,90,7,20,A线,2507,25,2025,7
720,720#720@r0c0,720,140,21,0.04731786377831363,C02A251484C1,478.8,101.4,2.8,78.5,96.0,13.32,,25070185,90,7,20,A线,2507,25,2025,7
721,721#721@r0c0,721,140,1,0.037947135169357396,C02A250563A3,383.6,167.1,4.82,63.6,87.7,11.64,,25030288,91,7,21,A线,2503,25,2025,3
721,721#721@r0c0,721,140,2,0.05082700221589111,C02A250563A1,513.8,177.3,4.97,66.0,88.8,11.59,,25030286,91,7,21,A线,2503,25,2025,3
721,721#721@r0c0,721,140,3,0.048630895853118083,C02A251494B1,491.6,113.4,3.21,81.7,96.6,13.07,,25070199,91,7,21,A线,2507,25,2025,7
721,721#721@r0c0,721,140,4,0.03709639126305793,C02A250652D1,375.0,213.3,5.95,82.2,95.5,11.72,,25030455,91,7,21,A线,2503,25,2025,3
721,721#721@r0c0,721,140,5,0.047740582462804694,C02A250864A1,482.6,104.1,2.93,80.5,95.5,11.52,,25040363,91,7,21,A线,2504,25,2025,4
721,721#721@r0c0,721,140,6,0.05288461538461539,C02A250824A1,534.6,107.6,2.51,81.0,95.8,10.92,,25040289,91,7,21,A线,2504,25,2025,4
721,721#721@r0c0,721,140,7,0.040578505856283635,C02A250652C2,410.2,212.5,5.84,82.6,95.7,11.68,,25030454,91,7,21,A线,2503,25,2025,3
721,721#721@r0c0,721,140,8,0.08444127888572334,C02A251514B1,853.6,102.7,2.8,79.7,96.1,12.46,,25070230,91,7,21,A线,2507,25,2025,7
721,721#721@r0c0,721,140,9,0.05039173789173789,C02A251524A1,509.4,119.3,3.28,81.6,96.9,11.16,,25070242,91,7,21,A线,2507,25,2025,7
721,721#721@r0c0,721,140,10,0.07656695156695158,C02A251471C1,774.0,250.0,4.49,80.3,93.9,11.36,,25070167,91,7,21,A线,2507,25,2025,7
721,721#721@r0c0,721,140,11,0.030745489078822415,C02A250994B1,310.8,111.3,2.87,79.2,95.4,11.91,,25050068,91,7,21,A线,2505,25,2025,5
721,721#721@r0c0,721,140,12,0.05056980056980057,C02A250652C1,511.2,216.2,5.81,82.8,95.9,11.71,,25030453,91,7,21,A线,2503,25,2025,3
721,721#721@r0c0,721,140,13,0.04710747071858183,C02A250804A2,476.2,134.2,3.31,72.6,92.5,11.32,,25040253,91,7,21,A线,2504,25,2025,4
721,721#721@r0c0,721,140,14,0.036403925292814186,C02A250334A3,368.0,106.8,2.51,67.0,89.3,10.7,,25020315,91,7,21,A线,2502,25,2025,2
721,721#721@r0c0,721,140,15,0.07623061095283318,C02A250802A1,770.6,214.0,5.52,82.3,95.1,11.13,,25040245,91,7,21,A线,2504,25,2025,4
721,721#721@r0c0,721,140,16,0.08044476100031657,C02A251084B1,813.2,109.1,2.93,81.4,97.0,11.87,,25050211,91,7,21,A线,2505,25,2025,5
721,721#721@r0c0,721,140,17,0.037531655587211145,C02A250814B1,379.4,114.9,3.03,79.5,95.6,11.63,,25040273,91,7,21,A线,2504,25,2025,4
721,721#721@r0c0,721,140,18,0.033792339347894905,C02A251533B1,341.6,126.8,3.49,80.9,96.0,12.81,,25070253,91,7,21,A线,2507,25,2025,7
721,721#721@r0c0,721,140,19,0.08006885090218424,C02A251434A1,809.4,120.5,3.12,76.2,94.7,11.23,,25070123,91,7,21,A线,2507,25,2025,7
722,722#722@r0c0,722,140,1,0.06892952488006585,C02A251253A2,686.8,161.1,4.29,81.9,96.2,12.04,,25060198,92,7,22,A线,2506,25,2025,6
722,722#722@r0c0,722,140,2,0.050924346133001466,C02A250544A2,507.4,129.3,3.36,74.2,94.3,11.16,,25030251,92,7,22,A线,2503,25,2025,3
722,722#722@r0c0,722,140,3,0.04837511792689536,C02A250431D1,482.0,238.4,5.35,86.4,96.4,10.96,,25030066,92,7,22,A线,2503,25,2025,3
722,722#722@r0c0,722,140,4,0.052490013850137504,C02A250554A1,523.0,115.7,3.03,73.6,94.8,11.91,,25030269,92,7,22,A线,2503,25,2025,3
722,722#722@r0c0,722,140,5,0.03506694233123909,C02A250431D2,349.4,239.7,5.57,85.6,96.0,11.12,,25030067,92,7,22,A线,2503,25,2025,3
722,722#722@r0c0,722,140,6,0.07814287721552018,C02A250514A1,778.6,100.2,2.7,80.5,97.8,12.5,,25030202,92,7,22,A线,2503,25,2025,3
722,722#722@r0c0,722,140,7,0.03896103896103896,C02A250872B1,388.2,203.0,5.41,82.2,95.1,12.12,,25040380,92,7,22,A线,2504,25,2025,4
722,722#722@r0c0,722,140,8,0.07035468395592044,C02A250534D1,701.0,103.0,2.64,67.8,92.2,9.97,,25030237,92,7,22,A线,2503,25,2025,3
722,722#722@r0c0,722,140,9,0.0546779341215199,C02A250554B1,544.8,109.9,2.9,72.7,94.4,11.92,,25030270,92,7,22,A线,2503,25,2025,3
722,722#722@r0c0,722,140,10,0.05172725265460969,C02A250872C2,515.4,197.2,5.98,76.4,92.3,12.58,,25040382,92,7,22,A线,2504,25,2025,4
722,722#722@r0c0,722,140,11,0.05206848792629318,C02A250302A1,518.8,256.5,6.13,87.1,97.2,11.08,,25020217,92,7,22,A线,2502,25,2025,2
722,722#722@r0c0,722,140,12,0.07047511993416168,C02A250564B1,702.2,110.5,3.03,71.8,93.0,10.84,,25030291,92,7,22,A线,2503,25,2025,3
722,722#722@r0c0,722,140,13,0.0868343403119292,C02A251384A1,865.2,106.8,2.93,81.6,97.0,13.0,,25070043,92,7,22,A线,2507,25,2025,7
722,722#722@r0c0,722,140,14,0.06943134145607098,C02A251452A1,691.8,239.0,5.13,81.7,95.1,11.15,,25070142,92,7,22,A线,2507,25,2025,7
722,722#722@r0c0,722,140,15,0.06856821694534215,C02A251104C1,683.2,103.8,2.67,79.4,95.2,12.22,,25050239,92,7,22,A线,2505,25,2025,5
722,722#722@r0c0,722,140,16,0.0539352455890323,C02A250474C1,537.4,104.4,2.83,72.1,91.6,11.34,,25030139,92,7,22,A线,2503,25,2025,3
722,722#722@r0c0,722,140,17,0.04903751580722215,C02A250694B1,488.6,140.7,3.46,78.9,95.4,10.66,,25040048,92,7,22,A线,2504,25,2025,4
723,723#723@r0c0,723,140,1,0.08299850311195146,C02A251532B1,842.8,175.4,4.46,76.9,93.3,12.0,,25070251,93,7,23,A线,2507,25,2025,7
723,723#723@r0c0,723,140,2,0.047861025762231155,C02A250932B1,486.0,197.4,6.26,70.5,89.9,11.35,,25040502,93,7,23,A线,2504,25,2025,4
723,723#723@r0c0,723,140,3,0.07194910580634996,C02A250434B1,730.6,110.7,2.87,72.3,92.1,11.3,,25030075,93,7,23,A线,2503,25,2025,3
723,723#723@r0c0,723,140,4,0.03547230757110218,C02A250604D2,360.2,117.7,3.03,78.0,95.9,11.34,,25030366,93,7,23,A线,2503,25,2025,3
723,723#723@r0c0,723,140,5,0.05193807610493973,C02A250994A1,527.4,126.3,3.36,77.3,94.6,11.62,,25050066,93,7,23,A线,2505,25,2025,5
723,723#723@r0c0,723,140,6,0.07324903490112661,C02A251034A1,743.8,121.5,3.34,75.8,93.7,12.16,,25050144,93,7,23,A线,2505,25,2025,5
723,723#723@r0c0,723,140,7,0.07819270464035295,C02A251391D2,794.0,239.8,4.63,88.7,97.6,11.58,,25070051,93,7,23,A线,2507,25,2025,7
723,723#723@r0c0,723,140,8,0.05118963208067438,C02A250434A1,519.8,114.8,3.06,70.7,91.4,10.87,,25030073,93,7,23,A线,2503,25,2025,3
723,723#723@r0c0,723,140,9,0.0637950051209328,C02A251391E1,647.8,236.9,4.94,86.9,97.2,10.36,,25070052,93,7,23,A线,2507,25,2025,7
723,723#723@r0c0,723,140,10,0.024285038997872845,C02A251394A1,246.6,132.8,3.61,82.7,96.9,12.3,,25070057,93,7,23,A线,2507,25,2025,7
723,723#723@r0c0,723,140,11,0.03917513590167809,C02A251244C2,397.8,107.1,2.87,80.5,95.9,11.28,,25060188,93,7,23,A线,2506,25,2025,6
723,723#723@r0c0,723,140,12,0.07094461514220436,C02A251234D1,720.4,102.7,2.83,79.3,96.0,12.68,,25060170,93,7,23,A线,2506,25,2025,6
723,723#723@r0c0,723,140,13,0.050480579847159854,C02A250812B1,512.6,196.6,5.57,80.1,94.3,12.28,,25040265,93,7,23,A线,2504,25,2025,4
723,723#723@r0c0,723,140,14,0.08106830536516191,C02A251234B1,823.2,114.1,3.12,79.6,95.7,11.82,,25060167,93,7,23,A线,2506,25,2025,6
723,723#723@r0c0,723,140,15,0.08077286693453085,C02A251234B2,820.2,111.9,3.12,79.3,95.5,11.89,,25060168,93,7,23,A线,2506,25,2025,6
723,723#723@r0c0,723,140,16,0.04691562278421177,C02A251271D2,476.4,240.4,5.13,85.8,96.7,11.29,,25060230,93,7,23,A线,2506,25,2025,6
723,723#723@r0c0,723,140,17,0.04971243992751911,C02A250843A2,504.8,107.8,2.96,78.8,95.5,11.75,,25040327,93,7,23,A线,2504,25,2025,4
724,724#724@r0c0,724,180,1,0.04915217000539256,C02A250812B2,492.2,196.6,5.52,79.7,94.0,,,25040266,94,7,24,A线,2504,25,2025,4
724,724#724@r0c0,724,180,2,0.0630130420020372,C02A250812C1,631.0,194.2,5.49,79.1,93.8,,,25040267,94,7,24,A线,2504,25,2025,4
724,724#724@r0c0,724,180,3,0.07116179672052568,C02A250731C1,712.6,226.6,4.41,91.8,98.7,,,25040109,94,7,24,A线,2504,25,2025,4
724,724#724@r0c0,724,180,4,0.0432203559088458,C02A250733A3,432.8,182.2,4.46,83.5,96.6,,,25040118,94,7,24,A线,2504,25,2025,4
724,724#724@r0c0,724,180,5,0.04941181169985421,C02A250733A2,494.8,187.2,4.49,83.9,96.8,,,25040117,94,7,24,A线,2504,25,2025,4
724,724#724@r0c0,724,180,6,0.03802752201961294,C02A250732A2,380.8,212.0,4.46,90.3,98.2,,,25040111,94,7,24,A线,2504,25,2025,4
724,724#724@r0c0,724,180,7,0.05240767740518085,C02A250742C1,524.8,172.8,4.15,81.3,95.6,,,25040132,94,7,24,A线,2504,25,2025,4
724,724#724@r0c0,724,180,8,0.05274720885178454,C02A250732C2,528.2,221.6,5.02,88.7,98.1,,,25040114,94,7,24,A线,2504,25,2025,4
724,724#724@r0c0,724,180,9,0.048413189798078654,C02A250832C1,484.8,197.2,5.02,83.9,96.4,,,25040302,94,7,24,A线,2504,25,2025,4
724,724#724@r0c0,724,180,10,0.03728854181229903,C02A250993A3,373.4,164.4,4.49,73.9,92.2,,,25050065,94,7,24,A线,2505,25,2025,5
724,724#724@r0c0,724,180,11,0.049931095088777494,C02A250742C3,500.0,214.7,5.13,85.8,97.3,,,25040134,94,7,24,A线,2504,25,2025,4
724,724#724@r0c0,724,180,12,0.04653578062274062,C02A251383B1,466.0,175.4,4.63,77.4,93.5,,,25070042,94,7,24,A线,2507,25,2025,7
724,724#724@r0c0,724,180,13,0.0508697996764465,C02A250742C2,509.4,215.7,5.11,85.7,97.2,,,25040133,94,7,24,A线,2504,25,2025,4
724,724#724@r0c0,724,180,14,0.04981126046056442,C02A250792C1,498.8,186.7,5.52,72.7,91.9,,,25040228,94,7,24,A线,2504,25,2025,4
724,724#724@r0c0,724,180,15,0.0819069683836306,C02A251083A1,820.2,189.6,5.0,81.0,95.7,,,25050208,94,7,24,A线,2505,25,2025,5
724,724#724@r0c0,724,180,16,0.08526233797359643,C02A251373A1,853.8,187.2,5.15,69.1,88.2,,,25070030,94,7,24,A线,2507,25,2025,7
724,724#724@r0c0,724,180,17,0.04871277636861132,C02A251033A2,487.8,186.9,5.35,74.2,91.7,,,25050143,94,7,24,A线,2505,25,2025,5
724,724#724@r0c0,724,180,18,0.08212666520202122,C02A251052A1,822.4,198.5,4.52,89.8,98.4,,,25050165,94,7,24,A线,2505,25,2025,5
725,725#725@r0c0,725,200,1,0.08089104349045455,C02A251442A1,807.6,211.0,4.86,81.9,94.5,11.0,,25070130,95,7,25,A线,2507,25,2025,7
725,725#725@r0c0,725,200,2,0.06402371842384665,C02A251402A2,639.2,220.5,5.16,77.4,92.4,11.18,,25070069,95,7,25,A线,2507,25,2025,7
725,725#725@r0c0,725,200,3,0.05763336605300587,C02A251532A1,575.4,182.9,3.99,78.4,93.1,11.63,,25070250,95,7,25,A线,2507,25,2025,7
725,725#725@r0c0,725,200,4,0.06151966185220058,C02A251522B1,614.2,217.6,5.16,81.2,94.9,11.58,,25070239,95,7,25,A线,2507,25,2025,7
725,725#725@r0c0,725,200,5,0.048017788817884974,C02A251523B1,479.4,186.0,5.11,79.2,94.6,11.63,,25070241,95,7,25,A线,2507,25,2025,7
725,725#725@r0c0,725,200,6,0.04707626354694606,C02A251511D1,470.0,226.4,4.32,85.9,97.3,11.14,,25070223,95,7,25,A线,2507,25,2025,7
725,725#725@r0c0,725,200,7,0.0332338388188866,C02A251511D2,331.8,218.7,4.34,85.7,97.0,11.38,,25070224,95,7,25,A线,2507,25,2025,7
725,725#725@r0c0,725,200,8,0.026563032112021476,C02A251512A1,265.2,215.0,4.49,84.7,96.6,11.48,,25070225,95,7,25,A线,2507,25,2025,7
725,725#725@r0c0,725,200,9,0.08071075141729601,C02A251103A1,805.8,187.8,4.89,80.2,94.3,11.26,,25050235,95,7,25,A线,2505,25,2025,5
725,725#725@r0c0,725,200,10,0.040365391934934595,C02A250811C2,403.0,246.8,4.52,90.6,98.3,11.94,,25040260,95,7,25,A线,2504,25,2025,4
725,725#725@r0c0,725,200,11,0.04465233678559266,C02A251512B1,445.8,210.0,4.97,81.5,95.9,11.66,,25070226,95,7,25,A线,2507,25,2025,7
725,725#725@r0c0,725,200,12,0.0650053085999319,C02A251462A1,649.0,233.8,4.86,83.9,96.3,11.45,,25070156,95,7,25,A线,2507,25,2025,7
725,725#725@r0c0,725,200,13,0.08295438610549091,C02A251462B1,828.2,216.1,5.46,78.7,94.2,11.38,,25070157,95,7,25,A线,2507,25,2025,7
725,725#725@r0c0,725,200,14,0.04980067709689698,C02A251452A2,497.2,233.0,5.6,78.7,94.0,10.87,,25070143,95,7,25,A线,2507,25,2025,7
725,725#725@r0c0,725,200,15,0.04733668543039725,C02A251453A1,472.6,210.0,5.66,77.0,93.7,11.21,,25070144,95,7,25,A线,2507,25,2025,7
725,725#725@r0c0,725,200,16,0.08203289328712515,C02A251441D1,819.0,235.1,4.52,88.5,97.5,11.46,,25070129,95,7,25,A线,2507,25,2025,7
725,725#725@r0c0,725,200,17,0.03621867425228871,C02A250721C2,361.6,246.8,4.63,92.8,99.1,11.44,,25040090,95,7,25,A线,2504,25,2025,4
725,725#725@r0c0,725,200,18,0.05196418197479918,C02A250262B1,518.8,213.5,5.13,86.0,96.7,11.15,,25020101,95,7,25,A线,2502,25,2025,2
801,801#801@r0c0,801,240,1,0.555886440341473,717,2800.0,246.4,4.84,90.8,98.2,,,,96,8,1,其他,,,,
801,801#801@r0c0,801,240,2,0.14159221758983523,C02B251311B1,713.2,274.3,4.94,91.5,98.6,,,25060292,96,8,1,B线,2506,25,2025,6
801,801#801@r0c0,801,240,3,0.1431010522136192,C02B251311C1,720.8,268.6,4.97,90.7,97.9,,,25060293,96,8,1,B线,2506,25,2025,6
801,801#801@r0c0,801,240,4,0.15942028985507245,C02B251311D1,803.0,268.5,5.19,90.6,98.2,,,25060294,96,8,1,B线,2506,25,2025,6
802,802#802@r0c0,802,200,1,0.04980135081446166,C02A250272B1,501.4,203.3,5.05,75.8,92.3,,,25020132,97,8,2,A线,2502,25,2025,2
802,802#802@r0c0,802,200,2,0.07506952721493841,C02A250702B1,755.8,213.0,4.8,87.5,98.1,,,25040059,97,8,2,A线,2504,25,2025,4
802,802#802@r0c0,802,200,3,0.04942391736193882,C02A250762A1,497.6,218.7,4.43,88.0,98.0,,,25040167,97,8,2,A线,2504,25,2025,4
802,802#802@r0c0,802,200,4,0.05009932459276917,C02A250842A1,504.4,208.0,5.08,83.2,95.5,,,25040321,97,8,2,A线,2504,25,2025,4
802,802#802@r0c0,802,200,5,0.06903059197457291,C02A250851B3,695.0,227.4,4.55,90.3,98.6,,,25040335,97,8,2,A线,2504,25,2025,4
802,802#802@r0c0,802,200,6,0.02542709574890743,C02A250931D1,256.0,220.6,5.02,89.6,98.0,,,25040498,97,8,2,A线,2504,25,2025,4
802,802#802@r0c0,802,200,7,0.050675407230830354,C02A250931C3,510.2,225.0,4.91,89.5,97.9,,,25040496,97,8,2,A线,2504,25,2025,4
802,802#802@r0c0,802,200,8,0.04429876837504966,C02A250982C1,446.0,204.2,4.91,86.4,97.2,,,25050041,97,8,2,A线,2505,25,2025,5
802,802#802@r0c0,802,200,9,0.07361938816050854,C02A251362A1,741.2,218.8,5.3,73.5,90.8,,,25070019,97,8,2,A线,2507,25,2025,7
802,802#802@r0c0,802,200,10,0.06311084624553039,C02A251362B1,635.4,212.0,5.49,69.8,89.0,,,25070020,97,8,2,A线,2507,25,2025,7
802,802#802@r0c0,802,200,11,0.049344457687723484,C02A251401E1,496.8,236.5,4.43,83.0,95.3,,,25070067,97,8,2,A线,2507,25,2025,7
802,802#802@r0c0,802,200,12,0.06436233611442194,C02A251402A1,648.0,217.7,5.22,77.8,92.7,,,25070068,97,8,2,A线,2507,25,2025,7
802,802#802@r0c0,802,200,13,0.04841080651569328,C02A251502A1,487.4,231.2,5.57,74.8,92.0,,,25070211,97,8,2,A线,2507,25,2025,7
802,802#802@r0c0,802,200,14,0.07856575288041319,C02A251552A1,791.0,199.2,4.52,80.4,94.6,,,25070275,97,8,2,A线,2507,25,2025,7
802,802#802@r0c0,802,200,15,0.08047278506158125,C02A251562A1,810.2,211.2,4.49,82.5,95.5,,,25070289,97,8,2,A线,2507,25,2025,7
802,802#802@r0c0,802,200,16,0.07542709574890742,C02A251582A1,759.4,218.1,5.57,74.9,91.9,,,25070317,97,8,2,A线,2507,25,2025,7
802,802#802@r0c0,802,200,17,0.0322606277314263,C02A250951C4,324.8,219.0,5.22,89.9,98.6,,,25040536,97,8,2,A线,2504,25,2025,4
802,802#802@r0c0,802,200,18,0.020599920540325785,C02A251082B1,207.4,217.5,5.57,84.0,96.5,,,25050205,97,8,2,A线,2505,25,2025,5
803,803#803@r0c0,803,220,1,0.018082180940510815,C02A250201E1,182.8,239.8,4.89,90.4,98.6,,,25010548,98,8,3,A线,2501,25,2025,1
803,803#803@r0c0,803,220,2,0.05017112786119849,C02A250321F3,507.2,249.9,5.24,85.0,96.0,,,25020272,98,8,3,A线,2502,25,2025,2
803,803#803@r0c0,803,220,3,0.04882584525293292,C02A250341E3,493.6,245.4,5.24,84.9,96.1,,,25020330,98,8,3,A线,2502,25,2025,2
803,803#803@r0c0,803,220,4,0.049834807209132095,C02A250431C2,503.8,239.3,5.02,89.8,98.1,,,25030064,98,8,3,A线,2503,25,2025,3
803,803#803@r0c0,803,220,5,0.049320434447148204,C02A250691C3,498.6,232.2,4.61,91.0,98.9,,,25040039,98,8,3,A线,2504,25,2025,4
803,803#803@r0c0,803,220,6,0.04977545650582626,C02A250792B1,503.2,200.8,5.41,75.3,92.9,,,25040226,98,8,3,A线,2504,25,2025,4
803,803#803@r0c0,803,220,7,0.04819277108433735,C02A250801B2,487.2,236.6,4.69,89.6,98.4,,,25040239,98,8,3,A线,2504,25,2025,4
803,803#803@r0c0,803,220,8,0.04987437434466932,C02A250801B3,504.2,244.7,4.72,89.9,98.1,,,25040240,98,8,3,A线,2504,25,2025,4
803,803#803@r0c0,803,220,9,0.06204126852236533,C02A251031D1,627.2,239.3,4.72,89.4,98.1,,,25050137,98,8,3,A线,2505,25,2025,5
803,803#803@r0c0,803,220,10,0.06924248719013987,C02A251191E1,700.0,245.8,5.33,83.6,95.8,,,25060093,98,8,3,A线,2506,25,2025,6
803,803#803@r0c0,803,220,11,0.04617484717193899,C02A251241B1,466.8,246.1,4.41,90.9,98.9,,,25060172,98,8,3,A线,2506,25,2025,6
803,803#803@r0c0,803,220,12,0.04813342038103152,C02A251361D2,486.6,233.6,5.13,80.4,94.3,,,25070018,98,8,3,A线,2507,25,2025,7
803,803#803@r0c0,803,220,13,0.06775871960749402,C02A251371D1,685.0,241.7,5.0,84.5,96.0,,,25070027,98,8,3,A线,2507,25,2025,7
803,803#803@r0c0,803,220,14,0.07679981007774943,C02A251432A1,776.4,224.3,5.81,68.5,89.4,,,25070119,98,8,3,A线,2507,25,2025,7
803,803#803@r0c0,803,220,15,0.022929155043820603,C02A251501D2,231.8,243.0,4.94,83.3,95.5,,,25070210,98,8,3,A线,2507,25,2025,7
803,803#803@r0c0,803,220,16,0.07923318891328862,C02A251522A1,801.0,228.3,4.91,84.2,96.4,,,25070238,98,8,3,A线,2507,25,2025,7
803,803#803@r0c0,803,220,17,0.05100203770748017,C02A251551C1,515.6,241.4,4.17,85.6,96.7,,,25070273,98,8,3,A线,2507,25,2025,7
803,803#803@r0c0,803,220,18,0.01707321898431163,C02A251581D1,172.6,236.4,4.91,84.8,96.1,,,25070316,98,8,3,A线,2507,25,2025,7
803,803#803@r0c0,803,220,19,0.04623419787524482,C02A251501D1,467.4,251.2,4.55,88.2,97.5,,,25070209,98,8,3,A线,2507,25,2025,7
803,803#803@r0c0,803,220,20,0.049300650879379584,C02A251392A1,498.4,224.1,5.11,83.0,95.2,,,25070053,98,8,3,A线,2507,25,2025,7
804,804#804@r0c0,804,140,1,0.0650664550684388,C02A251583A1,656.0,163.3,4.38,76.8,93.5,,,25070319,99,8,4,A线,2507,25,2025,7
804,804#804@r0c0,804,140,2,0.04876016663360445,C02A251593A1,491.6,139.2,3.55,79.9,95.1,,,25070335,99,8,4,A线,2507,25,2025,7
804,804#804@r0c0,804,140,3,0.04001190240031739,C02A250724B2,403.4,120.9,3.15,81.0,96.6,,,25040103,99,8,4,A线,2504,25,2025,4
804,804#804@r0c0,804,140,4,0.04554651854790716,C02A250621E1,459.2,253.7,4.97,91.3,98.9,,,25030391,99,8,4,A线,2503,25,2025,3
804,804#804@r0c0,804,140,5,0.01247768299940488,C02A250872C3,125.8,197.4,5.66,76.9,92.8,,,25040383,99,8,4,A线,2504,25,2025,4
804,804#804@r0c0,804,140,6,0.07994445546518548,C02A250734B2,806.0,108.5,2.83,79.4,96.0,,,25040121,99,8,4,A线,2504,25,2025,4
804,804#804@r0c0,804,140,7,0.05310454274945447,C02A250872C1,535.4,201.1,6.03,76.6,92.4,,,25040381,99,8,4,A线,2504,25,2025,4
804,804#804@r0c0,804,140,8,0.08345566355881769,C02A251564A1,841.4,109.2,3.06,81.9,97.1,,,25070294,99,8,4,A线,2507,25,2025,7
804,804#804@r0c0,804,140,9,0.08367387423130332,C02A251574A1,843.6,110.6,3.24,81.6,96.9,,,25070306,99,8,4,A线,2507,25,2025,7
804,804#804@r0c0,804,140,10,0.04495139853203729,C02A251431C1,453.2,283.0,4.03,88.3,97.6,,,25070114,99,8,4,A线,2507,25,2025,7
804,804#804@r0c0,804,140,11,0.07629438603451696,C02A251574A2,769.2,111.4,3.28,81.5,96.7,,,25070307,99,8,4,A线,2507,25,2025,7
804,804#804@r0c0,804,140,12,0.05139853203729419,C02A250282C1,518.2,197.3,5.76,63.3,86.7,,,25020166,99,8,4,A线,2502,25,2025,2
804,804#804@r0c0,804,140,13,0.051140646697083916,C02A251564A2,515.6,102.7,2.99,81.8,97.0,,,25070295,99,8,4,A线,2507,25,2025,7
804,804#804@r0c0,804,140,14,0.048264233287046224,C02A251624B3,486.6,103.4,2.96,79.3,96.0,,,25080028,99,8,4,A线,2508,25,2025,8
804,804#804@r0c0,804,140,15,0.038881174370164646,C02A251582B1,392.0,218.3,5.6,75.2,92.1,,,25070318,99,8,4,A线,2507,25,2025,7
804,804#804@r0c0,804,140,16,0.03148184883951596,C02A250724C1,317.4,118.1,3.12,81.1,96.6,,,25040104,99,8,4,A线,2504,25,2025,4
804,804#804@r0c0,804,140,17,0.051497718706605834,C02A250324A1,519.2,139.2,3.7,58.6,85.7,,,25020282,99,8,4,A线,2502,25,2025,2
804,804#804@r0c0,804,140,18,0.04719301725848046,C02A251591C1,475.8,235.3,4.29,85.5,97.0,,,25070329,99,8,4,A线,2507,25,2025,7
804,804#804@r0c0,804,140,19,0.04685578258282087,C02A250981D2,472.4,236.4,4.38,91.4,98.9,,,25050034,99,8,4,A线,2505,25,2025,5
805,805#805@r0c0,805,180,1,0.09807430460999805,C02A250992B1,504.2,199.1,5.55,83.6,96.4,,,25050060,100,8,5,A线,2505,25,2025,5
805,805#805@r0c0,805,180,2,0.1149192764053686,C02A251523A1,590.8,192.5,5.13,79.5,94.4,,,25070240,100,8,5,A线,2507,25,2025,7
805,805#805@r0c0,805,180,3,0.14055631200155613,C02A251531D1,722.6,192.2,4.03,80.6,94.1,,,25070249,100,8,5,A线,2507,25,2025,7
805,805#805@r0c0,805,180,4,0.09550671075666213,C02A251562A2,491.0,196.8,4.49,79.2,94.0,,,25070290,100,8,5,A线,2507,25,2025,7
805,805#805@r0c0,805,180,5,0.13958373857226222,C02A251483B1,717.6,182.6,4.43,80.5,95.0,,,25070182,100,8,5,A线,2507,25,2025,7
805,805#805@r0c0,805,180,6,0.15810153666601828,C02A251572B1,812.8,215.2,4.66,83.9,95.8,,,25070303,100,8,5,A线,2507,25,2025,7
805,805#805@r0c0,805,180,7,0.07111456914997083,C02A250841C3,365.6,212.4,4.41,87.6,97.5,,,25040319,100,8,5,A线,2504,25,2025,4
805,805#805@r0c0,805,180,8,0.08348570317058937,C02A250822C3,429.2,184.4,4.55,78.2,93.3,,,25040286,100,8,5,A线,2504,25,2025,4
805,805#805@r0c0,805,180,9,0.0986578486675744,C02A250741D3,507.2,205.9,4.26,90.8,99.3,,,25040128,100,8,5,A线,2504,25,2025,4
806,806#806@r0c0,806,240,1,0.03833626733566009,20250103,125.0,236.0,4.99,87.4,95.9,,,,101,8,6,其他,,,,
806,806#806@r0c0,806,240,2,0.06133802773705614,254001-2,200.0,258.7,4.96,86.2,96.4,,,24120249,101,8,6,其他,2412,,2024,12
806,806#806@r0c0,806,240,3,0.025909182916132516,20250413,84.48,245.4,4.38,91.2,98.7,,,25020291,101,8,6,其他,2502,,2025,2
806,806#806@r0c0,806,240,4,0.017634682974403643,20250416,57.5,210.8,4.74,86.2,96.8,,,25030276,101,8,6,其他,2503,,2025,3
806,806#806@r0c0,806,240,5,0.010439732320846955,20250321,34.04,165.6,3.72,81.7,96.5,,,25040529,101,8,6,其他,2504,,2025,4
806,806#806@r0c0,806,240,6,0.010734154853984825,20250612,35.0,213.3,4.94,83.2,95.7,,,24120328,101,8,6,其他,2412,,2024,12
806,806#806@r0c0,806,240,7,0.01734026044126577,20250409,56.54,213.3,4.94,84.5,96.7,,,24120329,101,8,6,其他,2412,,2024,12
806,806#806@r0c0,806,240,8,0.011813704142157015,20250309,38.52,102.4,2.79,65.9,88.6,,,24120327,101,8,6,其他,2412,,2024,12
806,806#806@r0c0,806,240,9,0.00952579570756482,20250614,31.06,229.4,4.93,85.5,96.4,,,24120506,101,8,6,其他,2412,,2024,12
806,806#806@r0c0,806,240,10,0.011813704142157015,20250310,38.52,110.0,2.83,68.4,90.2,,,24120507,101,8,6,其他,2412,,2024,12
806,806#806@r0c0,806,240,11,0.03455171102428373,20205316,112.66,224.0,5.02,83.9,95.9,,,25070115,101,8,6,其他,2507,,2025,7
806,806#806@r0c0,806,240,12,0.007667253467132018,20250307,25.0,169.6,3.81,78.6,94.3,,,24120305,101,8,6,其他,2412,,2024,12
806,806#806@r0c0,806,240,13,0.00683919009268176,20250312,22.3,144.6,3.66,76.8,93.5,,,25010012,101,8,6,其他,2501,,2025,1
806,806#806@r0c0,806,240,14,0.02146830970796965,20250702,70.0,150.0,3.66,77.7,94.1,,,25030298,101,8,6,其他,2503,,2025,3
806,806#806@r0c0,806,240,15,0.0406364433757997,20250604,132.5,245.0,4.91,80.5,93.7,,,24120505,101,8,6,其他,2412,,2024,12
806,806#806@r0c0,806,240,16,0.07861695015058486,20250608,256.34,187.8,4.13,81.4,94.9,,,24120155,101,8,6,其他,2412,,2024,12
806,806#806@r0c0,806,240,17,0.021198422385926605,20250710,69.12,245.1,4.9,81.1,94.2,,,,101,8,6,其他,,,,
806,806#806@r0c0,806,240,18,0.005679901368451399,20250711,18.52,168.6,3.84,78.4,93.9,,,,101,8,6,其他,,,,
806,806#806@r0c0,806,240,19,0.039796112395802025,20250713,129.76,131.2,3.46,76.2,94.6,,,,101,8,6,其他,,,,
806,806#806@r0c0,806,240,20,0.038642957474345374,20250715,126.0,208.4,4.89,82.9,96.0,,,,101,8,6,其他,,,,
806,806#806@r0c0,806,240,21,0.004698492924658501,20250716,15.32,148.2,3.78,77.4,94.0,,,,101,8,6,其他,,,,
806,806#806@r0c0,806,240,22,0.04207788702762051,20250718,137.2,150.1,3.8,79.3,95.2,,,,101,8,6,其他,,,,
806,806#806@r0c0,806,240,23,0.033030527936404736,20250719,107.7,170.6,3.97,79.9,95.3,,,,101,8,6,其他,,,,
806,806#806@r0c0,806,240,24,0.04416337997068043,20250720,144.0,149.1,3.78,80.5,95.7,,,,101,8,6,其他,,,,
806,806#806@r0c0,806,240,25,0.03676601382559145,20250721,119.88,150.6,3.81,78.7,95.1,,,,101,8,6,其他,,,,
806,806#806@r0c0,806,240,26,0.03958756310149604,20250723,129.08,150.0,3.81,79.6,95.2,,,,101,8,6,其他,,,,
806,806#806@r0c0,806,240,27,0.03772288705828953,20250724,123.0,194.4,4.89,81.0,95.0,,,,101,8,6,其他,,,,
806,806#806@r0c0,806,240,28,0.004845704191227436,20250725,15.8,213.9,4.82,82.6,95.4,,,,101,8,6,其他,,,,
806,806#806@r0c0,806,240,29,0.046445154602498914,20250613,151.44,249.8,4.84,86.8,96.7,,,,101,8,6,其他,,,,
806,806#806@r0c0,806,240,30,0.023001760401396055,20250615,75.0,210.3,4.97,84.8,96.7,,,,101,8,6,其他,,,,
806,806#806@r0c0,806,240,31,0.03263183075611387,20250616,106.4,169.8,3.97,79.3,94.4,,,,101,8,6,其他,,,,
806,806#806@r0c0,806,240,32,0.007667253467132018,20250409,25.0,213.3,4.94,84.5,96.7,,,,101,8,6,其他,,,,
806,806#806@r0c0,806,240,33,0.07294318258490717,20250606,237.84,226.2,4.94,83.3,95.9,,,,101,8,6,其他,,,,
806,806#806@r0c0,806,240,34,0.004226190111083168,20250604,13.78,245.0,4.91,80.5,93.7,,,,101,8,6,其他,,,,
806,806#806@r0c0,806,240,35,0.022511056179499608,20250703,73.4,165.7,3.84,77.9,94.1,,,,101,8,6,其他,,,,
806,806#806@r0c0,806,240,36,0.03395673215523428,20250704,110.72,213.0,4.94,83.9,96.0,,,,101,8,6,其他,,,,
806,806#806@r0c0,806,240,37,0.0037416196919604246,20250706,12.2,169.8,4.01,78.9,94.4,,,,101,8,6,其他,,,,
806,806#806@r0c9,806,240,1,0.32350565828820654,,3260.62,196.625528274,4.39757954,81.82617907,95.357829493,,,,101,8,6,无批号(计划/虚拟行),,,,
806,806#806@r0c9,806,240,2,0.04909207442787096,C02A241801B2,494.8,290.4,5.16,88.2,97.4,,,24120249,101,8,6,A线,2412,24,2024,12
806,806#806@r0c9,806,240,3,0.04859599445184155,C02A250331B2,489.8,293.5,5.16,88.6,97.2,,,25020291,101,8,6,A线,2502,25,2025,2
806,806#806@r0c9,806,240,4,0.07705114187688883,C02A250561B1,776.6,290.5,4.82,89.8,97.7,,,25030276,101,8,6,A线,2503,25,2025,3
806,806#806@r0c9,806,240,5,0.020517867808576628,C02A250951A1,206.8,292.5,4.66,89.9,97.6,,,25040529,101,8,6,A线,2504,25,2025,4
806,806#806@r0c9,806,240,6,0.049965175185682734,C02A241831B1,503.6,286.6,5.0,87.2,96.6,,,24120328,101,8,6,A线,2412,24,2024,12
806,806#806@r0c9,806,240,7,0.049131760825953316,C02A241831B2,495.2,287.9,5.0,87.4,96.9,,,24120329,101,8,6,A线,2412,24,2024,12
806,806#806@r0c9,806,240,8,0.018474018307335433,C02A241831A1,186.2,288.1,5.05,87.5,97.1,,,24120327,101,8,6,A线,2412,24,2024,12
806,806#806@r0c9,806,240,9,0.028276558633676684,C02A241901B2,285.0,286.7,5.35,86.3,96.5,,,24120506,101,8,6,A线,2412,24,2024,12
806,806#806@r0c9,806,240,10,0.048655524048965074,C02A241901C1,490.4,288.4,5.44,87.1,97.2,,,24120507,101,8,6,A线,2412,24,2024,12
806,806#806@r0c9,806,240,11,0.045421082605253287,C02A251431C2,457.8,276.2,4.15,86.7,96.7,,,25070115,101,8,6,A线,2507,25,2025,7
806,806#806@r0c9,806,240,12,0.05030250956938274,C02A241821C1,507.0,275.5,5.19,87.3,97.5,,,24120305,101,8,6,A线,2412,24,2024,12
806,806#806@r0c9,806,240,13,0.05079858954541215,C02A250011B1,512.0,273.1,5.68,87.3,97.3,,,25010012,101,8,6,A线,2501,25,2025,1
806,806#806@r0c9,806,240,14,0.04817928727197684,C02A250571D2,485.6,263.0,5.13,87.9,97.1,,,25030298,101,8,6,A线,2503,25,2025,3
806,806#806@r0c9,806,240,15,0.04389315627908268,C02A241901B1,442.4,297.2,5.49,86.8,96.9,,,24120505,101,8,6,A线,2412,24,2024,12
806,806#806@r0c9,806,240,16,0.04813960087389448,C02A241751B3,485.2,299.9,5.44,90.7,98.4,,,24120155,101,8,6,A线,2412,24,2024,12
807,807#807@r0c0,807,220,1,0.05120165115402171,C02A250321F2,516.0,246.5,5.66,83.6,95.7,,,25020271,102,8,7,A线,2502,25,2025,2
807,807#807@r0c0,807,220,2,0.025243604755006057,C02A250362C2,254.4,216.3,5.11,79.8,94.5,,,25020392,102,8,7,A线,2502,25,2025,2
807,807#807@r0c0,807,220,3,0.05372204250927782,C02A250383A1,541.4,243.1,5.71,86.6,97.2,,,25020455,102,8,7,A线,2502,25,2025,2
807,807#807@r0c0,807,220,4,0.050665819921014515,C02A250412A1,510.6,249.6,5.24,90.1,98.4,,,25030032,102,8,7,A线,2503,25,2025,3
807,807#807@r0c0,807,220,5,0.044374764333485486,C02A250861C1,447.2,241.3,4.06,88.9,98.0,,,25040353,102,8,7,A线,2504,25,2025,4
807,807#807@r0c0,807,220,6,0.04973307666355752,C02A250941C2,501.2,246.0,4.72,90.1,97.9,,,25040516,102,8,7,A线,2504,25,2025,4
807,807#807@r0c0,807,220,7,0.07581019666990813,C02A251111E1,764.0,232.9,5.0,88.4,97.8,,,25050246,102,8,7,A线,2505,25,2025,5
807,807#807@r0c0,807,220,8,0.01670999622933577,C02A251261D4,168.4,236.2,5.19,86.0,96.4,,,25060212,102,8,7,A线,2506,25,2025,6
807,807#807@r0c0,807,220,9,0.03869892238385362,C02A251261D3,390.0,236.0,5.11,86.4,96.7,,,25060211,102,8,7,A线,2506,25,2025,6
807,807#807@r0c0,807,220,10,0.06995574430927386,C02A251382A2,705.0,230.4,5.0,80.2,93.9,,,25070040,102,8,7,A线,2507,25,2025,7
807,807#807@r0c0,807,220,11,0.07660402071880767,C02A251492A1,772.0,228.7,4.89,83.6,95.7,,,25070194,102,8,7,A线,2507,25,2025,7
807,807#807@r0c0,807,220,12,0.041953600984341824,C02A251502B1,422.8,232.2,5.63,74.4,91.7,,,25070212,102,8,7,A线,2507,25,2025,7
807,807#807@r0c0,807,220,13,0.0745797693941138,C02A251531C1,751.6,240.9,3.99,89.9,98.5,,,25070247,102,8,7,A线,2507,25,2025,7
807,807#807@r0c0,807,220,14,0.02310027982297724,C02A251602A1,232.8,244.5,4.8,80.0,94.5,,,25070348,102,8,7,A线,2507,25,2025,7
807,807#807@r0c0,807,220,15,0.0722379884498601,C02A251602B1,728.0,230.3,5.11,77.1,93.2,,,25070349,102,8,7,A线,2507,25,2025,7
807,807#807@r0c0,807,220,16,0.028498283355494255,C02A251602B2,287.2,229.1,5.02,76.9,93.1,,,25070350,102,8,7,A线,2507,25,2025,7
807,807#807@r0c0,807,220,17,0.07473853420389372,C02A251611D2,753.2,248.1,4.82,85.6,96.8,,,25080007,102,8,7,A线,2508,25,2025,8
807,807#807@r0c0,807,220,18,0.07995792732540832,C02A251622A1,805.8,232.1,4.91,81.6,95.5,,,25080020,102,8,7,A线,2508,25,2025,8
807,807#807@r0c0,807,220,19,0.028915040981166526,C02A251622A2,291.4,225.7,5.11,79.6,94.5,,,25080021,102,8,7,A线,2508,25,2025,8
807,807#807@r0c0,807,220,20,0.02329873583520213,C02A251622B1,234.8,204.0,4.86,77.5,93.8,,,25080022,102,8,7,A线,2508,25,2025,8
808,808#808@r0c0,808,220,1,0.019331784186991073,C02A250122B2,198.0,228.2,6.11,74.3,91.2,,,25010329,103,8,8,A线,2501,25,2025,1
808,808#808@r0c0,808,220,2,0.03243443791372947,C02A250362B1,332.2,246.5,5.92,85.9,97.0,,,25020390,103,8,8,A线,2502,25,2025,2
808,808#808@r0c0,808,220,3,0.05256683134482825,C02A250383A2,538.4,238.2,5.63,85.3,96.4,,,25020456,103,8,8,A线,2502,25,2025,2
808,808#808@r0c0,808,220,4,0.051668586827048876,C02A250392B1,529.2,240.7,5.81,84.5,95.4,,,25020471,103,8,8,A线,2502,25,2025,2
808,808#808@r0c0,808,220,5,0.07642889223018491,C02A250541D1,782.8,249.5,4.15,88.4,98.4,,,25030243,103,8,8,A线,2503,25,2025,3
808,808#808@r0c0,808,220,6,0.049481556696803417,C02A250631C3,506.8,239.7,4.49,90.2,98.9,,,25030410,103,8,8,A线,2503,25,2025,3
808,808#808@r0c0,808,220,7,0.049911151900958774,C02A250701D1,511.2,243.5,4.69,91.4,99.1,,,25040055,103,8,8,A线,2504,25,2025,4
808,808#808@r0c0,808,220,8,0.048329460467477686,C02A250822A2,495.0,222.6,5.02,84.7,96.3,,,25040282,103,8,8,A线,2504,25,2025,4
808,808#808@r0c0,808,220,9,0.03688660639315772,C02A250862B1,377.8,215.8,4.43,80.9,94.5,,,25040359,103,8,8,A线,2504,25,2025,4
808,808#808@r0c0,808,220,10,0.032336802640057796,C02A251271F1,331.2,238.6,5.24,85.3,96.6,,,25060232,103,8,8,A线,2506,25,2025,6
808,808#808@r0c0,808,220,11,0.07734666380269864,C02A251283A1,792.2,230.7,5.41,76.1,92.9,,,25060247,103,8,8,A线,2506,25,2025,6
808,808#808@r0c0,808,220,12,0.07765909667844798,C02A251371C2,795.4,247.7,4.17,88.5,97.6,,,25070026,103,8,8,A线,2507,25,2025,7
808,808#808@r0c0,808,220,13,0.0293882173751733,C02A251502B2,301.0,233.7,5.6,74.5,91.8,,,25070213,103,8,8,A线,2507,25,2025,7
808,808#808@r0c0,808,220,14,0.07547206654820253,C02A251571B2,773.0,246.1,4.26,89.6,98.0,,,25070300,103,8,8,A线,2507,25,2025,7
808,808#808@r0c0,808,220,15,0.07490578196090683,C02A251612A1,767.2,231.2,5.41,78.7,93.7,,,25080008,103,8,8,A线,2508,25,2025,8
808,808#808@r0c0,808,220,16,0.02833375641951924,C02A251612A2,290.2,222.6,5.52,76.3,92.8,,,25080009,103,8,8,A线,2508,25,2025,8
808,808#808@r0c0,808,220,17,0.07221104840756869,C02A251632A1,739.6,214.2,4.77,83.2,96.1,,,25080035,103,8,8,A线,2508,25,2025,8
808,808#808@r0c0,808,220,18,0.052664466618499925,C02A251641C2,539.4,242.9,4.17,88.4,97.7,,,25080050,103,8,8,A线,2508,25,2025,8
808,808#808@r0c0,808,220,19,0.06264279158774481,C02A250442A1,641.6,235.0,5.81,87.2,97.3,,,25030083,103,8,8,A线,2503,25,2025,3
809,809#809@r0c0,809,200,1,0.06288481080757966,C02A251632A2,631.2,216.7,4.8,83.1,95.8,,,25080036,104,8,9,A线,2508,25,2025,8
809,809#809@r0c0,809,200,2,0.07852631159463606,C02A251642A1,788.2,216.1,4.8,84.3,96.2,,,25080051,104,8,9,A线,2508,25,2025,8
809,809#809@r0c0,809,200,3,0.04792077629665053,C02A251643A1,481.0,184.6,5.02,77.4,93.2,,,25080053,104,8,9,A线,2508,25,2025,8
809,809#809@r0c0,809,200,4,0.046864725925040346,C02A251643A2,470.4,186.7,5.05,77.2,93.0,,,25080054,104,8,9,A线,2508,25,2025,8
809,809#809@r0c0,809,200,5,0.04433419012891785,C02A251581C2,445.0,256.1,4.52,88.1,97.6,,,25070314,104,8,9,A线,2507,25,2025,7
809,809#809@r0c0,809,200,6,0.036583178910873336,C02A251202A2,367.2,231.6,5.6,83.6,95.1,,,25060112,104,8,9,A线,2506,25,2025,6
809,809#809@r0c0,809,200,7,0.07366449478948732,C02A251611D1,739.4,253.4,4.72,86.5,97.0,,,25080006,104,8,9,A线,2508,25,2025,8
809,809#809@r0c0,809,200,8,0.07912407595592486,C02A251513A1,794.2,189.0,5.19,72.3,92.3,,,25070227,104,8,9,A线,2507,25,2025,7
809,809#809@r0c0,809,200,9,0.06206786618048499,C02A251623A1,623.0,174.7,4.61,71.8,91.4,,,25080023,104,8,9,A线,2508,25,2025,8
809,809#809@r0c0,809,200,10,0.045689122681172416,C02A250801E1,458.6,242.4,4.63,90.4,98.4,,,25040244,104,8,9,A线,2504,25,2025,4
809,809#809@r0c0,809,200,11,0.07260844441787714,C02A251543A1,728.8,187.8,4.75,80.6,93.9,,,25070264,104,8,9,A线,2507,25,2025,7
809,809#809@r0c0,809,200,12,0.07844660967979755,C02A251372A1,787.4,227.6,5.33,78.9,93.4,,,25070028,104,8,9,A线,2507,25,2025,7
809,809#809@r0c0,809,200,13,0.04654591826568633,C02A251572A1,467.2,216.9,4.66,83.4,95.6,,,25070302,104,8,9,A线,2507,25,2025,7
809,809#809@r0c0,809,200,14,0.04485225257536812,C02A251201E1,450.2,256.8,5.27,86.9,96.6,,,25060110,104,8,9,A线,2506,25,2025,6
809,809#809@r0c0,809,200,15,0.0469045768824596,C02A251022B1,470.8,206.8,5.84,80.4,94.4,,,25050123,104,8,9,A线,2505,25,2025,5
809,809#809@r0c0,809,200,16,0.043019108534082535,C02A251282A2,431.8,250.4,4.89,83.3,95.7,,,25060246,104,8,9,A线,2506,25,2025,6
809,809#809@r0c0,809,200,17,0.03672265726184072,C02A251241E1,368.6,229.8,4.57,89.6,98.6,,,25060178,104,8,9,A线,2506,25,2025,6
809,809#809@r0c0,809,200,18,0.05324087911212067,C02A251022A1,534.4,206.8,5.33,84.5,96.4,,,25050120,104,8,9,A线,2505,25,2025,5
811,811#811@r0c0,811,180,1,0.04823459222967476,24LMB0703A2,533.6,211.3,5.68,78.2,92.7,,,24050079,105,8,11,LMB(外购/旧料),2405,,2024,5
811,811#811@r0c0,811,180,2,0.044202990255455314,C02A250242C1,489.0,186.5,4.43,75.9,93.4,,,25020049,105,8,11,A线,2502,25,2025,2
811,811#811@r0c0,811,180,3,0.0465713304286515,C02A250292A2,515.2,217.8,5.27,87.3,97.8,,,25020190,105,8,11,A线,2502,25,2025,2
811,811#811@r0c0,811,180,4,0.04400412199663732,C02A250362C1,486.8,216.8,5.22,80.0,93.9,,,25020391,105,8,11,A线,2502,25,2025,2
811,811#811@r0c0,811,180,5,0.0456854627302804,C02A250672A1,505.4,207.1,4.55,88.6,98.6,,,25040002,105,8,11,A线,2504,25,2025,4
811,811#811@r0c0,811,180,6,0.04008099361813678,C02A250721D3,443.4,205.9,4.72,89.5,98.7,,,25040093,105,8,11,A线,2504,25,2025,4
811,811#811@r0c0,811,180,7,0.04532388407788404,C02A250732A1,501.4,220.0,4.46,90.6,98.4,,,25040110,105,8,11,A线,2504,25,2025,4
811,811#811@r0c0,811,180,8,0.04474535823404986,C02A250782B1,495.0,219.6,4.57,85.7,96.8,,,25040206,105,8,11,A线,2504,25,2025,4
811,811#811@r0c0,811,180,9,0.06557228861208034,C02A250842C1,725.4,196.3,5.08,77.6,93.2,,,25040325,105,8,11,A线,2504,25,2025,4
811,811#811@r0c0,811,180,10,0.04481767396452913,C02A250872A1,495.8,209.6,5.02,86.3,97.0,,,25040377,105,8,11,A线,2504,25,2025,4
811,811#811@r0c0,811,180,11,0.04501654222334713,C02A251012A1,498.0,214.8,4.49,87.8,97.8,,,25050098,105,8,11,A线,2505,25,2025,5
811,811#811@r0c0,811,180,12,0.03055339612749263,C02A251021D1,338.0,208.1,4.8,86.9,97.8,,,25050118,105,8,11,A线,2505,25,2025,5
811,811#811@r0c0,811,180,13,0.06282429085386798,C02A251603A1,695.0,194.1,4.97,67.6,88.5,,,25070351,105,8,11,A线,2507,25,2025,7
811,811#811@r0c0,811,180,14,0.07195415182687614,C02A251662A1,796.0,208.1,5.19,77.1,92.8,,,25080086,105,8,11,A线,2508,25,2025,8
811,811#811@r0c0,811,180,15,0.043118254298266226,C02A251662A2,477.0,201.2,5.08,77.5,93.3,,,25080087,105,8,11,A线,2508,25,2025,8
811,811#811@r0c0,811,180,16,0.06638584057997216,C02A251683A1,734.4,199.7,4.94,73.9,90.8,,,25080117,105,8,11,A线,2508,25,2025,8
811,811#811@r0c0,811,180,17,0.07289425632310668,C02A251692A1,806.4,219.2,4.41,80.9,93.5,,,25080127,105,8,11,A线,2508,25,2025,8
811,811#811@r0c0,811,180,18,0.02691953067090919,C02A251683A2,297.8,198.4,5.0,73.0,90.5,,,25080118,105,8,11,A线,2508,25,2025,8
811,811#811@r0c0,811,180,19,0.034368050910274256,C02A250852C2,380.2,205.0,5.41,81.4,94.2,,,25040343,105,8,11,A线,2504,25,2025,4
811,811#811@r0c0,811,180,20,0.04499846329072731,C02A251062D1,497.8,221.2,5.24,84.1,95.4,,,25050179,105,8,11,A线,2505,25,2025,5
811,811#811@r0c0,811,180,21,0.03172852674778081,C02A251082A1,351.0,225.1,4.82,87.5,97.9,,,25050204,105,8,11,A线,2505,25,2025,5
812,812#812@r0c0,812,240,1,0.2406802459646426,C02A241931D2,501.0,254.8,4.91,89.6,97.3,,,24120593,106,8,12,A线,2412,24,2024,12
812,812#812@r0c0,812,240,2,0.19667563412759415,C02A241941D3,409.4,257.6,4.86,90.0,97.2,,,24120625,106,8,12,A线,2412,24,2024,12
812,812#812@r0c0,812,240,3,,C02A241941D2,0.0,259.7,4.97,90.2,97.9,,,24120624,106,8,12,A线,2412,24,2024,12
812,812#812@r0c0,812,240,4,0.138162951575711,C02A250061D2,287.6,254.5,4.94,91.6,98.7,,,25010154,106,8,12,A线,2501,25,2025,1
812,812#812@r0c0,812,240,5,0.2513451191391238,C02A250121D3,523.2,250.2,4.89,92.0,98.9,,,25010320,106,8,12,A线,2501,25,2025,1
812,812#812@r0c0,812,240,6,0.17313604919292852,C02A250181D1,360.4,267.2,5.11,91.4,98.2,,,25010486,106,8,12,A线,2501,25,2025,1
813,813#813@r0c0,813,240,1,0.06761950516454479,C02B251312A1,675.6,260.8,5.16,89.1,97.6,,,25060296,107,8,13,B线,2506,25,2025,6
813,813#813@r0c0,813,240,2,0.06551765553687244,C02B251311D2,654.6,265.6,5.24,89.9,98.0,,,25060295,107,8,13,B线,2506,25,2025,6
813,813#813@r0c0,813,240,3,0.07973016254303787,C02B251353A2,796.6,186.4,4.49,68.5,88.3,,,25070002,107,8,13,B线,2507,25,2025,7
813,813#813@r0c0,813,240,4,0.04447914164464729,C02B241261B1,444.4,298.7,5.13,91.4,96.8,,,24090041,107,8,13,B线,2409,24,2024,9
813,813#813@r0c0,813,240,5,0.023280486828408997,C02B251351A1,232.6,261.9,4.63,89.9,97.7,,,25060339,107,8,13,B线,2506,25,2025,6
813,813#813@r0c0,813,240,6,0.0824525582512611,C02B251351B1,823.8,263.4,4.66,89.8,97.5,,,25060340,107,8,13,B线,2506,25,2025,6
813,813#813@r0c0,813,240,7,0.07798862999439507,C02B251352B1,779.2,212.9,5.38,71.0,88.8,,,25060351,107,8,13,B线,2506,25,2025,6
813,813#813@r0c0,813,240,8,0.07382496597005364,C02B251351B2,737.6,264.7,4.63,89.4,97.2,,,25060341,107,8,13,B线,2506,25,2025,6
813,813#813@r0c0,813,240,9,0.04762190727840499,C02B241281B2,475.8,287.1,5.33,94.4,98.6,,,24090090,107,8,13,B线,2409,24,2024,9
813,813#813@r0c0,813,240,10,0.2201937705180559,20250717,2200.0,246.4,4.84,90.8,98.2,,,,107,8,13,其他,,,,
813,813#813@r0c0,813,240,11,0.05290655777083834,C02B241291B1,528.6,293.4,4.91,95.2,98.8,,,24090113,107,8,13,B线,2409,24,2024,9
813,813#813@r0c0,813,240,12,0.07722796060533269,C02B251351E1,771.6,257.0,4.61,88.4,96.8,,,25060344,107,8,13,B线,2506,25,2025,6
813,813#813@r0c0,813,240,13,0.04087597085435182,C02B241271D2,408.4,287.2,4.97,94.6,98.7,,,24090071,107,8,13,B线,2409,24,2024,9
813,813#813@r0c0,813,240,14,0.046280727039795015,C02B241291F2,462.4,275.2,4.97,95.3,98.9,,,24090124,107,8,13,B线,2409,24,2024,9
814,814#814@r0c0,814,240,1,0.051399144966964634,24LMB1062B1,529.0,234.3,5.87,76.6,90.6,,,24060428,108,8,14,LMB(外购/旧料),2406,,2024,6
814,814#814@r0c0,814,240,2,0.04743490089389817,C02A250181B3,488.2,276.4,4.86,92.4,98.8,,,25010483,108,8,14,A线,2501,25,2025,1
814,814#814@r0c0,814,240,3,0.0512631169840653,C02A250332A2,527.6,230.6,6.16,75.8,92.5,,,25020305,108,8,14,A线,2502,25,2025,2
814,814#814@r0c0,814,240,4,0.052293043140303155,C02A250361E2,538.2,249.0,5.55,90.0,98.0,,,25020385,108,8,14,A线,2502,25,2025,2
814,814#814@r0c0,814,240,5,0.07570928876797513,C02A250441B2,779.2,270.3,4.91,91.0,98.4,,,25030079,108,8,14,A线,2503,25,2025,3
814,814#814@r0c0,814,240,6,0.07009327633113098,C02A250501D1,721.4,262.2,4.3,90.5,99.0,,,25030183,108,8,14,A线,2503,25,2025,3
814,814#814@r0c0,814,240,7,0.0453167508744656,C02A250781B1,466.4,269.7,4.23,91.2,98.9,,,25040199,108,8,14,A线,2504,25,2025,4
814,814#814@r0c0,814,240,8,0.043684415079673536,C02A251431C3,449.6,271.2,4.26,85.8,96.4,,,25070116,108,8,14,A线,2507,25,2025,7
814,814#814@r0c0,814,240,9,0.04527788573649436,C02A251521C1,466.0,256.1,4.32,87.9,97.7,,,25070236,108,8,14,A线,2507,25,2025,7
814,814#814@r0c0,814,240,10,0.04415079673532841,C02A251581C1,454.4,270.1,4.41,89.4,98.2,,,25070313,108,8,14,A线,2507,25,2025,7
814,814#814@r0c0,814,240,11,0.05596579867858531,C02A251601D1,576.0,259.8,4.34,85.9,97.2,,,25070347,108,8,14,A线,2507,25,2025,7
814,814#814@r0c0,814,240,12,0.04630781189273222,C02A251661B1,476.6,273.2,4.15,89.6,98.0,,,25080079,108,8,14,A线,2508,25,2025,8
814,814#814@r0c0,814,240,13,0.020423630003886514,C02A251681A1,210.2,266.5,3.82,89.0,98.1,,,25080111,108,8,14,A线,2508,25,2025,8
814,814#814@r0c0,814,240,14,0.052020987174504464,C02A250382B2,535.4,266.8,5.57,90.6,98.3,,,25020452,108,8,14,A线,2502,25,2025,2
814,814#814@r0c0,814,240,15,0.051690633501748934,C02A250081B2,532.0,269.0,5.33,87.9,97.1,,,25010206,108,8,14,A线,2501,25,2025,1
814,814#814@r0c0,814,240,16,0.0526428293820443,C02A250081B1,541.8,274.3,5.35,87.6,96.9,,,25010205,108,8,14,A线,2501,25,2025,1
814,814#814@r0c0,814,240,17,0.194325689856199,20250812,2000.0,245.0,4.86,91.5,98.8,,,,108,8,14,其他,,,,
815,815#815@r0c0,815,240,1,0.049023033836876104,C02A250581D1,491.0,253.9,5.16,92.1,98.6,,,25030313,109,8,15,A线,2503,25,2025,3
815,815#815@r0c0,815,240,2,0.07981469093523168,C02A250561C1,799.4,283.6,4.97,89.7,97.8,,,25030278,109,8,15,A线,2503,25,2025,3
815,815#815@r0c0,815,240,3,0.05217808041375041,C02A250182A1,522.6,263.7,5.55,87.1,96.8,,,25010489,109,8,15,A线,2501,25,2025,1
815,815#815@r0c0,815,240,4,0.031610371716405246,C02A251693B1,316.6,178.7,5.11,72.3,90.4,,,25080130,109,8,15,A线,2508,25,2025,8
815,815#815@r0c0,815,240,5,0.049242688978304056,C02A251661B2,493.2,273.7,4.36,89.4,98.1,,,25080080,109,8,15,A线,2508,25,2025,8
815,815#815@r0c0,815,240,6,0.05028105873778168,C02A250182A3,503.6,260.8,5.52,85.8,96.1,,,25010491,109,8,15,A线,2501,25,2025,1
815,815#815@r0c0,815,240,7,0.05227792365985403,C02A251692A2,523.6,207.9,4.63,79.4,93.8,,,25080128,109,8,15,A线,2508,25,2025,8
815,815#815@r0c0,815,240,8,0.0742234691534291,C02A251681C1,743.4,259.3,4.11,85.0,96.1,,,25080113,109,8,15,A线,2508,25,2025,8
815,815#815@r0c0,815,240,9,0.05066046307297542,C02A250182A2,507.4,262.0,5.57,86.3,96.6,,,25010490,109,8,15,A线,2501,25,2025,1
815,815#815@r0c0,815,240,10,0.0743832183471949,C02A251693A1,745.0,183.9,5.08,72.4,90.5,,,25080129,109,8,15,A线,2508,25,2025,8
815,815#815@r0c0,815,240,11,0.03290833391575227,C02A251681D1,329.6,256.9,4.17,84.6,96.0,,,25080114,109,8,15,A线,2508,25,2025,8
815,815#815@r0c0,815,240,12,0.05066046307297542,C02A250571C2,507.4,279.6,5.11,89.7,98.1,,,25030296,109,8,15,A线,2503,25,2025,3
815,815#815@r0c0,815,240,13,0.07967491039068661,C02A251681B1,798.0,258.4,3.97,87.0,97.0,,,25080112,109,8,15,A线,2508,25,2025,8
815,815#815@r0c0,815,240,14,0.05388539992212227,C02A250151F2,539.7,277.8,5.35,91.8,98.7,,,25010407,109,8,15,A线,2501,25,2025,1
815,815#815@r0c0,815,240,15,0.046487015385844224,C02A251191B1,465.6,277.7,4.32,89.1,97.9,,,25060089,109,8,15,A线,2506,25,2025,6
815,815#815@r0c0,815,240,16,0.04602773645376758,C02A250182B1,461.0,255.4,5.6,86.2,96.4,,,25010492,109,8,15,A线,2501,25,2025,1
815,815#815@r0c0,815,240,17,0.04938246952284912,C02A250571D1,494.6,270.5,5.08,89.6,97.9,,,25030297,109,8,15,A线,2503,25,2025,3
815,815#815@r0c0,815,240,18,0.0772786724841998,C02A250441C1,774.0,255.0,5.19,91.4,98.7,,,25030080,109,8,15,A线,2503,25,2025,3
816,816#816@r0c0,816,140,1,0.07512045554095488,C02A251673A1,754.6,166.5,4.2,61.2,85.3,11.71,,25080104,110,8,16,A线,2508,25,2025,8
816,816#816@r0c0,816,140,2,0.07476207541910564,C02A251294A1,751.0,141.2,3.34,81.3,95.8,11.94,,25060264,110,8,16,A线,2506,25,2025,6
816,816#816@r0c0,816,140,3,0.027455899335005772,C02A251653A2,275.8,187.5,5.05,65.4,87.8,11.04,,25080071,110,8,16,A线,2508,25,2025,8
816,816#816@r0c0,816,140,4,0.06554374228487236,C02A251653B1,658.4,182.6,5.0,62.4,86.5,10.97,,25080072,110,8,16,A线,2508,25,2025,8
816,816#816@r0c0,816,140,5,0.03599729223907936,C02A251642B1,361.6,216.2,4.86,83.9,96.0,11.52,,25080052,110,8,16,A线,2508,25,2025,8
816,816#816@r0c0,816,140,6,0.060068490423286734,C02A251694B1,603.4,107.4,3.06,81.6,96.4,11.36,,25080133,110,8,16,A线,2508,25,2025,8
816,816#816@r0c0,816,140,7,0.050133397045354994,C02A251694C2,503.6,101.5,2.96,82.3,96.9,11.17,,25080135,110,8,16,A线,2508,25,2025,8
816,816#816@r0c0,816,140,8,0.048739696571496835,C02A251652A2,489.6,218.8,5.19,78.9,94.0,11.52,,25080068,110,8,16,A线,2508,25,2025,8
816,816#816@r0c0,816,140,9,0.057500099550033844,C02A251684A1,577.6,125.9,3.31,77.6,94.2,10.86,,25080119,110,8,16,A线,2508,25,2025,8
816,816#816@r0c0,816,140,10,0.0388842432206427,C02A251644A2,390.6,115.5,3.24,82.3,97.0,11.3,,25080057,110,8,16,A线,2508,25,2025,8
816,816#816@r0c0,816,140,11,0.06500617210209851,C02A251694A2,653.0,123.6,3.4,79.7,95.0,11.56,,25080132,110,8,16,A线,2508,25,2025,8
816,816#816@r0c0,816,140,12,0.06632023254887906,C02A251651C1,666.2,248.2,4.38,88.5,97.7,11.67,,25080065,110,8,16,A线,2508,25,2025,8
816,816#816@r0c0,816,140,13,0.05246286783737506,C02A251644B1,527.0,117.3,3.31,82.6,97.0,11.46,,25080058,110,8,16,A线,2508,25,2025,8
816,816#816@r0c0,816,140,14,0.03559909210369132,C02A251664B1,357.6,112.6,3.15,80.8,96.0,12.31,,25080092,110,8,16,A线,2508,25,2025,8
816,816#816@r0c0,816,140,15,0.033050611237207816,C02A251652A3,332.0,219.4,5.22,78.4,93.8,11.65,,25080069,110,8,16,A线,2508,25,2025,8
816,816#816@r0c0,816,140,16,0.04947636682196472,C02A251634A1,497.0,119.5,3.18,80.2,96.3,12.27,,25080039,110,8,16,A线,2508,25,2025,8
816,816#816@r0c0,816,140,17,0.03972046350495759,C02A251634A3,399.0,116.2,3.12,80.3,96.4,12.41,,25080041,110,8,16,A线,2508,25,2025,8
816,816#816@r0c0,816,140,18,0.04234858439851869,C02A250952A1,425.4,214.9,5.22,88.1,98.1,10.67,,25040537,110,8,16,A线,2504,25,2025,4
816,816#816@r0c0,816,140,19,0.08181021781547404,C02A251554B2,821.8,101.7,2.87,80.4,95.6,12.74,,25070281,110,8,16,A线,2507,25,2025,7
817,817#817@r0c0,817,140,1,0.07043780235662525,C02A251633A1,701.8,184.3,4.91,73.9,91.6,12.01,,25080037,111,8,17,A线,2508,25,2025,8
817,817#817@r0c0,817,140,2,0.04671096212136419,C02A251663A1,465.4,131.2,3.55,81.1,95.9,11.79,,25080088,111,8,17,A线,2508,25,2025,8
817,817#817@r0c0,817,140,3,0.038681574562900216,C02A251633B1,385.4,180.9,4.89,73.7,91.5,11.82,,25080038,111,8,17,A线,2508,25,2025,8
817,817#817@r0c0,817,140,4,0.03651363992211494,C02A251653A1,363.8,186.7,5.02,65.3,87.9,11.17,,25080070,111,8,17,A线,2508,25,2025,8
817,817#817@r0c0,817,140,5,0.022442138225906818,C02A251672B1,223.6,213.2,4.72,72.6,90.6,11.37,,25080103,111,8,17,A线,2508,25,2025,8
817,817#817@r0c0,817,140,6,0.08151835718730555,C02A251604A1,812.2,109.9,2.96,81.3,96.5,11.7,,25070353,111,8,17,A线,2507,25,2025,7
817,817#817@r0c0,817,140,7,0.05042455386715378,C02A251634A2,502.4,112.8,3.15,79.9,96.0,12.63,,25080040,111,8,17,A线,2508,25,2025,8
817,817#817@r0c0,817,140,8,0.033663207338860225,C02A251672A2,335.4,216.7,4.77,72.4,90.2,11.16,,25080102,111,8,17,A线,2508,25,2025,8
817,817#817@r0c0,817,140,9,0.050183672240399865,C02A251594A1,500.0,100.8,2.77,81.6,96.8,12.2,,25070338,111,8,17,A线,2507,25,2025,7
817,817#817@r0c0,817,140,10,0.023987795330911135,C02A251671D2,239.0,232.6,4.69,79.2,93.9,11.15,,25080100,111,8,17,A线,2508,25,2025,8
817,817#817@r0c0,817,140,11,0.04905955798221491,C02A251652A1,488.8,217.9,5.16,79.1,94.1,11.92,,25080067,111,8,17,A线,2508,25,2025,8
817,817#817@r0c0,817,140,12,0.05225123953670434,C02A251674A1,520.6,116.6,3.24,78.7,95.3,11.12,,25080106,111,8,17,A线,2508,25,2025,8
817,817#817@r0c0,817,140,13,0.07176265130377181,C02A251664A1,715.0,115.0,3.15,81.0,96.0,12.16,,25080091,111,8,17,A线,2508,25,2025,8
817,817#817@r0c0,817,140,14,0.06586105144830079,C02A251671D1,656.2,228.8,4.55,79.3,94.0,11.96,,25080099,111,8,17,A线,2508,25,2025,8
817,817#817@r0c0,817,140,15,0.08824296926751912,C02A251684D1,879.2,102.2,2.83,77.0,94.6,11.75,,25080122,111,8,17,A线,2508,25,2025,8
817,817#817@r0c0,817,140,16,0.08246181022542506,C02A251694A1,821.6,125.8,3.4,80.6,95.5,11.41,,25080131,111,8,17,A线,2508,25,2025,8
817,817#817@r0c0,817,140,17,0.07328823493987997,C02A251672A1,730.2,214.8,4.66,73.1,90.6,10.97,,25080101,111,8,17,A线,2508,25,2025,8
817,817#817@r0c0,817,140,18,0.06250878214264206,C02A251384A2,622.8,107.8,2.9,81.1,96.5,13.06,,25070044,111,8,17,A线,2507,25,2025,7
818,818#818@r0c0,818,240,1,0.02038862067589674,C02A250431A1,204.4,277.1,5.16,90.0,98.0,,,25030060,112,8,18,A线,2503,25,2025,3
818,818#818@r0c0,818,240,2,0.05410365877987471,24LMB0852A2,542.4,231.1,5.73,79.3,92.6,,,24050451,112,8,18,LMB(外购/旧料),2405,,2024,5
818,818#818@r0c0,818,240,3,0.07744483900570562,C02A251631B1,776.4,264.4,3.89,90.5,98.4,,,25080032,112,8,18,A线,2508,25,2025,8
818,818#818@r0c0,818,240,4,0.048497785580337543,24LMB0852A3,486.2,232.5,5.66,79.1,92.4,,,24050452,112,8,18,LMB(外购/旧料),2405,,2024,5
818,818#818@r0c0,818,240,5,0.07916051550093764,C02A251651B1,793.6,261.8,4.11,90.5,98.5,,,25080063,112,8,18,A线,2508,25,2025,8
818,818#818@r0c0,818,240,6,0.025575549614970272,C02A251661A1,256.4,280.5,4.23,89.4,97.9,,,25080078,112,8,18,A线,2508,25,2025,8
818,818#818@r0c0,818,240,7,0.06896620516298926,C02A251631B2,691.4,261.2,3.99,89.6,98.0,,,25080033,112,8,18,A线,2508,25,2025,8
818,818#818@r0c0,818,240,8,0.04692175717192674,C02A251641B1,470.4,265.0,3.89,90.0,98.6,,,25080047,112,8,18,A线,2508,25,2025,8
818,818#818@r0c0,818,240,9,0.049196026014443596,C02A250301E1,493.2,260.4,5.63,90.5,98.5,,,25020213,112,8,18,A线,2502,25,2025,2
818,818#818@r0c0,818,240,10,0.047081354985436696,C02A251661B3,472.0,265.5,4.29,89.0,97.7,,,25080081,112,8,18,A线,2508,25,2025,8
818,818#818@r0c0,818,240,11,0.053166021625503726,C02A250362A2,533.0,249.5,5.9,87.3,97.4,,,25020388,112,8,18,A线,2502,25,2025,2
818,818#818@r0c0,818,240,12,0.04971471890835095,C02A250371D4,498.4,272.0,5.0,90.1,98.1,,,25020414,112,8,18,A线,2502,25,2025,2
818,818#818@r0c0,818,240,13,0.042413118940270514,C02A250382A1,425.2,274.8,5.24,90.5,98.4,,,25020450,112,8,18,A线,2502,25,2025,2
818,818#818@r0c0,818,240,14,0.05456250249371583,C02A250391D2,547.0,261.5,5.27,90.4,97.8,,,25020467,112,8,18,A线,2502,25,2025,2
818,818#818@r0c0,818,240,15,0.03227865778238838,C02A250401C2,323.6,273.7,5.19,90.6,98.6,,,25030011,112,8,18,A线,2503,25,2025,3
818,818#818@r0c0,818,240,16,0.04710130471212544,C02A251611B2,472.2,261.5,4.23,89.4,98.4,,,25080003,112,8,18,A线,2508,25,2025,8
818,818#818@r0c0,818,240,17,0.04795914295974145,C02A250372A1,480.8,262.1,4.89,89.0,97.5,,,25020415,112,8,18,A线,2502,25,2025,2
818,818#818@r0c0,818,240,18,0.05127079759007301,C02A250311C1,514.0,278.9,5.41,90.1,97.9,,,25020236,112,8,18,A线,2502,25,2025,2
818,818#818@r0c0,818,240,19,0.05093165223636436,C02A250311C3,510.6,274.1,5.27,90.0,97.6,,,25020238,112,8,18,A线,2502,25,2025,2
818,818#818@r0c0,818,240,20,0.05326577025894745,C02A250612B1,534.0,227.3,5.66,86.7,97.6,,,25030374,112,8,18,A线,2503,25,2025,3
818,818#818@r0c0,818,240,21,,C02A250422A2,0.0,227.3,5.84,86.2,97.2,,,25030051,112,8,18,A线,2503,25,2025,3
819,819#819@r0c0,819,200,1,0.04879267610138322,C02A250952B4,488.2,212.6,5.76,81.3,95.1,,,25040541,113,8,19,A线,2504,25,2025,4
819,819#819@r0c0,819,200,2,0.07058047493403694,C02A251682B1,706.2,232.8,4.75,76.5,91.9,,,25080116,113,8,19,A线,2508,25,2025,8
819,819#819@r0c0,819,200,3,0.021088190613256577,C02A251661E1,211.0,245.6,5.19,84.7,96.4,,,25080085,113,8,19,A线,2508,25,2025,8
819,819#819@r0c0,819,200,4,0.07757655712800832,C02A251542A1,776.2,222.2,4.55,82.7,94.7,,,25070262,113,8,19,A线,2507,25,2025,7
819,819#819@r0c0,819,200,5,0.045994243223794674,C02A250602B2,460.2,220.1,5.97,83.5,95.4,,,25030356,113,8,19,A线,2503,25,2025,3
819,819#819@r0c0,819,200,6,0.07883585192292315,C02A251553A1,788.8,175.5,4.34,77.7,93.6,,,25070277,113,8,19,A线,2507,25,2025,7
819,819#819@r0c0,819,200,7,0.052350683617174376,C02A251103A2,523.8,188.3,4.89,79.6,94.6,,,25050236,113,8,19,A线,2505,25,2025,5
819,819#819@r0c0,819,200,8,0.04365555289038139,C02A251022A3,436.8,207.3,5.49,83.9,96.0,,,25050122,113,8,19,A线,2505,25,2025,5
819,819#819@r0c0,819,200,9,0.0393779483489246,C02A251222B1,394.0,224.1,4.55,84.3,95.4,,,25060145,113,8,19,A线,2506,25,2025,6
819,819#819@r0c0,819,200,10,0.02816422803230191,C02A251223B2,281.8,179.7,4.72,78.6,94.1,,,25060148,113,8,19,A线,2506,25,2025,6
819,819#819@r0c0,819,200,11,0.062485008395298636,C02A251383A1,625.2,195.5,4.82,78.6,93.8,,,25070041,113,8,19,A线,2507,25,2025,7
819,819#819@r0c0,819,200,12,0.05075157911569521,C02A250992C1,507.8,201.8,5.6,83.1,96.0,,,25050062,113,8,19,A线,2505,25,2025,5
819,819#819@r0c0,819,200,13,0.08191412808827057,C02A251671C2,819.6,239.6,4.06,86.1,96.6,,,25080098,113,8,19,A线,2508,25,2025,8
819,819#819@r0c0,819,200,14,0.05069161269688974,C02A250952B3,507.2,212.4,5.79,82.7,95.7,,,25040540,113,8,19,A线,2504,25,2025,4
819,819#819@r0c0,819,200,15,0.07165987047253537,C02A251431D1,717.0,257.7,4.77,80.0,93.9,,,25070117,113,8,19,A线,2507,25,2025,7
819,819#819@r0c0,819,200,16,0.050471735827936355,C02A250952B2,505.0,210.8,5.79,82.6,95.7,,,25040539,113,8,19,A线,2504,25,2025,4
819,819#819@r0c0,819,200,17,0.05157112017270329,C02A250701B2,516.0,284.0,4.82,92.8,99.0,,,25040052,113,8,19,A线,2504,25,2025,4
819,819#819@r0c0,819,200,18,0.047193571599904054,C02A250832B2,472.2,197.0,4.89,86.5,97.5,,,25040301,113,8,19,A线,2504,25,2025,4
819,819#819@r0c0,819,200,19,0.026844966818581596,C02A251543A2,268.6,185.0,4.77,80.3,93.7,,,25070265,113,8,19,A线,2507,25,2025,7
820,820#820@r0c0,820,200,1,0.04687964780772206,C02A250972B2,472.8,229.3,5.55,83.0,95.6,,,25050017,114,8,20,A线,2505,25,2025,5
820,820#820@r0c0,820,200,2,0.04781168818291788,C02A251664C2,482.2,193.1,3.46,83.9,96.7,,,25080094,114,8,20,A线,2508,25,2025,8
820,820#820@r0c0,820,200,3,0.04309199436809646,C02A250351F2,434.6,267.9,5.0,89.0,97.6,,,25020357,114,8,20,A线,2502,25,2025,2
820,820#820@r0c0,820,200,4,0.043528268586273226,C02A251563A1,439.0,176.6,4.49,74.7,92.1,,,25070291,114,8,20,A线,2507,25,2025,7
820,820#820@r0c0,820,200,5,0.07958038352469908,C02A251093A1,802.6,182.2,5.08,78.6,93.8,,,25050222,114,8,20,A线,2505,25,2025,5
820,820#820@r0c0,820,200,6,0.04576913161599937,C02A250331C3,461.6,271.6,5.05,92.5,98.8,,,25020295,114,8,20,A线,2502,25,2025,2
820,820#820@r0c0,820,200,7,0.0505879786622246,C02A250842B1,510.2,197.5,4.97,79.1,93.8,,,25040323,114,8,20,A线,2504,25,2025,4
820,820#820@r0c0,820,200,8,0.044024034743292285,C02A251563B2,444.0,171.0,4.49,73.9,91.7,,,25070293,114,8,20,A线,2507,25,2025,7
820,820#820@r0c0,820,200,9,0.052809011045669985,C02A250331C1,532.6,281.1,5.16,92.8,99.1,,,25020293,114,8,20,A线,2502,25,2025,2
820,820#820@r0c0,820,200,10,0.0451742122275765,C02A250723A1,455.6,189.3,4.77,85.0,97.1,,,25040098,114,8,20,A线,2504,25,2025,4
820,820#820@r0c0,820,200,11,0.05308664009360065,C02A251403A1,535.4,180.5,4.29,76.9,92.8,,,25070070,114,8,20,A线,2507,25,2025,7
820,820#820@r0c0,820,200,12,0.048803220496956,C02A250142A1,492.2,259.4,5.52,90.0,98.4,,,25010388,114,8,20,A线,2501,25,2025,1
820,820#820@r0c0,820,200,13,0.04697880103912587,C02A250822C1,473.8,186.9,4.61,78.1,93.4,,,25040284,114,8,20,A线,2504,25,2025,4
820,820#820@r0c0,820,200,14,0.04902135760604438,C02A250091C2,494.4,274.2,5.49,90.9,98.8,,,25010236,114,8,20,A线,2501,25,2025,1
820,820#820@r0c0,820,200,15,0.050112043151486305,C02A250993A1,505.4,173.9,4.75,76.9,93.7,,,25050063,114,8,20,A线,2505,25,2025,5
820,820#820@r0c0,820,200,16,0.049517123763063435,C02A250351F1,499.4,270.8,5.0,89.3,98.0,,,25020356,114,8,20,A线,2502,25,2025,2
820,820#820@r0c0,820,200,17,0.04356792987883475,C02A250643A2,439.4,184.7,5.33,78.3,94.8,,,25030438,114,8,20,A线,2503,25,2025,3
820,820#820@r0c0,820,200,18,0.045749300969718604,C02A250272A3,461.4,213.4,5.24,84.7,96.5,,,25020131,114,8,20,A线,2502,25,2025,2
820,820#820@r0c0,820,200,19,0.048247962401094656,C02A250842B2,486.6,199.6,4.97,79.3,93.9,,,25040324,114,8,20,A线,2504,25,2025,4
820,820#820@r0c0,820,200,20,0.028080195133559402,C02A250442A2,283.2,226.9,5.87,86.2,96.6,,,25030084,114,8,20,A线,2503,25,2025,3
820,820#820@r0c0,820,200,21,0.03757907470204454,C02A250442B1,379.0,227.6,5.87,86.7,96.8,,,25030085,114,8,20,A线,2503,25,2025,3
901,901#901@r0c0,901,240,1,0.018507649567633132,24LMB1201A1,189.2,264.2,4.17,88.6,97.1,,,24070207,115,9,1,LMB(外购/旧料),2407,,2024,7
901,901#901@r0c0,901,240,2,0.04871463786829441,C02A241701D1,498.0,273.0,5.3,84.4,96.0,,,24120061,115,9,1,A线,2412,24,2024,12
901,901#901@r0c0,901,240,3,0.029698321399225267,C02A250162C1,303.6,253.0,5.38,86.7,97.1,,,25010437,115,9,1,A线,2501,25,2025,1
901,901#901@r0c0,901,240,4,0.032535117580310684,C02A250162C2,332.6,240.3,5.49,83.0,95.5,,,25010438,115,9,1,A线,2501,25,2025,1
901,901#901@r0c0,901,240,5,0.04914504832335564,C02A250183B3,502.4,223.3,5.38,79.0,93.1,,,25010497,115,9,1,A线,2501,25,2025,1
901,901#901@r0c0,901,240,6,0.02613765308917322,C02A250312B1,267.2,240.1,6.5,70.3,89.0,,,25020248,115,9,1,A线,2502,25,2025,2
901,901#901@r0c0,901,240,7,0.04857768908713856,C02A250332A3,496.6,230.8,6.16,76.7,92.7,,,25020306,115,9,1,A线,2502,25,2025,2
901,901#901@r0c0,901,240,8,0.038169581719294125,C02A250372A2,390.2,254.5,4.89,88.6,97.3,,,25020416,115,9,1,A线,2502,25,2025,2
901,901#901@r0c0,901,240,9,0.04857768908713856,C02A250582A2,496.6,251.8,5.44,75.7,92.5,,,25030319,115,9,1,A线,2503,25,2025,3
901,901#901@r0c0,901,240,10,0.024318190710959815,C02A250781A1,248.6,275.9,4.23,91.0,98.7,,,25040198,115,9,1,A线,2504,25,2025,4
901,901#901@r0c0,901,240,11,0.07080251985757327,C02A251211D1,723.8,258.4,4.46,89.2,97.8,,,25060127,115,9,1,A线,2506,25,2025,6
901,901#901@r0c0,901,240,12,0.07121336620104081,C02A251361B2,728.0,267.9,4.29,90.1,98.0,,,25070015,115,9,1,A线,2507,25,2025,7
901,901#901@r0c0,901,240,13,0.05251007551747075,C02A251451B2,536.8,277.6,4.31,89.3,98.2,,,25070139,115,9,1,A线,2507,25,2025,7
901,901#901@r0c0,901,240,14,0.07747388191102243,C02A251471B2,792.0,263.4,4.11,89.7,98.2,,,25070166,115,9,1,A线,2507,25,2025,7
901,901#901@r0c0,901,240,15,0.04979066400594749,C02A250411C3,509.0,255.0,5.08,90.2,98.5,,,25030031,115,9,1,A线,2503,25,2025,3
901,901#901@r0c0,901,240,16,0.0633877215635638,C02A250421D2,648.0,256.9,5.08,90.6,98.4,,,25030049,115,9,1,A线,2503,25,2025,3
901,901#901@r0c0,901,240,17,0.0489885354306061,C02A250371D2,500.8,275.6,5.02,90.0,97.9,,,25020412,115,9,1,A线,2502,25,2025,2
901,901#901@r0c0,901,240,18,0.04785381695817193,C02A250371D3,489.2,274.5,5.02,90.4,98.1,,,25020413,115,9,1,A线,2502,25,2025,2
901,901#901@r0c0,901,240,19,0.052157921508784295,C02A250681E1,533.2,251.1,4.89,89.7,98.3,,,25040018,115,9,1,A线,2504,25,2025,4
901,901#901@r0c0,901,240,20,0.04844074030598271,C02A241841C1,495.2,255.6,5.05,88.7,97.1,,,24120365,115,9,1,A线,2412,24,2024,12
901,901#901@r0c0,901,240,21,0.052999178307313065,C02A250011E1,541.8,259.4,5.87,85.4,96.6,,,25010019,115,9,1,A线,2501,25,2025,1
902,902#902@r0c0,902,120,1,0.09877503890757569,C02A251613A1,787.0,155.7,3.99,76.5,93.2,,,25080010,116,9,2,A线,2508,25,2025,8
902,902#902@r0c0,902,120,2,0.03669862944926954,C02A251613B1,292.4,146.1,3.82,76.7,94.1,,,25080011,116,9,2,A线,2508,25,2025,8
902,902#902@r0c0,902,120,3,0.09995481700888599,C02A251684B1,796.4,122.7,3.28,76.8,93.9,,,25080120,116,9,2,A线,2508,25,2025,8
902,902#902@r0c0,902,120,4,0.07758923640745019,C02A251673B1,618.2,164.5,4.15,60.5,84.8,,,25080105,116,9,2,A线,2508,25,2025,8
902,902#902@r0c0,902,120,5,0.10452331944374718,C02A251684C1,832.8,107.5,2.96,76.1,93.5,,,25080121,116,9,2,A线,2508,25,2025,8
902,902#902@r0c0,902,120,6,0.048973342035242735,C02A251684E1,390.2,100.7,2.83,76.4,94.4,,,25080123,116,9,2,A线,2508,25,2025,8
902,902#902@r0c0,902,120,7,0.06400923741151665,C02A251694C1,510.0,99.7,2.93,82.1,96.8,,,25080134,116,9,2,A线,2508,25,2025,8
902,902#902@r0c0,902,120,8,0.07686128821727999,C02A251691B1,612.4,230.3,3.89,83.5,94.8,,,25080125,116,9,2,A线,2508,25,2025,8
902,902#902@r0c0,902,120,9,0.05386816607259401,C02A251674B2,429.2,91.7,2.67,78.2,95.4,,,25080108,116,9,2,A线,2508,25,2025,8
902,902#902@r0c0,902,120,10,0.04832069883026257,C02A251634B1,385.0,98.2,2.8,76.8,95.0,,,25080042,116,9,2,A线,2508,25,2025,8
902,902#902@r0c0,902,120,11,0.03822983081479994,C02A251634B2,304.6,97.1,2.8,76.2,94.6,,,25080043,116,9,2,A线,2508,25,2025,8
902,902#902@r0c0,902,120,12,0.107661027159998,C02A251691C1,857.8,231.5,3.94,82.9,94.3,,,25080126,116,9,2,A线,2508,25,2025,8
902,902#902@r0c0,902,120,13,0.06210151112003615,C02A251674B1,494.8,92.4,2.77,78.2,95.5,,,25080107,116,9,2,A线,2508,25,2025,8
902,902#902@r0c0,902,120,14,0.08243385712134144,C02A251634C1,656.8,90.8,2.67,74.2,94.1,,,25080044,116,9,2,A线,2508,25,2025,8
903,903#903@r0c0,903,200,1,0.10199203187250996,C02A250143A1,512.0,228.1,6.24,77.1,93.2,12.48,,25010392,117,9,3,A线,2501,25,2025,1
903,903#903@r0c0,903,200,2,0.09386454183266932,C02A250782B2,471.2,220.5,4.69,84.1,96.0,11.91,,25040207,117,9,3,A线,2504,25,2025,4
903,903#903@r0c0,903,200,3,0.09844621513944223,C02A250832C2,494.2,200.1,5.11,84.1,96.6,11.49,,25040303,117,9,3,A线,2504,25,2025,4
903,903#903@r0c0,903,200,4,0.09936254980079681,C02A250862A2,498.8,217.7,4.32,83.9,96.5,11.64,,25040357,117,9,3,A线,2504,25,2025,4
903,903#903@r0c0,903,200,5,0.09860557768924302,C02A250862A1,495.0,220.6,4.23,86.7,97.6,11.93,,25040356,117,9,3,A线,2504,25,2025,4
903,903#903@r0c0,903,200,6,0.0701195219123506,C02A250882A1,352.0,214.5,5.44,81.6,94.7,11.84,,25040400,117,9,3,A线,2504,25,2025,4
903,903#903@r0c0,903,200,7,0.14043824701195218,C02A251382A2,705.0,230.4,5.0,80.2,93.9,11.8,,25070040,117,9,3,A线,2507,25,2025,7
903,903#903@r0c0,903,200,8,0.1509163346613546,C02A251551D1,757.6,227.7,4.29,83.9,96.1,11.17,,25070274,117,9,3,A线,2507,25,2025,7
903,903#903@r0c0,903,200,9,0.07936254980079681,C02A250992B2,398.4,200.5,5.55,83.4,96.2,11.91,,25050061,117,9,3,A线,2505,25,2025,5
903,903#903@r0c0,903,200,10,0.06689243027888446,C02A250872A3,335.8,210.2,5.05,86.4,97.1,12.0,,25040379,117,9,3,A线,2504,25,2025,4
904,904#904@r0c0,904,180,1,0.04949511670253269,C02A250852B1,478.4,202.5,5.22,82.0,94.7,,,25040341,118,9,4,A线,2504,25,2025,4
904,904#904@r0c0,904,180,2,0.04941234894884953,C02A250852C1,477.6,204.5,5.35,81.7,94.6,,,25040342,118,9,4,A线,2504,25,2025,4
904,904#904@r0c0,904,180,3,0.05292997848038404,C02A250871D1,511.6,212.6,4.72,88.0,98.0,,,25040374,118,9,4,A线,2504,25,2025,4
904,904#904@r0c0,904,180,4,0.05092286045356729,C02A250842A2,492.2,210.7,5.08,83.8,95.8,,,25040322,118,9,4,A线,2504,25,2025,4
904,904#904@r0c0,904,180,5,0.05046763780830988,C02A250951C3,487.8,220.9,5.13,89.6,98.4,,,25040535,118,9,4,A线,2504,25,2025,4
904,904#904@r0c0,904,180,6,0.05003310710147327,C02A250832A1,483.6,217.3,4.43,90.5,98.8,,,25040298,118,9,4,A线,2504,25,2025,4
904,904#904@r0c0,904,180,7,0.051998841251448435,C02A250863A1,502.6,173.9,4.29,81.2,95.0,,,25040360,118,9,4,A线,2504,25,2025,4
904,904#904@r0c0,904,180,8,0.05305413011090878,C02A250262B3,512.8,211.8,5.3,85.1,96.5,,,25020103,118,9,4,A线,2502,25,2025,2
904,904#904@r0c0,904,180,9,0.032010428736964074,C02A251193A2,309.4,171.1,4.34,80.3,94.9,,,25060098,118,9,4,A线,2506,25,2025,6
904,904#904@r0c0,904,180,10,0.04802598907465651,C02A250992A3,464.2,189.6,4.66,88.3,98.1,,,25050059,118,9,4,A线,2505,25,2025,5
904,904#904@r0c0,904,180,11,0.050674557192517795,C02A250982A1,489.8,211.1,5.6,82.3,95.7,,,25050037,118,9,4,A线,2505,25,2025,5
904,904#904@r0c0,904,180,12,0.08016056944214534,C02A251193A1,774.8,171.6,4.34,80.5,94.9,,,25060097,118,9,4,A线,2506,25,2025,6
904,904#904@r0c0,904,180,13,0.05390249958616123,C02A250882B1,521.0,211.5,5.6,80.4,94.1,,,25040401,118,9,4,A线,2504,25,2025,4
904,904#904@r0c0,904,180,14,0.05133669922198311,C02A250871D2,496.2,211.9,4.72,87.9,98.0,,,25040375,118,9,4,A线,2504,25,2025,4
904,904#904@r0c0,904,180,15,0.044239364343651714,C02A250982A2,427.6,205.6,5.52,82.6,95.8,,,25050038,118,9,4,A线,2505,25,2025,5
904,904#904@r0c0,904,180,16,0.05152292666777023,C02A251002A2,498.0,212.7,4.61,84.3,96.2,,,25050080,118,9,4,A线,2505,25,2025,5
904,904#904@r0c0,904,180,17,0.05063317331567621,C02A250952B1,489.4,214.7,5.46,85.3,96.9,,,25040538,118,9,4,A线,2504,25,2025,4
904,904#904@r0c0,904,180,18,0.04800529713623572,C02A250943A1,464.0,170.4,5.02,73.9,91.9,,,25040524,118,9,4,A线,2504,25,2025,4
904,904#904@r0c0,904,180,19,0.04957788445621585,C02A250881E1,479.2,215.3,4.72,85.4,96.1,,,25040399,118,9,4,A线,2504,25,2025,4
904,904#904@r0c0,904,180,20,,C02A250662C1,0.0,211.5,5.41,84.8,96.7,,,25030474,118,9,4,A线,2503,25,2025,3
904,904#904@r0c0,904,180,21,0.03159658996854825,C02A250662B2,305.4,205.4,5.27,84.0,96.0,,,25030473,118,9,4,A线,2503,25,2025,3
905,905#905@r0c0,905,200,1,0.13101067390002466,C02B251322B1,743.8,241.6,5.19,86.1,96.4,,,25060305,119,9,5,B线,2506,25,2025,6
905,905#905@r0c0,905,200,2,,C02B251322C1,0.0,241.8,5.22,86.2,96.6,,,25060306,119,9,5,B线,2506,25,2025,6
905,905#905@r0c0,905,200,3,0.13217317786310637,C02B251333A2,750.4,179.4,3.91,72.6,90.5,,,25060322,119,9,5,B线,2506,25,2025,6
905,905#905@r0c0,905,200,4,0.11684926198612042,C02B251351F2,663.4,231.8,5.08,86.8,96.4,,,25060347,119,9,5,B线,2506,25,2025,6
905,905#905@r0c0,905,200,5,0.12706520590411105,C02B251353B1,721.4,210.5,5.19,68.5,88.3,,,25070003,119,9,5,B线,2507,25,2025,7
905,905#905@r0c0,905,200,6,0.07714799027723959,C02B241244A2,438.0,195.1,4.72,75.9,89.3,,,24090016,119,9,5,B线,2409,24,2024,9
905,905#905@r0c0,905,200,7,0.12498678972769227,C02B251351G1,709.6,232.6,5.16,85.2,95.8,,,25060348,119,9,5,B线,2506,25,2025,6
905,905#905@r0c0,905,200,8,0.1546834818755064,C02B251323A1,878.2,212.3,5.02,78.9,93.8,,,25060307,119,9,5,B线,2506,25,2025,6
905,905#905@r0c0,905,200,9,0.13608341846619934,C02B251351F1,772.6,242.8,4.97,86.6,96.1,,,25060346,119,9,5,B线,2506,25,2025,6
906,906#906@r0c0,906,140,1,0.08092185409302417,C02A251063A1,810.4,180.1,4.46,80.3,94.0,11.7,,25050180,120,9,6,A线,2505,25,2025,5
906,906#906@r0c0,906,140,2,0.020150580152976653,C02A251651A1,201.8,208.0,3.7,87.1,97.7,10.73,,25080062,120,9,6,A线,2508,25,2025,8
906,906#906@r0c0,906,140,3,0.07570946418229385,C02A251573A2,758.2,177.1,5.02,77.0,93.8,11.44,,25070305,120,9,6,A线,2507,25,2025,7
906,906#906@r0c0,906,140,4,0.02995626385477203,C02A251663A2,300.0,130.4,3.49,80.8,95.5,10.99,,25080089,120,9,6,A线,2508,25,2025,8
906,906#906@r0c0,906,140,5,0.03946238491801969,C02A251663B1,395.2,125.4,3.4,80.9,95.6,12.03,,25080090,120,9,6,A线,2508,25,2025,8
906,906#906@r0c0,906,140,6,0.07728716074531185,C02A251664C1,774.0,111.8,2.87,76.6,94.9,12.23,,25080093,120,9,6,A线,2508,25,2025,8
906,906#906@r0c0,906,140,7,0.04956763125836278,C02A251644A1,496.4,121.1,3.4,82.4,97.1,11.03,,25080056,120,9,6,A线,2508,25,2025,8
906,906#906@r0c0,906,140,8,0.08160086274039902,C02A251654A1,817.2,123.8,3.43,76.0,93.4,11.85,,25080073,120,9,6,A线,2508,25,2025,8
906,906#906@r0c0,906,140,9,0.029536876160805223,C02A251592A2,295.8,209.6,5.19,80.1,95.0,11.91,,25070333,120,9,6,A线,2507,25,2025,7
906,906#906@r0c0,906,140,10,0.0499870189523296,C02A251624B2,500.6,105.2,2.93,78.5,96.1,12.16,,25080027,120,9,6,A线,2508,25,2025,8
906,906#906@r0c0,906,140,11,0.03409022826673057,C02A251682A1,341.4,239.1,4.52,79.2,93.3,11.48,,25080115,120,9,6,A线,2508,25,2025,8
906,906#906@r0c0,906,140,12,0.07870509056777106,C02A251473A1,788.2,202.7,5.02,74.2,91.6,11.44,,25070170,120,9,6,A线,2507,25,2025,7
906,906#906@r0c0,906,140,13,0.07726718990274199,C02A251624A1,773.8,116.9,3.09,79.9,96.2,12.2,,25080025,120,9,6,A线,2508,25,2025,8
906,906#906@r0c0,906,140,14,0.0793042158448665,C02A251614C1,794.2,113.0,2.96,76.4,94.8,12.44,,25080015,120,9,6,A线,2508,25,2025,8
906,906#906@r0c0,906,140,15,0.06516485930541409,C02A251623B1,652.6,175.7,4.49,71.1,91.1,11.41,,25080024,120,9,6,A线,2508,25,2025,8
906,906#906@r0c0,906,140,16,0.024663990573762305,C02A251361C1,247.0,254.0,4.46,86.2,96.6,11.53,,25070016,120,9,6,A线,2507,25,2025,7
906,906#906@r0c0,906,140,17,0.03886325964092425,C02A251584D1,389.2,111.4,3.03,77.7,95.7,11.49,,25070324,120,9,6,A线,2507,25,2025,7
906,906#906@r0c0,906,140,18,0.026221716294210454,C02A251584E1,262.6,112.7,3.03,77.4,95.3,11.37,,25070325,120,9,6,A线,2507,25,2025,7
906,906#906@r0c0,906,140,19,0.04153935254528388,C02A251463B1,416.0,169.9,4.57,71.6,91.4,11.45,,25070159,120,9,6,A线,2507,25,2025,7
907,907#907@r0c0,907,140,1,0.06447633553873737,C02A250704B1,650.2,115.5,3.06,77.5,94.8,9.94,,25040066,121,9,7,A线,2504,25,2025,4
907,907#907@r0c0,907,140,2,0.051287543433766486,C02A250721D2,517.2,200.4,4.72,89.5,98.6,11.77,,25040092,121,9,7,A线,2504,25,2025,4
907,907#907@r0c0,907,140,3,0.02391832071969156,C02A250761A1,241.2,219.9,3.77,86.4,97.6,10.68,,25040159,121,9,7,A线,2504,25,2025,4
907,907#907@r0c0,907,140,4,0.05061322925095594,C02A250763A1,510.4,171.8,4.11,83.1,96.6,12.0,,25040172,121,9,7,A线,2504,25,2025,4
907,907#907@r0c0,907,140,5,0.046587176924175355,C02A250812A2,469.8,207.5,5.35,84.0,95.8,12.34,,25040264,121,9,7,A线,2504,25,2025,4
907,907#907@r0c0,907,140,6,0.050018246148476046,C02A250993A2,504.4,163.6,4.49,74.2,92.6,12.06,,25050064,121,9,7,A线,2505,25,2025,5
907,907#907@r0c0,907,140,7,0.07826011074618815,C02A251094A1,789.2,126.7,3.4,81.4,96.2,12.26,,25050224,121,9,7,A线,2505,25,2025,5
907,907#907@r0c0,907,140,8,0.06409951290716677,C02A251214B2,646.4,128.3,3.21,79.6,95.0,11.29,,25060135,121,9,7,A线,2506,25,2025,6
907,907#907@r0c0,907,140,9,0.05021657384930268,C02A251394B2,506.4,130.4,3.49,81.5,96.4,11.72,,25070059,121,9,7,A线,2507,25,2025,7
907,907#907@r0c0,907,140,10,0.08127469179875292,C02A251484A1,819.6,140.6,3.53,80.7,95.6,12.52,,25070183,121,9,7,A线,2507,25,2025,7
907,907#907@r0c0,907,140,11,0.035183334126644136,C02A251553A2,354.8,133.7,3.58,78.9,94.5,11.4,,25070278,121,9,7,A线,2507,25,2025,7
907,907#907@r0c0,907,140,12,0.06223523251939645,C02A251584C1,627.6,118.3,3.34,80.8,97.3,11.91,,25070323,121,9,7,A线,2507,25,2025,7
907,907#907@r0c0,907,140,13,0.04732098941723389,C02A251594C1,477.2,144.8,3.09,78.9,94.5,10.47,,25070342,121,9,7,A线,2507,25,2025,7
907,907#907@r0c0,907,140,14,0.01892046265886049,C02A251594C2,190.8,147.3,3.09,78.3,94.6,9.23,,25070343,121,9,7,A线,2507,25,2025,7
907,907#907@r0c0,907,140,15,0.023700160248782267,C02A251603A2,239.0,124.2,3.36,77.4,94.7,11.15,,25070352,121,9,7,A线,2507,25,2025,7
907,907#907@r0c0,907,140,16,0.03157376997159947,C02A251643A3,318.4,158.4,4.29,79.1,95.0,10.2,,25080055,121,9,7,A线,2508,25,2025,8
907,907#907@r0c0,907,140,17,0.08383311913941643,C02A251584B1,845.4,113.2,3.28,80.7,97.0,12.09,,25070322,121,9,7,A线,2507,25,2025,7
907,907#907@r0c0,907,140,18,0.047935805289796435,C02A250791E1,483.4,225.2,4.61,88.8,98.1,11.6,,25040222,121,9,7,A线,2504,25,2025,4
907,907#907@r0c0,907,140,19,0.05172386437558507,C02A250583B1,521.6,178.8,5.02,69.8,90.5,13.25,,25030321,121,9,7,A线,2503,25,2025,3
907,907#907@r0c0,907,140,20,0.004482206038681835,20250816,45.2,151.3,3.81,77.8,93.9,11.09,,,121,9,7,其他,,,,
907,907#907@r0c0,907,140,21,0.004859028670252431,20250817,49.0,154.2,3.85,76.7,93.7,11.21,,,121,9,7,其他,,,,
907,907#907@r0c0,907,140,22,0.004700366509591127,20250819,47.4,215.6,4.91,81.8,94.7,11.84,,,121,9,7,其他,,,,
907,907#907@r0c0,907,140,23,0.008062021038602504,20250820,81.3,206.4,4.79,82.1,95.0,11.87,,,121,9,7,其他,,,,
907,907#907@r0c0,907,140,24,0.00048788614403350944,20250902,4.92,137.4,3.37,76.3,93.5,11.29,,,121,9,7,其他,,,,
907,907#907@r0c0,907,140,25,0.0032426579085153987,20250903,32.7,215.8,4.86,83.1,95.9,11.6,,,121,9,7,其他,,,,
907,907#907@r0c0,907,140,26,0.010987354625795294,20250904,110.8,203.5,4.91,84.1,96.7,12.2,,,121,9,7,其他,,,,
908,908#908@r0c0,908,140,1,0.058416757126201105,24LMB0724C3,581.2,127.3,4.03,66.9,88.2,11.67,,24050145,122,9,8,LMB(外购/旧料),2405,,2024,5
908,908#908@r0c0,908,140,2,0.05244642785349575,C02A241654A2,521.8,134.9,3.49,82.6,95.5,12.49,,24110485,122,9,8,A线,2411,24,2024,11
908,908#908@r0c0,908,140,3,0.049109476138785024,C02A250282B1,488.6,207.8,5.11,79.5,94.5,11.5,,25020163,122,9,8,A线,2502,25,2025,2
908,908#908@r0c0,908,140,4,0.04297832991597314,C02A250674A2,427.6,138.4,3.43,76.4,93.6,10.36,,25040012,122,9,8,A线,2504,25,2025,4
908,908#908@r0c0,908,140,5,0.052486632091022396,C02A250674A1,522.2,136.9,3.34,76.7,93.5,10.86,,25040011,122,9,8,A线,2504,25,2025,4
908,908#908@r0c0,908,140,6,0.05117999437140674,C02A250704A2,509.2,115.0,3.09,78.1,95.0,10.54,,25040065,122,9,8,A线,2504,25,2025,4
908,908#908@r0c0,908,140,7,0.050335705383347404,C02A250733A1,500.8,200.5,4.66,86.4,97.7,11.03,,25040116,122,9,8,A线,2504,25,2025,4
908,908#908@r0c0,908,140,8,0.05509990753025369,C02A250742A1,548.2,211.2,4.23,90.6,99.3,11.43,,25040129,122,9,8,A线,2504,25,2025,4
908,908#908@r0c0,908,140,9,0.05168254734048969,C02A250833B1,514.2,172.0,4.57,77.3,94.0,10.99,,25040305,122,9,8,A线,2504,25,2025,4
908,908#908@r0c0,908,140,10,0.031278896795722266,C02A250832A2,311.2,203.4,4.43,88.6,98.0,11.67,,25040299,122,9,8,A线,2504,25,2025,4
908,908#908@r0c0,908,140,11,0.051984079121939454,C02A250984A1,517.2,122.7,3.15,82.2,96.6,11.91,,25050045,122,9,8,A线,2505,25,2025,5
908,908#908@r0c0,908,140,12,0.049873356651791094,C02A251224B2,496.2,135.5,3.49,79.5,95.4,11.15,,25060152,122,9,8,A线,2506,25,2025,6
908,908#908@r0c0,908,140,13,0.036786877336871304,C02A251234A1,366.0,125.1,3.31,81.8,96.2,11.93,,25060166,122,9,8,A线,2506,25,2025,6
908,908#908@r0c0,908,140,14,0.07998633055924094,C02A251254B1,795.8,112.4,3.18,81.9,96.6,12.3,,25060200,122,9,8,A线,2506,25,2025,6
908,908#908@r0c0,908,140,15,0.0234591725967917,C02A251531A1,233.4,209.6,3.65,87.5,98.5,10.0,,25070245,122,9,8,A线,2507,25,2025,7
908,908#908@r0c0,908,140,16,0.07200578941020383,C02A251573A1,716.4,184.8,4.91,78.5,94.3,11.87,,25070304,122,9,8,A线,2507,25,2025,7
908,908#908@r0c0,908,140,17,0.02792184296224822,C02A251583A2,277.8,156.1,4.29,76.4,93.4,11.45,,25070320,122,9,8,A线,2507,25,2025,7
908,908#908@r0c0,908,140,18,0.08263981023599887,C02A251584A1,822.2,118.8,3.36,81.4,97.6,11.92,,25070321,122,9,8,A线,2507,25,2025,7
908,908#908@r0c0,908,140,19,0.04969243758292123,C02A251593A2,494.4,132.3,3.43,79.7,94.9,12.43,,25070336,122,9,8,A线,2507,25,2025,7
908,908#908@r0c0,908,140,20,0.030635628995296104,C02A251594B2,304.8,146.0,3.09,78.3,94.4,10.45,,25070341,122,9,8,A线,2507,25,2025,7
909,909#909@r0c0,909,180,1,0.05141649554416954,C02A250722A2,515.8,201.5,5.41,86.2,97.4,,,25040095,123,9,9,A线,2504,25,2025,4
909,909#909@r0c0,909,180,2,0.038078909069160075,C02A251072B1,382.0,193.5,4.43,87.3,97.5,,,25050190,123,9,9,A线,2505,25,2025,5
909,909#909@r0c0,909,180,3,0.034928926015271436,C02A250822C2,350.4,183.4,4.55,78.3,93.7,,,25040285,123,9,9,A线,2504,25,2025,4
909,909#909@r0c0,909,180,4,0.04940289878187365,C02A250722B1,495.6,204.6,5.38,87.6,97.9,,,25040096,123,9,9,A线,2504,25,2025,4
909,909#909@r0c0,909,180,5,0.05000099683008035,C02A251002A1,501.6,211.3,4.41,87.9,98.0,,,25050079,123,9,9,A线,2505,25,2025,5
909,909#909@r0c0,909,180,6,0.02167108594668953,C02A251493A2,217.4,166.2,4.57,76.3,93.6,,,25070197,123,9,9,A线,2507,25,2025,7
909,909#909@r0c0,909,180,7,0.03321437827707889,C02A251241D2,333.2,228.0,4.63,89.5,98.4,,,25060177,123,9,9,A线,2506,25,2025,6
909,909#909@r0c0,909,180,8,0.050300045854183704,C02A250692C2,504.6,208.9,5.11,86.2,97.1,,,25040043,123,9,9,A线,2504,25,2025,4
909,909#909@r0c0,909,180,9,0.04501684642835783,C02A251241D1,451.6,227.6,4.63,89.7,98.6,,,25060176,123,9,9,A线,2506,25,2025,6
909,909#909@r0c0,909,180,10,0.08335493131840747,C02A250592A1,836.2,214.2,5.08,84.7,96.9,,,25030337,123,9,9,A线,2503,25,2025,3
909,909#909@r0c0,909,180,11,0.05480571781734086,24LMB1174A1,549.8,159.8,4.8,70.9,89.0,,,24070141,123,9,9,LMB(外购/旧料),2407,,2024,7
909,909#909@r0c0,909,180,12,0.05223389621005204,C02A250173A3,524.0,214.2,5.6,79.1,94.3,,,25010470,123,9,9,A线,2501,25,2025,1
909,909#909@r0c0,909,180,13,0.04892442034330829,C02A251012A2,490.8,215.4,4.49,87.4,97.3,,,25050099,123,9,9,A线,2505,25,2025,5
909,909#909@r0c0,909,180,14,0.052871867461472516,C02A250722A1,530.4,207.1,5.11,85.6,97.2,,,25040094,123,9,9,A线,2504,25,2025,4
909,909#909@r0c0,909,180,15,0.04804720987260512,C02A250852A2,482.0,212.6,4.72,85.0,95.6,,,25040340,123,9,9,A线,2504,25,2025,4
909,909#909@r0c0,909,180,16,0.0432624254869515,C02A250862A3,434.0,217.0,4.41,82.5,95.0,,,25040358,123,9,9,A线,2504,25,2025,4
909,909#909@r0c0,909,180,17,0.047867780458143105,C02A250702C1,480.2,214.3,5.84,82.7,96.1,,,25040060,123,9,9,A线,2504,25,2025,4
909,909#909@r0c0,909,180,18,0.052253832811658935,C02A250752C1,524.2,214.7,4.77,87.8,98.3,,,25040150,123,9,9,A线,2504,25,2025,4
909,909#909@r0c0,909,180,19,0.037480811020953374,C02A250761D1,376.0,221.8,4.43,89.2,98.6,,,25040165,123,9,9,A线,2504,25,2025,4
909,909#909@r0c0,909,180,20,0.05305129687593454,C02A250722C1,532.2,205.5,5.33,88.6,98.4,,,25040097,123,9,9,A线,2504,25,2025,4
909,909#909@r0c0,909,180,21,0.05181522757630734,C02A250672A2,519.8,201.3,4.69,86.2,97.6,,,25040003,123,9,9,A线,2504,25,2025,4
910,910#910@r0c0,910,160,1,0.024286365167092566,C02A250662D1,245.2,197.1,4.97,84.5,96.7,12.47,,25030475,124,9,10,A线,2503,25,2025,3
910,910#910@r0c0,910,160,2,0.028268061250767612,C02A250671D1,285.4,207.4,4.46,88.6,98.0,11.24,,25030488,124,9,10,A线,2503,25,2025,3
910,910#910@r0c0,910,160,3,0.027951110318733777,C02A250683A3,282.2,166.6,4.43,67.3,89.2,11.75,,25040029,124,9,10,A线,2504,25,2025,4
910,910#910@r0c0,910,160,4,0.04900853786573166,C02A250733A2,494.8,187.2,4.49,83.9,96.8,11.17,,25040117,124,9,10,A线,2504,25,2025,4
910,910#910@r0c0,910,160,5,0.0496028208632951,C02A250733A1,500.8,200.5,4.66,86.4,97.7,11.03,,25040116,124,9,10,A线,2504,25,2025,4
910,910#910@r0c0,910,160,6,0.03874725144113626,C02A250272C3,391.2,193.5,4.89,70.5,90.3,11.62,,25020137,124,9,10,A线,2502,25,2025,2
910,910#910@r0c0,910,160,7,0.02438541233335314,C02A250394B2,246.2,130.7,3.24,78.5,93.6,10.98,,25020478,124,9,10,A线,2502,25,2025,2
910,910#910@r0c0,910,160,8,0.03058576494126503,C02A250652B1,308.8,202.5,4.8,87.6,98.0,11.39,,25030452,124,9,10,A线,2503,25,2025,3
910,910#910@r0c0,910,160,9,0.05386184901249974,C02A250083A1,543.8,121.1,3.24,64.2,86.1,10.28,,25010224,124,9,10,A线,2501,25,2025,1
910,910#910@r0c0,910,160,10,0.01901705592203007,C02A250684B1,192.0,122.3,2.99,80.6,95.7,13.09,,25040033,124,9,10,A线,2504,25,2025,4
910,910#910@r0c0,910,160,11,0.04841425486816822,C02A250791D3,488.8,234.0,4.61,89.0,98.2,11.6,,25040221,124,9,10,A线,2504,25,2025,4
910,910#910@r0c0,910,160,12,0.030783859273786175,C02A250854A2,310.8,136.8,3.31,73.5,91.3,10.78,,25040349,124,9,10,A线,2504,25,2025,4
910,910#910@r0c0,910,160,13,0.048018066203125924,C02A250972A1,484.8,220.6,4.46,86.3,96.8,10.97,,25050014,124,9,10,A线,2505,25,2025,5
910,910#910@r0c0,910,160,14,0.02842653671678453,C02A250974D1,287.0,122.2,2.74,76.9,94.5,10.04,,25050028,124,9,10,A线,2505,25,2025,5
910,910#910@r0c0,910,160,15,0.07699926705096967,C02A251043B1,777.4,132.3,3.67,73.8,92.9,12.68,,25050158,124,9,10,A线,2505,25,2025,5
910,910#910@r0c0,910,160,16,0.024702363265386978,C02A251201A1,249.4,225.2,3.97,88.2,97.8,11.63,,25060105,124,9,10,A线,2506,25,2025,6
910,910#910@r0c0,910,160,17,0.06648045799409678,C02A251214A1,671.2,130.7,3.31,80.7,95.4,11.62,,25060133,124,9,10,A线,2506,25,2025,6
910,910#910@r0c0,910,160,18,0.06251857134367386,C02A251254A1,631.2,112.0,3.15,82.2,97.0,12.32,,25060199,124,9,10,A线,2506,25,2025,6
910,910#910@r0c0,910,160,19,0.048018066203125924,C02A251411C1,484.8,243.9,4.15,91.4,98.9,11.11,,25070078,124,9,10,A线,2507,25,2025,7
910,910#910@r0c0,910,160,20,0.0425704720587944,C02A251552A2,429.8,186.5,4.49,79.3,94.4,11.48,,25070276,124,9,10,A线,2507,25,2025,7
910,910#910@r0c0,910,160,21,0.03458727045819219,C02A251592B1,349.2,208.4,5.13,80.1,94.8,11.75,,25070334,124,9,10,A线,2507,25,2025,7
910,910#910@r0c0,910,160,22,0.050276341593867,C02A251594B1,507.6,122.6,2.96,80.0,95.5,11.63,,25070340,124,9,10,A线,2507,25,2025,7
910,910#910@r0c0,910,160,23,0.04181771359521404,C02A251604A2,422.2,108.4,2.87,79.5,96.1,12.08,,25070354,124,9,10,A线,2507,25,2025,7
910,910#910@r0c0,910,160,24,0.05067253025890929,C02A250481D1,511.6,270.5,4.8,92.0,98.2,10.77,,25030145,124,9,10,A线,2503,25,2025,3
911,911#911@r0c0,911,160,1,0.030792369191799257,C02A250832A2,311.2,203.4,4.43,88.6,98.0,11.67,,25040299,125,9,11,A线,2504,25,2025,4
911,911#911@r0c0,911,160,2,0.0215111216654793,C02A251493A2,217.4,166.2,4.57,76.3,93.6,11.94,,25070197,125,9,11,A线,2507,25,2025,7
911,911#911@r0c0,911,160,3,0.036630254096414155,C02A250761E1,370.2,220.4,4.49,87.2,97.1,10.8,,25040166,125,9,11,A线,2504,25,2025,4
911,911#911@r0c0,911,160,4,0.04533760785244993,C02A250792A1,458.2,210.1,4.72,83.4,96.2,11.55,,25040224,125,9,11,A线,2504,25,2025,4
911,911#911@r0c0,911,160,5,0.050186020739333495,C02A241933A3,507.2,189.1,4.97,59.6,83.2,13.03,,24120609,125,9,11,A线,2412,24,2024,12
911,911#911@r0c0,911,160,6,0.07506134726509935,C02A251654D1,758.6,93.1,2.64,75.7,94.3,12.72,,25080076,125,9,11,A线,2508,25,2025,8
911,911#911@r0c0,911,160,7,0.038193619884429666,C02A251561D1,386.0,238.3,4.43,88.0,97.5,11.82,,25070288,125,9,11,A线,2507,25,2025,7
911,911#911@r0c0,911,160,8,0.02325259241668646,C02A251654D2,235.0,95.1,2.7,76.5,94.8,11.96,,25080077,125,9,11,A线,2508,25,2025,8
911,911#911@r0c0,911,160,9,0.021807963270798703,C02A250624B2,220.4,126.4,3.24,77.8,94.8,11.39,,25030403,125,9,11,A线,2503,25,2025,3
911,911#911@r0c0,911,160,10,0.02420248555370854,24LMB0703A3,244.6,205.7,5.66,77.7,92.6,10.77,,24050080,125,9,11,LMB(外购/旧料),2405,,2024,5
911,911#911@r0c0,911,160,11,0.05267949022401647,C02A250084A1,532.4,117.6,2.8,64.4,85.5,10.54,,25010227,125,9,11,A线,2501,25,2025,1
911,911#911@r0c0,911,160,12,0.05368875168210244,C02A251453B1,542.6,200.9,5.6,76.8,93.6,11.28,,25070145,125,9,11,A线,2507,25,2025,7
911,911#911@r0c0,911,160,13,0.04929549592337529,C02A250604C2,498.2,118.7,3.15,78.9,96.1,11.51,,25030363,125,9,11,A线,2503,25,2025,3
911,911#911@r0c0,911,160,14,0.04880075991450962,C02A250691C1,493.2,244.2,4.49,91.5,98.9,10.91,,25040037,125,9,11,A线,2504,25,2025,4
911,911#911@r0c0,911,160,15,0.05285759518720811,24LMB0744B1,534.2,102.8,3.43,71.8,91.3,12.43,,24050202,125,9,11,LMB(外购/旧料),2405,,2024,5
911,911#911@r0c0,911,160,16,0.06676957175651073,C02A251631C1,674.8,240.1,4.23,88.0,97.8,11.57,,25080034,125,9,11,A线,2508,25,2025,8
911,911#911@r0c0,911,160,17,0.030040370458323442,C02A250774A1,303.6,124.0,2.96,79.9,95.9,10.95,,25040194,125,9,11,A线,2504,25,2025,4
911,911#911@r0c0,911,160,18,0.034394047336341334,C02A250662C1,347.6,211.5,5.41,84.8,96.7,9.85,,25030474,125,9,11,A线,2503,25,2025,3
911,911#911@r0c0,911,160,19,0.04893928599699201,C02A250673A1,494.6,131.5,3.24,78.5,94.6,11.59,,25040008,125,9,11,A线,2504,25,2025,4
911,911#911@r0c0,911,160,20,0.04527823953138606,C02A251592A1,457.6,210.9,4.97,80.7,95.1,11.82,,25070332,125,9,11,A线,2507,25,2025,7
911,911#911@r0c0,911,160,21,0.04019235336024697,C02A250714A1,406.2,134.8,3.21,75.7,93.3,11.3,,25040084,125,9,11,A线,2504,25,2025,4
911,911#911@r0c0,911,160,22,0.033701416923929396,C02A250751C1,340.6,225.9,4.17,91.0,98.8,11.4,,25040144,125,9,11,A线,2504,25,2025,4
911,911#911@r0c0,911,160,23,0.028259320826407034,C02A251634D1,285.6,91.7,2.7,73.8,93.8,11.88,,25080045,125,9,11,A线,2508,25,2025,8
911,911#911@r0c0,911,160,24,0.04812791894245231,C02A250821C1,486.4,234.5,4.41,89.9,98.5,12.11,,25040277,125,9,11,A线,2504,25,2025,4
912,912#912@r0c0,912,140,1,0.05417549137982225,24LMB0924B2,547.4,97.6,2.9,83.3,96.4,12.08,,24060058,126,9,12,LMB(外购/旧料),2406,,2024,6
912,912#912@r0c0,912,140,2,0.0554027038261317,24LMB0924B1,559.8,98.7,2.87,83.6,96.7,12.16,,24060057,126,9,12,LMB(外购/旧料),2406,,2024,6
912,912#912@r0c0,912,140,3,0.024860948912333484,24LMB0972C3,251.2,229.3,5.68,79.8,93.0,11.42,,24060187,126,9,12,LMB(外购/旧料),2406,,2024,6
912,912#912@r0c0,912,140,4,0.05441301636943052,24LMB1174A1,549.8,159.8,4.8,70.9,89.0,12.02,,24070141,126,9,12,LMB(外购/旧料),2407,,2024,7
912,912#912@r0c0,912,140,5,0.0495833415807288,C02A241904C1,501.0,127.6,3.21,56.9,82.5,10.9,,24120526,126,9,12,A线,2412,24,2024,12
912,912#912@r0c0,912,140,6,0.030739692405138457,C02A250132B2,310.6,226.1,5.87,69.3,88.1,9.93,,25010358,126,9,12,A线,2501,25,2025,1
912,912#912@r0c0,912,140,7,0.02741434255062251,C02A250283B1,277.0,150.4,4.23,50.1,79.8,11.44,,25020172,126,9,12,A线,2502,25,2025,2
912,912#912@r0c0,912,140,8,0.049939629065141225,C02A250353A1,504.6,226.3,5.76,82.0,95.3,11.06,,25020363,126,9,12,A线,2502,25,2025,2
912,912#912@r0c0,912,140,9,0.07889788404821757,C02A250534A1,797.2,97.1,2.67,75.6,96.2,10.45,,25030234,126,9,12,A线,2503,25,2025,3
912,912#912@r0c0,912,140,10,0.03277844856594287,C02A250612B2,331.2,227.6,5.73,86.1,97.6,11.4,,25030375,126,9,12,A线,2503,25,2025,3
912,912#912@r0c0,912,140,11,0.02113972407513707,C02A250732B1,213.6,215.8,4.61,90.1,98.8,11.55,,25040112,126,9,12,A线,2504,25,2025,4
912,912#912@r0c0,912,140,12,0.04754458541992438,C02A250762B1,480.4,214.7,5.11,84.8,96.8,11.87,,25040170,126,9,12,A线,2504,25,2025,4
912,912#912@r0c0,912,140,13,0.049939629065141225,C02A250771D2,504.6,229.2,4.26,90.8,98.9,11.43,,25040183,126,9,12,A线,2504,25,2025,4
912,912#912@r0c0,912,140,14,0.0385384295639437,C02A250823B1,389.4,119.9,2.74,80.8,95.8,11.31,,25040288,126,9,12,A线,2504,25,2025,4
912,912#912@r0c0,912,140,15,0.06359731596761742,C02A250823A1,642.6,126.3,2.87,80.3,95.4,11.36,,25040287,126,9,12,A线,2504,25,2025,4
912,912#912@r0c0,912,140,16,0.03149185487223135,C02A250884A1,318.2,134.8,3.28,76.5,93.2,11.19,,25040407,126,9,12,A线,2504,25,2025,4
912,912#912@r0c0,912,140,17,0.02523703014587993,C02A250963B1,255.0,227.0,5.6,81.7,94.8,10.72,,25050001,126,9,12,A线,2505,25,2025,5
912,912#912@r0c0,912,140,18,0.04910829160151224,C02A251254E1,496.2,95.1,2.67,77.2,95.3,11.0,,25060203,126,9,12,A线,2506,25,2025,6
912,912#912@r0c0,912,140,19,0.07986777775578471,C02A251274A1,807.0,123.6,3.21,79.1,95.7,12.03,,25060237,126,9,12,A线,2506,25,2025,6
912,912#912@r0c0,912,140,20,0.02517764889847786,C02A251542A2,254.4,224.6,4.49,83.0,95.0,11.44,,25070263,126,9,12,A线,2507,25,2025,7
912,912#912@r0c0,912,140,21,0.08265869638368203,C02A251544A1,835.2,108.7,2.96,79.8,95.3,11.4,,25070266,126,9,12,A线,2507,25,2025,7
912,912#912@r0c0,912,140,22,0.027493517547158605,C02A251583A2,277.8,156.1,4.29,76.4,93.4,11.45,,25070320,126,9,12,A线,2507,25,2025,7
913,913#913@r0c0,913,200,1,0.024753266472210017,C02A250602B1,247.8,227.6,5.92,83.8,95.7,,,25030355,127,9,13,A线,2503,25,2025,3
913,913#913@r0c0,913,200,2,0.023434690534223042,C02A250622B1,234.6,214.4,5.38,84.8,97.1,,,25030396,127,9,13,A线,2503,25,2025,3
913,913#913@r0c0,913,200,3,0.04491149558476846,C02A250671C2,449.6,222.3,4.52,90.4,98.9,,,25030487,127,9,13,A线,2503,25,2025,3
913,913#913@r0c0,913,200,4,0.036081032484916294,C02A250972C1,361.2,228.0,5.87,82.2,95.4,,,25050018,127,9,13,A线,2505,25,2025,5
913,913#913@r0c0,913,200,5,0.03404323330802733,C02A250972D1,340.8,219.5,5.76,81.7,95.0,,,25050019,127,9,13,A线,2505,25,2025,5
913,913#913@r0c0,913,200,6,0.0494266192512087,C02A250811D1,494.8,222.5,4.61,87.8,97.7,,,25040261,127,9,13,A线,2504,25,2025,4
913,913#913@r0c0,913,200,7,0.04718903584129141,C02A250861C2,472.4,222.3,4.11,88.2,98.2,,,25040354,127,9,13,A线,2504,25,2025,4
913,913#913@r0c0,913,200,8,0.07745634714508332,C02A250573A1,775.4,207.0,5.22,73.2,90.8,,,25030303,127,9,13,A线,2503,25,2025,3
913,913#913@r0c0,913,200,9,0.04978623087065969,C02A250861C3,498.4,225.2,4.11,87.9,97.9,,,25040355,127,9,13,A线,2504,25,2025,4
913,913#913@r0c0,913,200,10,0.03797898269868542,C02A250583A1,380.2,195.4,5.22,71.7,91.0,,,25030320,127,9,13,A线,2503,25,2025,3
913,913#913@r0c0,913,200,11,0.044192272345866465,C02A251591C3,442.4,230.5,4.38,85.5,97.1,,,25070331,127,9,13,A线,2507,25,2025,7
913,913#913@r0c0,913,200,12,0.048887201822032204,C02A250941C3,489.4,226.5,4.75,88.9,97.6,,,25040517,127,9,13,A线,2504,25,2025,4
913,913#913@r0c0,913,200,13,0.049366683981300195,C02A250573A2,494.2,205.5,5.22,73.0,90.7,,,25030304,127,9,13,A线,2503,25,2025,3
913,913#913@r0c0,913,200,14,0.08378950733208135,C02B251332B1,838.8,205.7,4.61,76.8,92.3,,,25060319,127,9,13,B线,2506,25,2025,6
913,913#913@r0c0,913,200,15,0.05278299436608463,C02A250384A1,528.4,235.1,5.49,83.5,96.0,,,25020458,127,9,13,A线,2502,25,2025,2
913,913#913@r0c0,913,200,16,0.04726894953450274,C02B251332C1,473.2,204.2,4.55,76.1,91.9,,,25060320,127,9,13,B线,2506,25,2025,6
913,913#913@r0c0,913,200,17,0.030047548647460745,C02A250383A3,300.8,232.6,5.66,85.8,97.0,,,25020457,127,9,13,A线,2502,25,2025,2
913,913#913@r0c0,913,200,18,0.06618851640228554,C02B251333A1,662.6,192.4,4.2,73.3,90.9,,,25060321,127,9,13,B线,2506,25,2025,6
913,913#913@r0c0,913,200,19,0.05314260598553563,24LMB1062B2,532.0,231.4,5.87,77.0,90.7,,,24060429,127,9,13,LMB(外购/旧料),2406,,2024,6
913,913#913@r0c0,913,200,20,0.04706916530147441,C02A251411D1,471.2,226.5,4.49,88.1,97.8,,,25070081,127,9,13,A线,2507,25,2025,7
913,913#913@r0c0,913,200,21,0.05220362009030248,C02A250422A2,522.6,227.3,5.84,86.2,97.2,,,25030051,127,9,13,A线,2503,25,2025,3
914,914#914@r0c0,914,140,1,0.0374791610924733,24LMB0984B1,364.2,152.0,4.57,64.7,85.6,12.88,,24060224,128,9,14,LMB(外购/旧料),2406,,2024,6
914,914#914@r0c0,914,140,2,0.04643217321505753,C02A250292B2,451.2,195.7,5.16,73.2,91.7,11.47,,25020193,128,9,14,A线,2502,25,2025,2
914,914#914@r0c0,914,140,3,0.07777800646263404,C02A251614A2,755.8,93.2,2.7,81.4,97.4,12.68,,25080013,128,9,14,A线,2508,25,2025,8
914,914#914@r0c0,914,140,4,0.024965525757918786,C02A250382B4,242.6,264.1,5.52,89.1,98.1,10.27,,25020454,128,9,14,A线,2502,25,2025,2
914,914#914@r0c0,914,140,5,0.022413402762055695,C02A251394E1,217.8,107.6,2.9,73.9,93.0,11.61,,25070062,128,9,14,A线,2507,25,2025,7
914,914#914@r0c0,914,140,6,0.030810710683927798,C02A251454D1,299.4,95.8,2.9,80.5,97.3,11.99,,25070150,128,9,14,A线,2507,25,2025,7
914,914#914@r0c0,914,140,7,0.04978698005639369,C02A251661C1,483.8,262.5,4.52,87.9,97.5,11.84,,25080082,128,9,14,A线,2508,25,2025,8
914,914#914@r0c0,914,140,8,0.05205096013336901,24LMB0983A2,505.8,191.9,5.52,64.8,85.4,12.84,,24060220,128,9,14,LMB(外购/旧料),2406,,2024,6
914,914#914@r0c0,914,140,9,0.037767304011361066,C02A251604B3,367.0,90.3,2.54,76.2,95.5,11.84,,25070357,128,9,14,A线,2507,25,2025,7
914,914#914@r0c0,914,140,10,0.022372239487928873,C02A251624C2,217.4,101.8,2.9,75.9,94.8,11.27,,25080030,128,9,14,A线,2508,25,2025,8
914,914#914@r0c0,914,140,11,0.05795788997056826,24LMB0983A1,563.2,200.9,5.68,67.3,86.6,12.24,,24060219,128,9,14,LMB(外购/旧料),2406,,2024,6
914,914#914@r0c0,914,140,12,0.0912383971021055,C02A251614A1,886.6,96.5,2.77,81.1,97.1,12.74,,25080012,128,9,14,A线,2508,25,2025,8
914,914#914@r0c0,914,140,13,0.051989215222178774,C02A250323A1,505.2,185.6,5.19,56.5,83.6,11.95,,25020279,128,9,14,A线,2502,25,2025,2
914,914#914@r0c0,914,140,14,0.05093955173194476,C02A251624B1,495.0,103.7,2.93,77.7,95.7,11.95,,25080026,128,9,14,A线,2508,25,2025,8
914,914#914@r0c0,914,140,15,0.05310062362360302,C02A250431B2,516.0,285.0,5.13,91.5,98.7,9.83,,25030062,128,9,14,A线,2503,25,2025,3
914,914#914@r0c0,914,140,16,0.05415028711383704,C02A251304D1,526.2,97.5,2.9,79.6,96.4,11.41,,25060282,128,9,14,A线,2506,25,2025,6
914,914#914@r0c0,914,140,17,0.05153641920678371,C02A251304D2,500.8,95.4,2.74,77.6,95.0,11.84,,25060283,128,9,14,A线,2506,25,2025,6
914,914#914@r0c0,914,140,18,0.07637845514232203,C02A251511B1,742.2,278.8,4.15,90.2,98.4,11.23,,25070221,128,9,14,A线,2507,25,2025,7
914,914#914@r0c0,914,140,19,0.05240084796344701,C02A251304C1,509.2,99.7,2.93,80.1,96.2,11.83,,25060280,128,9,14,A线,2506,25,2025,6
914,914#914@r0c0,914,140,20,0.05845184926009015,C02A251534B2,568.0,98.9,2.83,76.1,94.4,11.53,,25070256,128,9,14,A线,2507,25,2025,7
914,914#914@r0c0,914,140,21,,20250912,,,,,,,,,128,9,14,其他,,,,
915,915#915@r0c0,915,140,1,0.4959235087580091,820,5000.0,206.4,4.79,82.1,95.0,11.87,,,129,9,15,其他,,,,
915,915#915@r0c0,915,140,2,0.05000892662315764,C02A251204D1,504.2,117.9,3.06,75.6,93.3,11.99,,25060119,129,9,15,A线,2506,25,2025,6
915,915#915@r0c0,915,140,3,0.08460455059411635,C02A251234C1,853.0,104.7,2.83,78.7,95.7,11.93,,25060169,129,9,15,A线,2506,25,2025,6
915,915#915@r0c0,915,140,4,0.032909484041181485,C02A251254E2,331.8,94.2,2.67,76.5,95.5,11.24,,25060204,129,9,15,A线,2506,25,2025,6
915,915#915@r0c0,915,140,5,0.0318581262026145,C02A251254D1,321.2,95.0,2.67,78.5,95.9,11.53,,25060202,129,9,15,A线,2506,25,2025,6
915,915#915@r0c0,915,140,6,0.02430025192914245,C02A251294C1,245.0,120.0,2.96,76.6,93.6,11.77,,25060266,129,9,15,A线,2506,25,2025,6
915,915#915@r0c0,915,140,7,0.03757116502350677,C02A251384C1,378.8,100.9,2.57,77.3,95.3,11.99,,25070046,129,9,15,A线,2507,25,2025,7
915,915#915@r0c0,915,140,8,0.026521989248378328,C02A251404C1,267.4,107.8,2.67,76.5,94.5,10.84,,25070075,129,9,15,A线,2507,25,2025,7
915,915#915@r0c0,915,140,9,0.02445894745194501,C02A251484D2,246.6,95.9,2.44,72.0,92.8,11.94,,25070189,129,9,15,A线,2507,25,2025,7
915,915#915@r0c0,915,140,10,0.04836246057408105,C02A251524C1,487.6,94.4,2.61,77.3,96.5,11.94,,25070244,129,9,15,A线,2507,25,2025,7
915,915#915@r0c0,915,140,11,0.07182956100851004,C02A251544A2,724.2,104.9,2.9,79.7,95.2,11.64,,25070267,129,9,15,A线,2507,25,2025,7
915,915#915@r0c0,915,140,12,0.019559223185415878,C02A250663A3,197.2,117.8,3.03,76.0,93.8,11.8,,25030478,129,9,15,A线,2503,25,2025,3
915,915#915@r0c0,915,140,13,0.05209180535994128,C02A250734B1,525.2,112.3,2.93,79.6,96.1,11.73,,25040120,129,9,15,A线,2504,25,2025,4
916,916#916@r0c0,916,140,1,0.49728482485628467,820,5000.0,206.4,4.79,82.1,95.0,11.87,,,130,9,16,其他,,,,
916,916#916@r0c0,916,140,2,0.050862291886300794,C02A250774B1,511.4,113.2,2.7,80.4,96.3,11.21,,25040195,130,9,16,A线,2504,25,2025,4
916,916#916@r0c0,916,140,3,0.051598273427088094,C02A250814A2,518.8,116.3,2.99,79.8,95.9,11.68,,25040272,130,9,16,A线,2504,25,2025,4
916,916#916@r0c0,916,140,4,0.04592922642372645,C02A250824B1,461.8,96.9,2.31,81.7,96.6,11.87,,25040290,130,9,16,A线,2504,25,2025,4
916,916#916@r0c0,916,140,5,,C02A250834B1,0.0,107.6,2.87,81.6,96.9,11.52,,25040309,130,9,16,A线,2504,25,2025,4
916,916#916@r0c0,916,140,6,0.04939032880472619,C02A250843A1,496.6,111.1,3.03,78.9,95.5,11.75,,25040326,130,9,16,A线,2504,25,2025,4
916,916#916@r0c0,916,140,7,0.052632625862789176,C02A250844A1,529.2,119.1,3.09,78.8,95.6,10.93,,25040329,130,9,16,A线,2504,25,2025,4
916,916#916@r0c0,916,140,8,0.04401965269627832,C02A250434A2,442.6,110.9,2.96,72.2,92.1,11.29,,25030074,130,9,16,A线,2503,25,2025,3
916,916#916@r0c0,916,140,9,0.06942096154993734,C02A250564B2,698.0,94.9,2.54,66.4,90.2,11.96,,25030292,130,9,16,A线,2503,25,2025,3
916,916#916@r0c0,916,140,10,0.04754042925626081,C02A250604D1,478.0,111.2,2.93,77.6,95.8,11.29,,25030365,130,9,16,A线,2503,25,2025,3
916,916#916@r0c0,916,140,11,0.03186601157679072,C02A250364E2,320.4,102.3,2.54,55.6,82.4,11.19,,25020405,130,9,16,A线,2502,25,2025,2
916,916#916@r0c0,916,140,12,0.05945537365981739,C02A251374B1,597.8,105.8,2.99,76.2,94.4,12.01,,25070033,130,9,16,A线,2507,25,2025,7
917,917#917@r0c0,917,160,1,0.050362152563002575,C02A251261D1,504.8,250.6,4.8,88.1,97.3,11.1,,25060209,131,9,17,A线,2506,25,2025,6
917,917#917@r0c0,917,160,2,0.019853542710058465,C02A251282A1,199.0,257.1,4.94,83.6,95.9,11.17,,25060245,131,9,17,A线,2506,25,2025,6
917,917#917@r0c0,917,160,3,0.05163916435540835,C02A250264A1,517.6,98.8,2.77,63.6,86.3,11.27,,25020112,131,9,17,A线,2502,25,2025,2
917,917#917@r0c0,917,160,4,0.05044196580002794,C02A250683A1,505.6,190.8,5.11,69.0,90.2,11.51,,25040027,131,9,17,A线,2504,25,2025,4
917,917#917@r0c0,917,160,5,0.06476844184608017,C02A250714B1,649.2,126.9,3.03,75.8,93.5,11.66,,25040085,131,9,17,A线,2504,25,2025,4
917,917#917@r0c0,917,160,6,0.02037232875072331,C02A251581C3,204.2,256.7,4.82,85.5,96.4,11.06,,25070315,131,9,17,A线,2507,25,2025,7
917,917#917@r0c0,917,160,7,0.03372109264321488,C02A250621E2,338.0,257.5,5.11,90.6,98.3,11.61,,25030392,131,9,17,A线,2503,25,2025,3
917,917#917@r0c0,917,160,8,0.0853003970708542,C02A251264B1,855.0,120.9,3.24,78.8,95.7,12.2,,25060220,131,9,17,A线,2506,25,2025,6
917,917#917@r0c0,917,160,9,0.043857373745435684,C02A251651D1,439.6,249.6,4.38,88.6,97.9,11.71,,25080066,131,9,17,A线,2508,25,2025,8
917,917#917@r0c0,917,160,10,0.03908853283317038,C02A251614B1,391.8,108.1,2.93,77.1,95.3,12.11,,25080014,131,9,17,A线,2508,25,2025,8
917,917#917@r0c0,917,160,11,0.05028233932597721,C02A250423A1,504.0,191.0,5.19,70.7,90.5,11.67,,25030053,131,9,17,A线,2503,25,2025,3
917,917#917@r0c0,917,160,12,0.02947103777161442,C02A250402A3,295.4,257.3,5.41,86.9,97.0,12.29,,25030014,131,9,17,A线,2503,25,2025,3
917,917#917@r0c0,917,160,13,0.029411177843845403,C02A250472A1,294.8,257.8,5.24,86.3,96.4,11.55,,25030131,131,9,17,A线,2503,25,2025,3
917,917#917@r0c0,917,160,14,0.08585908973003173,C02A251394C1,860.6,108.4,2.9,74.5,93.0,12.19,,25070060,131,9,17,A线,2507,25,2025,7
917,917#917@r0c0,917,160,15,0.06678372608097052,C02A251394D1,669.4,105.0,2.83,73.9,92.9,12.51,,25070061,131,9,17,A线,2507,25,2025,7
917,917#917@r0c0,917,160,16,0.049963086377875776,C02A250791D2,500.8,225.6,4.61,88.6,97.7,11.3,,25040220,131,9,17,A线,2504,25,2025,4
917,917#917@r0c0,917,160,17,0.0753636490611968,C02A251501C2,755.4,256.6,4.52,88.2,97.6,12.01,,25070208,131,9,17,A线,2507,25,2025,7
917,917#917@r0c0,917,160,18,0.04647125725801624,C02A250264A2,465.8,95.1,2.61,63.7,86.2,11.15,,25020113,131,9,17,A线,2502,25,2025,2
917,917#917@r0c0,917,160,19,0.041762276273519965,C02A251624C1,418.6,98.9,2.83,76.3,95.1,12.38,,25080029,131,9,17,A线,2508,25,2025,8
917,917#917@r0c0,917,160,20,0.04463555280643294,C02A251411E1,447.4,228.0,4.69,86.9,97.4,11.58,,25070082,131,9,17,A线,2507,25,2025,7
917,917#917@r0c0,917,160,21,0.02059181515254305,C02A251291C3,206.4,249.4,4.2,90.5,98.5,11.69,,25060259,131,9,17,A线,2506,25,2025,6
918,918#918@r0c0,918,240,1,0.04409409312826846,24LMB1022C1,457.0,251.2,5.81,78.4,91.1,,,24060334,132,9,18,LMB(外购/旧料),2406,,2024,6
918,918#918@r0c0,918,240,2,0.0321491287315953,C02A241743B2,333.2,243.0,5.9,70.0,89.3,,,24120143,132,9,18,A线,2412,24,2024,12
918,918#918@r0c0,918,240,3,0.04994114355184191,C02A250031C3,517.6,275.9,5.16,91.2,98.5,,,25010066,132,9,18,A线,2501,25,2025,1
918,918#918@r0c0,918,240,4,0.049092066922676134,C02A250051E2,508.8,265.3,5.05,91.0,98.5,,,25010123,132,9,18,A线,2501,25,2025,1
918,918#918@r0c0,918,240,5,0.049960440747959314,C02A250132B1,517.8,228.5,5.81,69.7,88.4,,,25010357,132,9,18,A线,2501,25,2025,1
918,918#918@r0c0,918,240,6,0.0419328071631192,C02A250152B1,434.6,248.8,6.56,79.7,93.7,,,25010414,132,9,18,A线,2501,25,2025,1
918,918#918@r0c0,918,240,7,0.04949730804114162,C02A250261C2,513.0,264.7,4.69,92.0,99.0,,,25020092,132,9,18,A线,2502,25,2025,2
918,918#918@r0c0,918,240,8,0.04920785009938056,C02A250332B1,510.0,227.6,6.32,71.1,90.1,,,25020307,132,9,18,A线,2502,25,2025,2
918,918#918@r0c0,918,240,9,0.04986395476737229,C02A250382B1,516.8,274.7,5.35,89.0,97.4,,,25020451,132,9,18,A线,2502,25,2025,2
918,918#918@r0c0,918,240,10,0.05094459774994693,C02A250432B1,528.0,223.4,6.13,77.6,93.0,,,25030070,132,9,18,A线,2503,25,2025,3
918,918#918@r0c0,918,240,11,0.07284691534320063,C02A250551B1,755.0,263.5,4.52,91.9,99.0,,,25030260,132,9,18,A线,2503,25,2025,3
918,918#918@r0c0,918,240,12,0.038536500646456064,C02A250741B2,399.4,267.5,4.49,92.6,99.0,,,25040124,132,9,18,A线,2504,25,2025,4
918,918#918@r0c0,918,240,13,0.02811601474305783,C02A250861B2,291.4,272.6,3.85,88.6,97.7,,,25040352,132,9,18,A线,2504,25,2025,4
918,918#918@r0c0,918,240,14,0.02018486713880473,C02A250891A1,209.2,271.9,3.79,88.2,97.0,,,25040409,132,9,18,A线,2504,25,2025,4
918,918#918@r0c0,918,240,15,0.047683371606105626,C02A250911D1,494.2,253.5,4.26,87.2,96.6,,,25040453,132,9,18,A线,2504,25,2025,4
918,918#918@r0c0,918,240,16,0.04928503888385018,C02A250911B2,510.8,270.5,4.41,91.4,98.3,,,25040451,132,9,18,A线,2504,25,2025,4
918,918#918@r0c0,918,240,17,0.0838656143262384,C02A251131B2,869.2,250.3,4.77,87.2,96.1,,,25060012,132,9,18,A线,2506,25,2025,6
918,918#918@r0c0,918,240,18,0.027826556801296767,C02A251152A3,288.4,231.2,4.61,84.3,96.7,,,25060040,132,9,18,A线,2506,25,2025,6
918,918#918@r0c0,918,240,19,0.07834661623666081,C02A251151B2,812.0,276.5,4.26,89.5,98.1,,,25060036,132,9,18,A线,2506,25,2025,6
918,918#918@r0c0,918,240,20,0.044808089384612414,C02A251591B1,464.4,250.1,3.61,88.6,98.5,,,25070327,132,9,18,A线,2507,25,2025,7
918,918#918@r0c0,918,240,21,0.04181702398641477,C02A251611B3,433.4,253.0,4.2,90.2,98.8,,,25080004,132,9,18,A线,2508,25,2025,8
101,101#20250919（禹王）@r0c0,20250919（禹王）,140,1,0.02021571648690293,24LMB1173A3,196.8,176.4,5.16,73.0,89.5,11.96,,24070140,133,10,1,LMB(外购/旧料),2407,,2024,7
101,101#20250919（禹王）@r0c0,20250919（禹王）,140,2,0.03268618387262455,C02A250884A1,318.2,134.8,3.28,76.5,93.2,11.19,,25040407,133,10,1,A线,2504,25,2025,4
101,101#20250919（禹王）@r0c0,20250919（禹王）,140,3,0.03110426296866975,24LMB0424C2,302.8,96.4,2.67,77.6,92.3,11.95,,24030125,133,10,1,LMB(外购/旧料),2403,,2024,3
101,101#20250919（禹王）@r0c0,20250919（禹王）,140,4,0.04731381612737545,C02A250083A2,460.6,121.9,3.21,63.2,85.0,10.32,,25010225,133,10,1,A线,2501,25,2025,1
101,101#20250919（禹王）@r0c0,20250919（禹王）,140,5,0.022270159219311764,C02A250614C2,216.8,133.1,3.09,83.3,97.3,12.39,,25030384,133,10,1,A线,2503,25,2025,3
101,101#20250919（禹王）@r0c0,20250919（禹王）,140,6,0.05756548536209553,24LMB1154B1,560.4,94.6,3.15,79.9,94.2,12.72,,24070092,133,10,1,LMB(外购/旧料),2407,,2024,7
101,101#20250919（禹王）@r0c0,20250919（禹王）,140,7,0.05772984078068824,24LMB0723A1,562.0,198.0,5.73,76.9,92.4,10.87,,24050137,133,10,1,LMB(外购/旧料),2405,,2024,5
101,101#20250919（禹王）@r0c0,20250919（禹王）,140,8,0.03137134052388289,C02A250682B1,305.4,215.3,4.82,84.4,96.4,10.92,,25040023,133,10,1,A线,2504,25,2025,4
101,101#20250919（禹王）@r0c0,20250919（禹王）,140,9,0.05115562403697997,C02A250771D1,498.0,229.5,4.23,90.0,98.1,11.72,,25040182,133,10,1,A线,2504,25,2025,4
101,101#20250919（禹王）@r0c0,20250919（禹王）,140,10,0.07574730354391371,C02A251481D1,737.4,259.9,4.15,87.2,96.6,9.44,,25070179,133,10,1,A线,2507,25,2025,7
101,101#20250919（禹王）@r0c0,20250919（禹王）,140,11,0.04519774011299435,C02A251213B1,440.0,191.9,4.41,78.1,92.7,11.43,,25060132,133,10,1,A线,2506,25,2025,6
101,101#20250919（禹王）@r0c0,20250919（禹王）,140,12,0.08086286594761172,C02A251694E2,787.2,84.5,2.8,82.0,97.4,11.66,,25080138,133,10,1,A线,2508,25,2025,8
101,101#20250919（禹王）@r0c0,20250919（禹王）,140,13,0.05337442218798151,C02A250604B1,519.6,137.6,3.58,80.5,96.0,11.14,,25030360,133,10,1,A线,2503,25,2025,3
101,101#20250919（禹王）@r0c0,20250919（禹王）,140,14,0.05263482280431433,C02A250834B2,512.4,106.9,2.74,81.5,96.8,12.07,,25040310,133,10,1,A线,2504,25,2025,4
101,101#20250919（禹王）@r0c0,20250919（禹王）,140,15,0.05610683102208527,24LMB1214C1,546.2,92.3,3.12,76.0,93.8,11.9,,24070248,133,10,1,LMB(外购/旧料),2407,,2024,7
101,101#20250919（禹王）@r0c0,20250919（禹王）,140,16,0.059702105803800726,24LMB0724C3,581.2,127.3,4.03,66.9,88.2,11.67,,24050145,133,10,1,LMB(外购/旧料),2405,,2024,5
101,101#20250919（禹王）@r0c0,20250919（禹王）,140,17,0.05164869029275809,C02A250721D1,502.8,220.6,4.63,91.8,98.9,11.58,,25040091,133,10,1,A线,2504,25,2025,4
101,101#20250919（禹王）@r0c0,20250919（禹王）,140,18,0.031905495634309194,C02A250132B2,310.6,226.1,5.87,69.3,88.1,9.93,,25010358,133,10,1,A线,2501,25,2025,1
101,101#20250919（禹王）@r0c0,20250919（禹王）,140,19,0.05781201848998459,24LMB0584D2,562.8,90.0,3.09,57.7,84.3,12.99,,24040324,133,10,1,LMB(外购/旧料),2404,,2024,4
101,101#20250919（禹王）@r0c0,20250919（禹王）,140,20,0.08359527478171545,C02A251654B1,813.8,122.4,3.4,76.4,93.7,11.89,,25080074,133,10,1,A线,2508,25,2025,8
102,102#20250920（禹王）@r0c0,20250920（禹王）,140,1,0.030014047444750013,24LMB0274F1,303.4,86.3,2.41,76.0,92.8,10.83,,24020175,134,10,2,LMB(外购/旧料),2402,,2024,2
102,102#20250920（禹王）@r0c0,20250920（禹王）,140,2,0.03970876283560532,24LMB0274C4,401.4,87.1,2.51,76.0,92.8,11.21,,24020170,134,10,2,LMB(外购/旧料),2402,,2024,2
102,102#20250920（禹王）@r0c0,20250920（禹王）,140,3,0.05355835625111291,24LMB0684D2,541.4,99.6,3.21,66.7,89.1,11.56,,24050031,134,10,2,LMB(外购/旧料),2405,,2024,5
102,102#20250920（禹王）@r0c0,20250920（禹王）,140,4,0.037037769819757434,24LMB0994E2,374.4,96.6,2.99,62.4,84.5,11.46,,24060262,134,10,2,LMB(外购/旧料),2406,,2024,6
102,102#20250920（禹王）@r0c0,20250920（禹王）,140,5,0.05025423896484182,24LMB1154B2,508.0,93.2,3.06,79.7,94.1,12.72,,24070093,134,10,2,LMB(外购/旧料),2407,,2024,7
102,102#20250920（禹王）@r0c0,20250920（禹王）,140,6,0.05658548166907386,C02B241233A2,572.0,208.0,5.84,77.0,91.6,11.56,,24070298,134,10,2,B线,2407,24,2024,7
102,102#20250920（禹王）@r0c0,20250920（禹王）,140,7,0.05177769424054765,C02B241294A1,523.4,159.6,4.43,83.4,94.2,12.76,,24090136,134,10,2,B线,2409,24,2024,9
102,102#20250920（禹王）@r0c0,20250920（禹王）,140,8,0.051619413172941844,C02A241654A2,521.8,134.9,3.49,82.6,95.5,12.49,,24110485,134,10,2,A线,2411,24,2024,11
102,102#20250920（禹王）@r0c0,20250920（禹王）,140,9,0.047820667550402624,C02A250193A2,483.4,156.7,3.99,54.6,83.2,11.01,,25010527,134,10,2,A线,2501,25,2025,1
102,102#20250920（禹王）@r0c0,20250920（禹王）,140,10,0.049502403893714256,C02A250282C3,500.4,199.9,6.09,60.2,85.1,11.57,,25020168,134,10,2,A线,2502,25,2025,2
102,102#20250920（禹王）@r0c0,20250920（禹王）,140,11,0.016540371564806203,C02A250334B1,167.2,93.1,2.31,61.1,86.3,9.06,,25020316,134,10,2,A线,2502,25,2025,2
102,102#20250920（禹王）@r0c0,20250920（禹王）,140,12,0.03185406485566745,C02A250342A3,322.0,242.9,5.63,79.1,93.9,11.1,,25020333,134,10,2,A线,2502,25,2025,2
102,102#20250920（禹王）@r0c0,20250920（禹王）,140,13,0.02647250855707022,C02A250712D2,267.6,199.7,5.3,76.3,93.2,11.1,,25040081,134,10,2,A线,2504,25,2025,4
102,102#20250920（禹王）@r0c0,20250920（禹王）,140,14,0.0431513760560315,C02A250741C1,436.2,239.9,4.34,92.1,99.5,11.83,,25040125,134,10,2,A线,2504,25,2025,4
102,102#20250920（禹王）@r0c0,20250920（禹王）,140,15,0.04400213679441268,C02A250811C1,444.8,249.6,4.49,90.8,98.4,11.48,,25040259,134,10,2,A线,2504,25,2025,4
102,102#20250920（禹王）@r0c0,20250920（禹王）,140,16,0.04768217161624755,C02A250852A2,482.0,212.6,4.72,85.0,95.6,11.59,,25040340,134,10,2,A线,2504,25,2025,4
102,102#20250920（禹王）@r0c0,20250920（禹王）,140,17,0.0707912074866945,C02A251304F1,715.6,96.1,2.83,79.4,96.2,12.32,,25060285,134,10,2,A线,2506,25,2025,6
102,102#20250920（禹王）@r0c0,20250920（禹王）,140,18,0.07041528995113071,C02A251641C1,711.8,248.2,4.17,88.4,97.8,11.18,,25080049,134,10,2,A线,2508,25,2025,8
102,102#20250920（禹王）@r0c0,20250920（禹王）,140,19,0.024751201946857128,C02A251671A1,250.2,244.0,3.73,87.8,97.5,11.16,,25080095,134,10,2,A线,2508,25,2025,8
102,102#20250920（禹王）@r0c0,20250920（禹王）,140,20,0.07366005183704964,C02A251694D1,744.6,87.4,2.77,81.0,96.8,11.06,,25080136,134,10,2,A线,2508,25,2025,8
102,102#20250920（禹王）@r0c0,20250920（禹王）,140,21,0.08280078349128464,C02A251694E1,837.0,87.9,2.77,81.0,96.9,11.07,,25080137,134,10,2,A线,2508,25,2025,8
103,103#20250921（禹王）@r0c0,20250921（禹王）,160,1,0.0504638292789744,24LMB0814A2,507.0,179.1,5.55,71.5,89.5,11.61,,24050347,135,10,3,LMB(外购/旧料),2405,,2024,5
103,103#20250921（禹王）@r0c0,20250921（禹王）,160,2,0.04916988493848788,24LMB0803A2,494.0,213.3,5.9,77.7,92.7,11.81,,24050320,135,10,3,LMB(外购/旧料),2405,,2024,5
103,103#20250921（禹王）@r0c0,20250921（禹王）,160,3,0.08064259266632162,C02A251251C1,810.2,245.6,3.97,86.2,96.4,10.79,,25060192,135,10,3,A线,2506,25,2025,6
103,103#20250921（禹王）@r0c0,20250921（禹王）,160,4,0.07773619460922881,C02A251374C1,781.0,106.4,2.99,76.3,94.4,12.71,,25070034,135,10,3,A线,2507,25,2025,7
103,103#20250921（禹王）@r0c0,20250921（禹王）,160,5,0.06742445355735159,C02A250514B1,677.4,91.1,2.51,72.2,94.7,10.87,,25030204,135,10,3,A线,2503,25,2025,3
103,103#20250921（禹王）@r0c0,20250921（禹王）,160,6,0.052534140223752836,24LMB0894E1,527.8,196.1,5.68,70.8,88.2,11.14,,24050553,135,10,3,LMB(外购/旧料),2405,,2024,5
103,103#20250921（禹王）@r0c0,20250921（禹王）,160,7,0.0733765975235896,C02A251571C1,737.2,232.9,4.34,87.4,96.9,11.26,,25070301,135,10,3,A线,2507,25,2025,7
103,103#20250921（禹王）@r0c0,20250921（禹王）,160,8,0.05739140820957918,24LMB1104A1,576.6,160.1,4.72,77.0,92.7,11.9,,24060536,135,10,3,LMB(外购/旧料),2406,,2024,6
103,103#20250921（禹王）@r0c0,20250921（禹王）,160,9,0.04005255404705976,24LMB0704F2,402.4,90.2,2.9,61.7,86.2,11.16,,24050094,135,10,3,LMB(外购/旧料),2405,,2024,5
103,103#20250921（禹王）@r0c0,20250921（禹王）,160,10,0.05227535135565554,C02A250734B1,525.2,112.3,2.93,79.6,96.1,11.73,,25040120,135,10,3,A线,2504,25,2025,4
103,103#20250921（禹王）@r0c0,20250921（禹王）,160,11,0.048532866186248365,C02A250283C2,487.6,103.6,2.74,60.9,87.1,10.09,,25020174,135,10,3,A线,2502,25,2025,2
103,103#20250921（禹王）@r0c0,20250921（禹王）,160,12,0.044451964804713945,C02A251411C3,446.6,245.8,4.08,91.3,98.7,11.27,,25070080,135,10,3,A线,2507,25,2025,7
103,103#20250921（禹王）@r0c0,20250921（禹王）,160,13,0.035155472389218456,24LMB0672C1,353.2,213.7,5.81,78.2,93.4,11.6,,24040521,135,10,3,LMB(外购/旧料),2404,,2024,4
103,103#20250921（禹王）@r0c0,20250921（禹王）,160,14,0.06481665804037107,C02B251354E1,651.2,97.5,2.61,82.2,96.3,12.89,,25070010,135,10,3,B线,2507,25,2025,7
103,103#20250921（禹王）@r0c0,20250921（禹王）,160,15,0.0348369630130987,C02A250432A1,350.0,228.4,5.9,78.8,93.4,11.58,,25030068,135,10,3,A线,2503,25,2025,3
103,103#20250921（禹王）@r0c0,20250921（禹王）,160,16,0.03993311303101485,C02A250114B2,401.2,96.5,2.44,64.0,87.0,11.33,,25010311,135,10,3,A线,2501,25,2025,1
103,103#20250921（禹王）@r0c0,20250921（禹王）,160,17,0.08261336943106264,C02A251291C1,830.0,247.5,4.26,90.6,98.6,11.56,,25060257,135,10,3,A线,2506,25,2025,6
103,103#20250921（禹王）@r0c0,20250921（禹王）,160,18,0.048592586694270815,C02A250851B2,488.2,236.8,4.46,90.0,98.3,11.31,,25040334,135,10,3,A线,2504,25,2025,4
104,104#104@r0c0,104,200,1,0.027114280055456526,C02A250263A2,273.8,210.7,5.79,75.8,91.6,,,25020106,136,10,4,A线,2502,25,2025,2
104,104#104@r0c0,104,200,2,0.038086749851455735,C02A250263A1,384.6,214.3,5.84,76.6,92.2,,,25020105,136,10,4,A线,2502,25,2025,2
104,104#104@r0c0,104,200,3,0.05066349772232125,C02A250201E2,511.6,228.6,5.13,89.4,98.4,,,25010549,136,10,4,A线,2501,25,2025,1
104,104#104@r0c0,104,200,4,0.026579520697167753,C02A251691A1,268.4,255.8,3.65,87.2,96.4,,,25080124,136,10,4,A线,2508,25,2025,8
104,104#104@r0c0,104,200,5,0.045989304812834225,C02A250153B1,464.4,202.3,6.0,74.3,92.1,,,25010417,136,10,4,A线,2501,25,2025,1
104,104#104@r0c0,104,200,6,0.05020796197266786,C02A250682C1,507.0,208.7,5.66,70.8,91.2,,,25040024,136,10,4,A线,2504,25,2025,4
104,104#104@r0c0,104,200,7,0.048861160625866505,C02A250322A1,493.4,235.2,6.03,76.1,92.2,,,25020274,136,10,4,A线,2502,25,2025,2
104,104#104@r0c0,104,200,8,0.07209348385818974,C02B251343A1,728.0,170.1,3.85,78.1,92.9,,,25060333,136,10,4,B线,2506,25,2025,6
104,104#104@r0c0,104,200,9,0.05864527629233512,C02A251651B2,592.2,258.1,4.11,90.4,98.4,,,25080064,136,10,4,A线,2508,25,2025,8
104,104#104@r0c0,104,200,10,0.05125767478708655,C02A250682C2,517.6,209.7,5.73,70.5,91.0,,,25040025,136,10,4,A线,2504,25,2025,4
104,104#104@r0c0,104,200,11,0.05028718558130323,C02B241283A2,507.8,176.0,4.97,75.0,89.0,,,24090105,136,10,4,B线,2409,24,2024,9
104,104#104@r0c0,104,200,12,0.02077639136462666,C02A250612A1,209.8,228.9,5.71,87.0,97.9,,,25030373,136,10,4,A线,2503,25,2025,3
104,104#104@r0c0,104,200,13,0.023172905525846704,C02A251641A1,234.0,256.5,3.85,90.1,98.6,,,25080046,136,10,4,A线,2508,25,2025,8
104,104#104@r0c0,104,200,14,0.046939988116458706,C02A250682C3,474.0,206.7,5.69,70.7,91.2,,,25040026,136,10,4,A线,2504,25,2025,4
104,104#104@r0c0,104,200,15,0.051990493166963754,C02B241283A1,525.0,178.3,4.97,75.2,89.3,,,24090104,136,10,4,B线,2409,24,2024,9
104,104#104@r0c0,104,200,16,0.0722123192711428,C02B251342A1,729.2,202.5,4.2,81.0,93.9,,,25060331,136,10,4,B线,2506,25,2025,6
104,104#104@r0c0,104,200,17,0.04995048524460289,C02A251671B1,504.4,254.7,3.77,88.9,97.8,,,25080096,136,10,4,A线,2508,25,2025,8
104,104#104@r0c0,104,200,18,0.049376114081996436,C02A250212C1,498.6,202.6,5.95,77.6,93.4,,,25010584,136,10,4,A线,2501,25,2025,1
104,104#104@r0c0,104,200,19,0.04670231729055259,C02A251641B2,471.6,259.7,3.82,90.5,98.7,,,25080048,136,10,4,A线,2508,25,2025,8
104,104#104@r0c0,104,200,20,0.03822539116656764,C02A250153A1,386.0,219.0,6.05,75.1,92.0,,,25010416,136,10,4,A线,2501,25,2025,1
104,104#104@r0c0,104,200,21,0.08086749851455734,C02A251671C1,816.6,253.0,3.91,88.0,97.4,,,25080097,136,10,4,A线,2508,25,2025,8
1005,1005#1005@r0c0,1005,200,1,0.0673134387824216,C02B251733A1,675.8,184.0,4.26,73.9,90.5,10.8,,25100038,137,10,5,B线,2510,25,2025,10
1005,1005#1005@r0c0,1005,200,2,0.034363918881230325,C02B251733A2,345.0,191.5,4.17,74.1,90.6,11.24,,25100039,137,10,5,B线,2510,25,2025,10
1005,1005#1005@r0c0,1005,200,3,0.03665484680664568,C02B251733B1,368.0,182.5,4.17,73.5,90.3,10.53,,25100040,137,10,5,B线,2510,25,2025,10
1005,1005#1005@r0c0,1005,200,4,0.026196262799314713,24LMB0723B1,263.0,188.1,5.73,74.4,91.0,11.24,,24050139,137,10,5,LMB(外购/旧料),2405,,2024,5
1005,1005#1005@r0c0,1005,200,5,0.045499820709988446,C02A250121F1,456.8,251.3,5.16,90.4,98.4,11.05,,25010323,137,10,5,A线,2501,25,2025,1
1005,1005#1005@r0c0,1005,200,6,0.02677397505876728,C02A250121A1,268.8,259.4,4.89,87.9,96.9,11.15,,25010313,137,10,5,A线,2501,25,2025,1
1005,1005#1005@r0c0,1005,200,7,0.03245149209131838,C02A250153B2,325.8,202.1,6.03,74.1,92.0,11.64,,25010418,137,10,5,A线,2501,25,2025,1
1005,1005#1005@r0c0,1005,200,8,0.0482887764452767,C02A250782A1,484.8,235.3,4.41,88.1,98.0,12.0,,25040204,137,10,5,A线,2504,25,2025,4
1005,1005#1005@r0c0,1005,200,9,0.04962349097573608,C02A250781B2,498.2,239.0,4.34,89.5,98.2,11.82,,25040200,137,10,5,A线,2504,25,2025,4
1005,1005#1005@r0c0,1005,200,10,0.05504203354715327,C02A251372A2,552.6,224.2,5.46,78.2,92.9,11.74,,25070029,137,10,5,A线,2507,25,2025,7
1005,1005#1005@r0c0,1005,200,11,0.07801107613849158,C02B251352A2,783.2,225.1,5.33,75.4,91.3,11.17,,25060350,137,10,5,B线,2506,25,2025,6
1005,1005#1005@r0c0,1005,200,12,0.07283158691581339,C02B251342B1,731.2,200.3,4.2,81.2,94.2,12.19,,25060332,137,10,5,B线,2506,25,2025,6
1005,1005#1005@r0c0,1005,200,13,0.03368660105980318,C02A251011E1,338.2,238.3,4.49,88.9,98.6,11.37,,25050097,137,10,5,A线,2505,25,2025,5
1005,1005#1005@r0c0,1005,200,14,0.04922506872783776,C02B251752B1,494.2,236.5,5.35,73.3,89.6,10.96,,25100068,137,10,5,B线,2510,25,2025,10
1005,1005#1005@r0c0,1005,200,15,0.048149328658512285,C02B241222B1,483.4,211.6,5.79,79.1,92.5,12.15,,24070272,137,10,5,B线,2407,24,2024,7
1005,1005#1005@r0c0,1005,200,16,0.05502211243475835,C02B241234A1,552.4,193.5,5.63,70.7,88.4,10.83,,24070300,137,10,5,B线,2407,24,2024,7
1005,1005#1005@r0c0,1005,200,17,0.049065699828678436,C02B241261D2,492.6,234.6,4.43,88.3,95.0,12.76,,24090045,137,10,5,B线,2409,24,2024,9
1005,1005#1005@r0c0,1005,200,18,0.030300011952667436,C02A251221B1,304.2,239.8,3.82,91.4,98.3,12.12,,25060140,137,10,5,A线,2506,25,2025,6
1005,1005#1005@r0c0,1005,200,19,0.05838878042949919,C02A251081D1,586.2,231.5,4.29,89.3,98.4,12.73,,25050203,137,10,5,A线,2505,25,2025,5
1005,1005#1005@r0c0,1005,200,20,0.05093828439380055,C02B241244A1,511.4,198.5,4.75,75.8,89.0,12.31,,24090015,137,10,5,B线,2409,24,2024,9
1005,1005#1005@r0c0,1005,200,21,0.052173393362285346,C02B241292B1,523.8,245.4,6.4,86.0,94.8,12.61,,24090132,137,10,5,B线,2409,24,2024,9
1006,1006#1006@r0c0,1006,220,1,0.11438173600648976,C02B251312B1,592.2,240.9,5.76,84.5,95.7,11.71,,25060297,138,10,6,B线,2506,25,2025,6
1006,1006#1006@r0c0,1006,220,2,0.11449762429018426,C02B251322A1,592.8,250.7,4.91,88.5,97.3,11.94,,25060304,138,10,6,B线,2506,25,2025,6
1006,1006#1006@r0c0,1006,220,3,0.15559933557384018,C02B251341E2,805.6,235.0,5.05,81.6,93.9,12.37,,25060330,138,10,6,B线,2506,25,2025,6
1006,1006#1006@r0c0,1006,220,4,0.1309537605748059,C02B251351C1,678.0,256.4,4.55,90.0,97.5,12.3,,25060342,138,10,6,B线,2506,25,2025,6
1006,1006#1006@r0c0,1006,220,5,0.10008884768416582,C02B251711D2,518.2,262.2,4.8,87.7,96.2,13.77,,25090016,138,10,6,B线,2509,25,2025,9
1006,1006#1006@r0c0,1006,220,6,0.07552053154092789,C02B251711E2,391.0,257.9,5.02,84.3,94.9,13.66,,25090018,138,10,6,B线,2509,25,2025,9
1006,1006#1006@r0c0,1006,220,7,0.0827442345578862,C02B251711F2,428.4,250.7,5.22,80.8,93.4,14.01,,25100002,138,10,6,B线,2510,25,2025,10
1006,1006#1006@r0c0,1006,220,8,0.09587824004326496,C02B251712B1,496.4,205.5,4.86,72.6,89.7,14.11,,25100004,138,10,6,B线,2510,25,2025,10
1006,1006#1006@r0c0,1006,220,9,0.042453741260091944,C02B251722B2,219.8,179.1,4.15,76.7,91.8,11.98,,25100022,138,10,6,B线,2510,25,2025,10
1006,1006#1006@r0c0,1006,220,10,0.08788194846834319,C02B251742C1,455.0,209.9,4.94,64.1,84.8,10.94,,25100053,138,10,6,B线,2510,25,2025,10
JK101,JK101#2510001@r0c0,2510001,240,1,0.03397155361050328,C02A241831D2,496.8,283.2,4.82,88.3,97.6,,8.5,24120332,139,10,1,A线,2412,24,2024,12
JK101,JK101#2510001@r0c0,2510001,240,2,0.034545951859956237,C02A241831E2,505.2,284.9,4.89,89.4,98.2,,8.5,24120335,139,10,1,A线,2412,24,2024,12
JK101,JK101#2510001@r0c0,2510001,240,3,0.03346553610503282,C02A241831D3,489.4,286.0,4.89,88.9,98.0,,8.5,24120333,139,10,1,A线,2412,24,2024,12
JK101,JK101#2510001@r0c0,2510001,240,4,0.010585339168490153,C02A250681A1,154.8,280.3,4.77,90.1,98.4,,8.1,25040013,139,10,1,A线,2504,25,2025,4
JK101,JK101#2510001@r0c0,2510001,240,5,0.03455962800875274,C02A250391B1,505.4,297.5,4.69,92.6,98.3,,6.9,25020462,139,10,1,A线,2502,25,2025,2
JK101,JK101#2510001@r0c0,2510001,240,6,0.03439551422319475,C02A241873A2,503.0,190.1,5.11,59.5,84.3,,4.9,24120444,139,10,1,A线,2412,24,2024,12
JK101,JK101#2510001@r0c0,2510001,240,7,0.01944748358862144,C02B241221B1,284.4,274.3,4.49,86.4,95.5,,3.2,24070262,139,10,1,B线,2407,24,2024,7
JK101,JK101#2510001@r0c0,2510001,240,8,0.03460065645514223,C02A241681C1,506.0,288.8,5.11,90.3,97.8,,6.4,24120017,139,10,1,A线,2412,24,2024,12
JK101,JK101#2510001@r0c0,2510001,240,9,0.028186542669584244,C02A241711C1,412.2,285.3,5.38,91.4,98.5,,3.3,24120076,139,10,1,A线,2412,24,2024,12
JK101,JK101#2510001@r0c0,2510001,240,10,0.02855579868708972,C02A250273B1,417.6,170.3,4.57,42.1,74.6,,9.4,25020141,139,10,1,A线,2502,25,2025,2
JK101,JK101#2510001@r0c0,2510001,240,11,0.03336980306345733,C02A250351C3,488.0,274.6,4.29,91.0,98.3,,9.4,25020352,139,10,1,A线,2502,25,2025,2
JK101,JK101#2510001@r0c0,2510001,240,12,0.03220733041575492,C02A250351D1,471.0,278.1,4.49,90.5,98.4,,9.4,25020353,139,10,1,A线,2502,25,2025,2
JK101,JK101#2510001@r0c0,2510001,240,13,0.03419037199124726,C02A250282C2,500.0,201.1,6.09,59.9,85.0,,8.1,25020167,139,10,1,A线,2502,25,2025,2
JK101,JK101#2510001@r0c0,2510001,240,14,0.03234409190371991,C02A241733A1,473.0,279.3,5.81,82.7,95.8,,5.1,24120120,139,10,1,A线,2412,24,2024,12
JK101,JK101#2510001@r0c0,2510001,240,15,0.036105032822757115,C02A250471C1,528.0,296.9,4.52,91.4,98.5,,7.9,25030125,139,10,1,A线,2503,25,2025,3
JK101,JK101#2510001@r0c0,2510001,240,16,0.033807439824945294,C02A241761B2,494.4,274.9,4.66,91.9,98.1,,4.8,24120170,139,10,1,A线,2412,24,2024,12
JK101,JK101#2510001@r0c0,2510001,240,17,0.03219365426695842,C02A250961B1,470.8,292.3,4.29,92.6,99.1,,9.9,25040550,139,10,1,A线,2504,25,2025,4
JK101,JK101#2510001@r0c0,2510001,240,18,0.03425875273522976,C02A241831E1,501.0,281.2,4.8,89.2,98.1,,8.5,24120334,139,10,1,A线,2412,24,2024,12
JK101,JK101#2510001@r0c0,2510001,240,19,0.02661378555798687,C02A241871D3,389.2,271.9,5.22,90.2,97.5,,4.8,24120433,139,10,1,A线,2412,24,2024,12
JK101,JK101#2510001@r0c0,2510001,240,20,0.03821115973741794,C02B241221C2,558.8,261.5,4.46,88.5,96.8,,3.2,24070264,139,10,1,B线,2407,24,2024,7
JK101,JK101#2510001@r0c0,2510001,240,21,0.031564551422319474,C02A241901D2,461.6,283.0,5.57,86.5,96.8,,7.5,24120510,139,10,1,A线,2412,24,2024,12
JK101,JK101#2510001@r0c0,2510001,240,22,0.03231673960612692,C02A250111B1,472.6,288.8,4.89,89.7,97.2,,7.1,25010287,139,10,1,A线,2501,25,2025,1
JK101,JK101#2510001@r0c0,2510001,240,23,0.03826586433260394,C02A250151F1,559.6,285.5,5.24,92.5,99.0,,6.6,25010406,139,10,1,A线,2501,25,2025,1
JK101,JK101#2510001@r0c0,2510001,240,24,0.023591356673960614,C02A250571B1,345.0,283.0,4.97,87.3,96.7,,9.85,25030294,139,10,1,A线,2503,25,2025,3
JK101,JK101#2510001@r0c0,2510001,240,25,0.03548960612691466,C02A250571C1,519.0,285.0,4.97,87.8,96.8,,9.96,25030295,139,10,1,A线,2503,25,2025,3
JK101,JK101#2510001@r0c0,2510001,240,26,0.035667396061269147,C02A250361B1,521.6,282.8,4.91,91.8,98.1,,10.61,25020375,139,10,1,A线,2502,25,2025,2
JK101,JK101#2510001@r0c0,2510001,240,27,0.039647155361050325,C02B251731C2,579.8,288.2,5.27,80.2,93.3,,8.9,25100032,139,10,1,B线,2510,25,2025,10
JK101,JK101#2510001@r0c0,2510001,240,28,0.0324261487964989,C02A250151C1,474.2,288.6,4.89,90.4,98.9,,6.6,25010399,139,10,1,A线,2501,25,2025,1
JK101,JK101#2510001@r0c0,2510001,240,29,0.03364332603938731,C02A250681B1,492.0,291.3,5.0,89.9,98.2,,8.1,25040014,139,10,1,A线,2504,25,2025,4
JK101,JK101#2510001@r0c0,2510001,240,30,0.018804704595185996,C02A250361A1,275.0,289.6,4.91,91.5,98.0,,9.2,25020374,139,10,1,A线,2502,25,2025,2
JK101,JK101#2510001@r0c0,2510001,240,31,0.052967724288840265,C02A250561B2,774.6,286.0,4.94,89.9,97.9,,6.6,25030277,139,10,1,A线,2503,25,2025,3
JK102,JK102#2510002@r0c0,2510002,240,1,0.047709847852858214,C02A241761B1,480.4,277.7,4.8,92.0,98.3,,4.8,24120169,140,10,2,A线,2412,24,2024,12
JK102,JK102#2510002@r0c0,2510002,240,2,0.049954316132364035,C02A241771B1,503.0,276.2,4.91,88.9,97.5,,4.3,24120187,140,10,2,A线,2412,24,2024,12
JK102,JK102#2510002@r0c0,2510002,240,3,0.04465101497636356,C02A241781B1,449.6,273.4,4.72,89.7,97.0,,8.4,24120209,140,10,2,A线,2412,24,2024,12
JK102,JK102#2510002@r0c0,2510002,240,4,0.04717355897191435,C02A241801C1,475.0,274.8,5.11,89.4,98.4,,6.4,24120252,140,10,2,A线,2412,24,2024,12
JK102,JK102#2510002@r0c0,2510002,240,5,0.0208954038056648,C02B241241B1,210.4,231.1,4.08,89.7,96.1,,9.6,24090002,140,10,2,B线,2409,24,2024,9
JK102,JK102#2510002@r0c0,2510002,240,6,0.05080840583164502,C02B241241F1,511.6,196.7,3.53,88.5,95.3,,9.6,24090006,140,10,2,B线,2409,24,2024,9
JK102,JK102#2510002@r0c0,2510002,240,7,0.04824613673380209,C02A241801B4,485.8,284.0,5.16,88.6,97.6,,6.4,24120251,140,10,2,A线,2412,24,2024,12
JK102,JK102#2510002@r0c0,2510002,240,8,0.047689985301712146,C02A241801B1,480.2,288.6,5.11,87.9,97.1,,6.4,24120248,140,10,2,A线,2412,24,2024,12
JK102,JK102#2510002@r0c0,2510002,240,9,0.0468160330512851,C02A241691C1,471.4,281.9,4.97,91.6,98.6,,5.8,24120038,140,10,2,A线,2412,24,2024,12
JK102,JK102#2510002@r0c0,2510002,240,10,0.02858221109919358,C02A241732A3,287.8,287.9,5.79,85.9,97.5,,4.3,24120119,140,10,2,A线,2412,24,2024,12
JK102,JK102#2510002@r0c0,2510002,240,11,0.0501728041949708,C02A250941B1,505.2,282.2,4.61,91.3,97.9,,9.2,25040512,140,10,2,A线,2504,25,2025,4
JK102,JK102#2510002@r0c0,2510002,240,12,0.04985500337663369,C02A241811D2,502.0,272.9,4.97,91.2,98.5,,5.8,24120278,140,10,2,A线,2412,24,2024,12
JK102,JK102#2510002@r0c0,2510002,240,13,0.0509474436896675,C02B251704A1,513.0,248.9,5.52,55.1,80.9,,6.6,25090010,140,10,2,B线,2509,25,2025,9
JK102,JK102#2510002@r0c0,2510002,240,14,0.05106661899654392,C02A250951B2,514.2,272.4,4.69,92.0,99.1,,12.5,25040531,140,10,2,A线,2504,25,2025,4
JK102,JK102#2510002@r0c0,2510002,240,15,0.048047511222341396,C02A250331B1,483.8,287.9,5.16,85.4,95.4,,9.0,25020290,140,10,2,A线,2502,25,2025,2
JK102,JK102#2510002@r0c0,2510002,240,16,0.021511142891192943,C02B251704A2,216.6,251.9,5.49,54.8,81.1,,6.6,25090011,140,10,2,B线,2509,25,2025,9
JK102,JK102#2510002@r0c0,2510002,240,17,0.05011321654153259,C02A241811D1,504.6,273.3,4.91,90.8,98.3,,5.8,24120277,140,10,2,A线,2412,24,2024,12
JK102,JK102#2510002@r0c0,2510002,240,18,0.05251658523020696,C02A241811C2,528.8,279.4,4.97,91.5,98.9,,5.8,24120276,140,10,2,A线,2412,24,2024,12
JK102,JK102#2510002@r0c0,2510002,240,19,0.04975569062090335,C02A241811C1,501.0,285.1,5.02,91.4,98.9,,5.8,24120275,140,10,2,A线,2412,24,2024,12
JK102,JK102#2510002@r0c0,2510002,240,20,0.05027211695070114,C02A241811B3,506.2,294.4,5.11,89.1,97.2,,5.8,24120274,140,10,2,A线,2412,24,2024,12
JK102,JK102#2510002@r0c0,2510002,240,21,0.049696102967465135,C02A250702A1,500.4,251.8,4.72,91.6,99.3,,10.5,25040057,140,10,2,A线,2504,25,2025,4
JK102,JK102#2510002@r0c0,2510002,240,22,0.04351884956103762,C02A250721B2,438.2,261.3,4.61,92.7,99.1,,11.0,25040088,140,10,2,A线,2504,25,2025,4
JK103,JK103#2510003@r0c0,2510003,240,1,0.05321850053827872,C02B241291B2,524.0,291.6,5.0,94.5,99.0,12.64,,24090114,141,10,3,B线,2409,24,2024,9
JK103,JK103#2510003@r0c0,2510003,240,2,0.053157563323921915,C02B241291B3,523.4,293.5,5.05,95.9,99.4,12.61,,24090115,141,10,3,B线,2409,24,2024,9
JK103,JK103#2510003@r0c0,2510003,240,3,0.047977900103593256,C02A241821C3,472.4,267.2,5.24,85.5,96.7,11.22,,24120307,141,10,3,A线,2412,24,2024,12
JK103,JK103#2510003@r0c0,2510003,240,4,0.04948101805772785,C02A241871B2,487.2,268.8,5.35,88.6,97.5,12.52,,24120428,141,10,3,A线,2412,24,2024,12
JK103,JK103#2510003@r0c0,2510003,240,5,0.026406126221283337,C02A241902A1,260.0,262.2,5.38,83.3,94.3,12.34,,24120513,141,10,3,A线,2412,24,2024,12
JK103,JK103#2510003@r0c0,2510003,240,6,0.04913570717637261,C02A241911C3,483.8,265.9,5.08,88.7,97.2,12.65,,24120534,141,10,3,A线,2412,24,2024,12
JK103,JK103#2510003@r0c0,2510003,240,7,0.04724665353131157,C02A241921B2,465.2,276.6,5.33,89.4,97.4,11.82,,24120558,141,10,3,A线,2412,24,2024,12
JK103,JK103#2510003@r0c0,2510003,240,8,0.04917633198594381,C02A241921B1,484.2,275.4,5.41,89.8,97.8,11.84,,24120557,141,10,3,A线,2412,24,2024,12
JK103,JK103#2510003@r0c0,2510003,240,9,0.05336068737177794,C02A250131D2,525.4,280.2,5.11,90.2,97.8,10.97,,25010349,141,10,3,A线,2501,25,2025,1
JK103,JK103#2510003@r0c0,2510003,240,10,0.029026426438626067,C02A250141F1,285.8,258.3,5.49,89.8,98.1,12.21,,25010387,141,10,3,A线,2501,25,2025,1
JK103,JK103#2510003@r0c0,2510003,240,11,0.037110763543295885,C02A250162A1,365.4,261.8,5.38,90.6,98.7,11.67,,25010432,141,10,3,A线,2501,25,2025,1
JK103,JK103#2510003@r0c0,2510003,240,12,0.06542625581442588,C02A250491B1,644.2,287.2,4.06,89.5,97.9,10.91,,25030158,141,10,3,A线,2503,25,2025,3
JK103,JK103#2510003@r0c0,2510003,240,13,0.022384270073734027,C02A250501A1,220.4,269.1,4.08,90.3,99.0,11.59,,25030179,141,10,3,A线,2503,25,2025,3
JK103,JK103#2510003@r0c0,2510003,240,14,0.048343523389734105,C02A250501C1,476.0,268.4,4.23,90.4,99.1,11.24,,25030182,141,10,3,A线,2503,25,2025,3
JK103,JK103#2510003@r0c0,2510003,240,15,0.051552883345859314,C02A250501B2,507.6,274.4,4.15,90.8,99.4,11.48,,25030181,141,10,3,A线,2503,25,2025,3
JK103,JK103#2510003@r0c0,2510003,240,16,0.07674026528000649,C02A250511C1,755.6,275.1,4.23,90.4,98.6,10.17,,25030193,141,10,3,A线,2503,25,2025,3
JK103,JK103#2510003@r0c0,2510003,240,17,0.06560906745749628,C02A250511C2,646.0,263.8,4.29,90.4,98.7,10.15,,25030194,141,10,3,A线,2503,25,2025,3
JK103,JK103#2510003@r0c0,2510003,240,18,0.0506591375352928,C02B251702A1,498.8,249.8,5.05,68.5,88.6,13.01,,25090006,141,10,3,B线,2509,25,2025,9
JK103,JK103#2510003@r0c0,2510003,240,19,0.06920436310454794,C02B251702B1,681.4,250.0,5.13,67.2,87.9,12.82,,25090007,141,10,3,B线,2509,25,2025,9
JK103,JK103#2510003@r0c0,2510003,240,20,0.05478255570677012,C02B251742A1,539.4,266.4,5.71,67.0,85.9,11.07,,25100050,141,10,3,B线,2510,25,2025,10
1007,1007#1007@r0c0,1007,180,1,0.17412935323383086,C02A250892B1,35.0,206.0,4.26,81.8,95.4,,,25040416,142,10,7,A线,2504,25,2025,4
1007,1007#1007@r0c0,1007,180,2,0.09950248756218906,C02B251772A1,20.0,172.5,3.97,71.9,90.1,,,25100106,142,10,7,B线,2510,25,2025,10
1007,1007#1007@r0c0,1007,180,3,0.47761194029850745,C02A250892B1,96.0,206.0,4.26,81.8,95.4,,,25040416,142,10,7,A线,2504,25,2025,4
1007,1007#1007@r0c0,1007,180,4,0.24875621890547264,C02B251772A1,50.0,172.5,3.97,71.9,90.1,,,25100106,142,10,7,B线,2510,25,2025,10
1008,1008#1008@r0c0,1008,180,1,0.025226863842154165,C02A250212C2,255.2,205.0,5.95,77.4,93.2,,,25010585,143,10,8,A线,2501,25,2025,1
1008,1008#1008@r0c0,1008,180,2,0.05175856546924734,C02A250263B1,523.6,192.8,5.33,72.2,90.2,,,25020107,143,10,8,A线,2502,25,2025,2
1008,1008#1008@r0c0,1008,180,3,0.052865700559498616,C02B241222A3,534.8,231.0,5.38,84.1,94.8,,,24070271,143,10,8,B线,2407,24,2024,7
1008,1008#1008@r0c0,1008,180,4,0.05517882208734505,C02B241232A1,558.2,234.9,5.76,83.8,94.9,,,24070293,143,10,8,B线,2407,24,2024,7
1008,1008#1008@r0c0,1008,180,5,0.06597338921729502,C02B251343B1,667.4,150.6,3.43,77.9,93.1,,,25060335,143,10,8,B线,2506,25,2025,6
1008,1008#1008@r0c0,1008,180,6,0.05029556552855815,C02A250091D1,508.8,258.2,5.27,87.3,97.3,,,25010238,143,10,8,A线,2501,25,2025,1
1008,1008#1008@r0c0,1008,180,7,0.051442241157746975,C02B251712C1,520.4,187.9,4.55,71.2,89.3,,,25100006,143,10,8,B线,2510,25,2025,10
1008,1008#1008@r0c0,1008,180,8,0.04003479567426504,C02A250141E1,405.0,258.7,5.16,91.4,98.8,,,25010386,143,10,8,A线,2501,25,2025,1
1008,1008#1008@r0c0,1008,180,9,0.06377888930626124,C02B251714A1,645.2,152.1,3.34,79.8,92.9,,,25100009,143,10,8,B线,2510,25,2025,10
1008,1008#1008@r0c0,1008,180,10,0.045412308969771255,C02A250333A1,459.4,219.2,6.24,64.8,87.2,,,25020308,143,10,8,A线,2502,25,2025,2
1008,1008#1008@r0c0,1008,180,11,0.07026353769201873,C02B251714A2,710.8,154.5,3.34,79.5,92.7,,,25100010,143,10,8,B线,2510,25,2025,10
1008,1008#1008@r0c0,1008,180,12,0.054348470769656584,C02A250152A1,549.8,255.4,6.09,86.0,96.4,,,25010411,143,10,8,A线,2501,25,2025,1
1008,1008#1008@r0c0,1008,180,13,0.0579071192740357,C02B251734B1,585.8,162.0,3.36,73.2,90.8,,,25100043,143,10,8,B线,2510,25,2025,10
1008,1008#1008@r0c0,1008,180,14,0.04576817382020917,C02B241302A1,463.0,241.5,6.45,84.7,94.4,,,24090160,143,10,8,B线,2409,24,2024,9
1008,1008#1008@r0c0,1008,180,15,0.07052055119511279,C02B251743A1,713.4,156.1,3.55,81.3,95.0,,,25100054,143,10,8,B线,2510,25,2025,10
1008,1008#1008@r0c0,1008,180,16,0.049188430438306875,C02A250311F2,497.6,254.2,6.0,84.8,95.6,,,25020243,143,10,8,A线,2502,25,2025,2
1008,1008#1008@r0c0,1008,180,17,0.05118522765465292,C02A250312A1,517.8,251.7,6.03,83.2,95.0,,,25020245,143,10,8,A线,2502,25,2025,2
1008,1008#1008@r0c0,1008,180,18,0.050315335798026925,C02A250302A2,509.0,253.5,6.0,86.9,97.0,,,25020218,143,10,8,A线,2502,25,2025,2
1008,1008#1008@r0c0,1008,180,19,0.048536011545837365,C02A241911D1,491.0,255.5,5.13,86.9,97.1,,,24120535,143,10,8,A线,2412,24,2024,12
1009,1009#1009@r0c0,1009,180,1,0.03972703872937327,24LMB0814A3,398.2,178.4,5.57,71.6,89.7,,,24050348,144,10,9,LMB(外购/旧料),2405,,2024,5
1009,1009#1009@r0c0,1009,180,2,0.053075802621864836,24LMB1062B2,532.0,231.4,5.87,77.0,90.7,,,24060429,144,10,9,LMB(外购/旧料),2406,,2024,6
1009,1009#1009@r0c0,1009,180,3,0.02903206496797494,C02B241221E1,291.0,239.8,5.3,87.2,96.4,,,24070268,144,10,9,B线,2407,24,2024,7
1009,1009#1009@r0c0,1009,180,4,0.026358321527625357,C02B241222B2,264.2,206.1,5.79,78.9,92.5,,,24070273,144,10,9,B线,2407,24,2024,7
1009,1009#1009@r0c0,1009,180,5,0.04639144402099088,C02B241224E2,465.0,161.5,4.82,72.7,89.8,,,24070278,144,10,9,B线,2407,24,2024,7
1009,1009#1009@r0c0,1009,180,6,0.023804297942813815,C02B241292A2,238.6,237.8,6.64,82.8,93.3,,,24090131,144,10,9,B线,2409,24,2024,9
1009,1009#1009@r0c0,1009,180,7,0.04794780214298542,C02B241292B2,480.6,240.6,6.45,85.3,94.4,,,24090133,144,10,9,B线,2409,24,2024,9
1009,1009#1009@r0c0,1009,180,8,0.05088093860366742,C02A250332B1,510.0,227.6,6.32,71.1,90.1,,,25020307,144,10,9,A线,2502,25,2025,2
1009,1009#1009@r0c0,1009,180,9,0.029071971586487617,C02A250562B1,291.4,220.9,6.16,70.0,90.4,,,25030284,144,10,9,A线,2503,25,2025,3
1009,1009#1009@r0c0,1009,180,10,0.06321208372408564,C02B251322C1,633.6,241.8,5.22,86.2,96.6,,,25060306,144,10,9,B线,2506,25,2025,6
1009,1009#1009@r0c0,1009,180,11,0.05114033162399984,C02B251712B2,512.6,200.2,4.8,72.5,90.0,,,25100005,144,10,9,B线,2510,25,2025,10
1009,1009#1009@r0c0,1009,180,12,0.06732246543089171,C02B251771C1,674.8,228.6,4.52,88.4,97.7,,,25100096,144,10,9,B线,2510,25,2025,10
1009,1009#1009@r0c0,1009,180,13,0.05469202067162839,C02B251771D2,548.2,229.9,4.57,87.4,97.1,,,25100099,144,10,9,B线,2510,25,2025,10
1009,1009#1009@r0c0,1009,180,14,0.029630664245665145,C02B251781F2,297.0,209.9,4.94,74.5,90.1,,,25100117,144,10,9,B线,2510,25,2025,10
1009,1009#1009@r0c0,1009,180,15,0.05920146856356127,C02B251802B1,593.4,199.7,4.17,79.0,92.1,,,25100148,144,10,9,B线,2510,25,2025,10
1009,1009#1009@r0c0,1009,180,16,0.029411177843845403,C02B251802B2,294.8,197.7,4.17,79.0,92.0,,,25100149,144,10,9,B线,2510,25,2025,10
1009,1009#1009@r0c0,1009,180,17,0.055170900093780555,C02B251802C1,553.0,194.1,4.2,77.5,91.4,,,25100150,144,10,9,B线,2510,25,2025,10
1009,1009#1009@r0c0,1009,180,18,0.07308897180597403,C02B251813A1,732.6,184.6,4.49,74.0,89.5,,,25100174,144,10,9,B线,2510,25,2025,10
1009,1009#1009@r0c0,1009,180,19,0.05564977951593272,C02B251832B1,557.8,203.2,4.03,77.4,90.8,,,25100202,144,10,9,B线,2510,25,2025,10
1009,1009#1009@r0c0,1009,180,20,0.05806412993594988,C02B251842C1,582.0,203.8,4.03,83.5,93.9,,,25100219,144,10,9,B线,2510,25,2025,10
1009,1009#1009@r0c0,1009,180,21,0.057126324400901894,C02B251842C2,572.6,174.0,3.65,82.8,93.4,,,25100220,144,10,9,B线,2510,25,2025,10
1010,1010#1010@r0c0,1010,240,1,0.047709847852858214,C02A241761B1,480.4,277.7,4.8,92.0,98.3,,4.8,24120169,145,10,10,A线,2412,24,2024,12
1010,1010#1010@r0c0,1010,240,2,0.049954316132364035,C02A241771B1,503.0,276.2,4.91,88.9,97.5,,4.3,24120187,145,10,10,A线,2412,24,2024,12
1010,1010#1010@r0c0,1010,240,3,0.04465101497636356,C02A241781B1,449.6,273.4,4.72,89.7,97.0,,8.4,24120209,145,10,10,A线,2412,24,2024,12
1010,1010#1010@r0c0,1010,240,4,0.04717355897191435,C02A241801C1,475.0,274.8,5.11,89.4,98.4,,6.4,24120252,145,10,10,A线,2412,24,2024,12
1010,1010#1010@r0c0,1010,240,5,0.0208954038056648,C02B241241B1,210.4,231.1,4.08,89.7,96.1,,9.6,24090002,145,10,10,B线,2409,24,2024,9
1010,1010#1010@r0c0,1010,240,6,0.05080840583164502,C02B241241F1,511.6,196.7,3.53,88.5,95.3,,9.6,24090006,145,10,10,B线,2409,24,2024,9
1010,1010#1010@r0c0,1010,240,7,0.04824613673380209,C02A241801B4,485.8,284.0,5.16,88.6,97.6,,6.4,24120251,145,10,10,A线,2412,24,2024,12
1010,1010#1010@r0c0,1010,240,8,0.047689985301712146,C02A241801B1,480.2,288.6,5.11,87.9,97.1,,6.4,24120248,145,10,10,A线,2412,24,2024,12
1010,1010#1010@r0c0,1010,240,9,0.0468160330512851,C02A241691C1,471.4,281.9,4.97,91.6,98.6,,5.8,24120038,145,10,10,A线,2412,24,2024,12
1010,1010#1010@r0c0,1010,240,10,0.02858221109919358,C02A241732A3,287.8,287.9,5.79,85.9,97.5,,4.3,24120119,145,10,10,A线,2412,24,2024,12
1010,1010#1010@r0c0,1010,240,11,0.0501728041949708,C02A250941B1,505.2,282.2,4.61,91.3,97.9,,9.2,25040512,145,10,10,A线,2504,25,2025,4
1010,1010#1010@r0c0,1010,240,12,0.04985500337663369,C02A241811D2,502.0,272.9,4.97,91.2,98.5,,5.8,24120278,145,10,10,A线,2412,24,2024,12
1010,1010#1010@r0c0,1010,240,13,0.0509474436896675,C02B251704A1,513.0,248.9,5.52,55.1,80.9,,6.6,25090010,145,10,10,B线,2509,25,2025,9
1010,1010#1010@r0c0,1010,240,14,0.05106661899654392,C02A250951B2,514.2,272.4,4.69,92.0,99.1,,12.5,25040531,145,10,10,A线,2504,25,2025,4
1010,1010#1010@r0c0,1010,240,15,0.048047511222341396,C02A250331B1,483.8,287.9,5.16,85.4,95.4,,9.0,25020290,145,10,10,A线,2502,25,2025,2
1010,1010#1010@r0c0,1010,240,16,0.021511142891192943,C02B251704A2,216.6,251.9,5.49,54.8,81.1,,6.6,25090011,145,10,10,B线,2509,25,2025,9
1010,1010#1010@r0c0,1010,240,17,0.05011321654153259,C02A241811D1,504.6,273.3,4.91,90.8,98.3,,5.8,24120277,145,10,10,A线,2412,24,2024,12
1010,1010#1010@r0c0,1010,240,18,0.05251658523020696,C02A241811C2,528.8,279.4,4.97,91.5,98.9,,5.8,24120276,145,10,10,A线,2412,24,2024,12
1010,1010#1010@r0c0,1010,240,19,0.04975569062090335,C02A241811C1,501.0,285.1,5.02,91.4,98.9,,5.8,24120275,145,10,10,A线,2412,24,2024,12
1010,1010#1010@r0c0,1010,240,20,0.05027211695070114,C02A241811B3,506.2,294.4,5.11,89.1,97.2,,5.8,24120274,145,10,10,A线,2412,24,2024,12
1010,1010#1010@r0c0,1010,240,21,0.049696102967465135,C02A250702A1,500.4,251.8,4.72,91.6,99.3,,10.5,25040057,145,10,10,A线,2504,25,2025,4
1010,1010#1010@r0c0,1010,240,22,0.04351884956103762,C02A250721B2,438.2,261.3,4.61,92.7,99.1,,11.0,25040088,145,10,10,A线,2504,25,2025,4
1011,1011#1011@r0c0,1011,100,1,0.16801228781851837,C02A251114C1,853.2,113.0,2.99,80.2,95.8,,,25050254,146,10,11,A线,2505,25,2025,5
1011,1011#1011@r0c0,1011,100,2,0.11606474735142373,C02B251842D1,589.4,118.8,2.7,81.0,93.6,,,25100221,146,10,11,B线,2510,25,2025,10
1011,1011#1011@r0c0,1011,100,3,0.10354062463077468,C02A241874C2,525.8,106.2,2.87,42.2,72.7,,,24120451,146,10,11,A线,2412,24,2024,12
1011,1011#1011@r0c0,1011,100,4,0.09456106494427159,C02B251833A2,480.2,121.9,2.61,74.8,90.4,,,25100206,146,10,11,B线,2510,25,2025,10
1011,1011#1011@r0c0,1011,100,5,0.06057264385018314,C02B251823B1,307.6,121.7,2.7,79.6,93.3,,,25100192,146,10,11,B线,2510,25,2025,10
1011,1011#1011@r0c0,1011,100,6,0.09538812965223899,C02B241242A1,484.4,110.6,2.48,83.3,93.7,,,24090009,146,10,11,B线,2409,24,2024,9
1011,1011#1011@r0c0,1011,100,7,0.10082312630459613,C02A241874C1,512.0,111.2,2.9,42.6,72.9,,,24120450,146,10,11,A线,2412,24,2024,12
1011,1011#1011@r0c0,1011,100,8,0.1033043204284983,C02A241934A2,524.6,115.6,3.12,66.2,86.9,,,24120612,146,10,11,A线,2412,24,2024,12
1011,1011#1011@r0c0,1011,100,9,0.10231971958567998,C02A241934A3,519.6,114.5,3.12,65.6,86.7,,,24120613,146,10,11,A线,2412,24,2024,12
1011,1011#1011@r0c0,1011,100,10,,20240718,,106.6,2.8,72.1,90.5,,,,146,10,11,其他,,,,
1011,1011#1011@r0c0,1011,100,11,,20240719,,106.2,2.92,71.8,90.2,,,,146,10,11,其他,,,,
1011,1011#1011@r0c0,1011,100,12,,20240722,,106.5,2.93,74.8,91.7,,,,146,10,11,其他,,,,
1011,1011#1011@r0c0,1011,100,13,0.05541333543381513,C02A251214E1,281.4,124.1,3.06,78.7,94.5,,,25060138,146,10,11,A线,2506,25,2025,6
1012,1012#1012@r0c0,1012,220,1,0.06824931691284203,C02B251732B2,689.4,265.7,5.63,72.7,89.3,,,25100037,147,10,12,B线,2510,25,2025,10
1012,1012#1012@r0c0,1012,220,2,0.023878351086999563,C02B251701A1,241.2,277.2,5.11,84.2,95.7,,,25090001,147,10,12,B线,2509,25,2025,9
1012,1012#1012@r0c0,1012,220,3,0.02379915257593157,C02B251701B1,240.4,271.1,5.05,84.1,95.6,,,25090002,147,10,12,B线,2509,25,2025,9
1012,1012#1012@r0c0,1012,220,4,0.019938225161366965,C02B251751F1,201.4,255.7,5.27,81.8,93.9,,,25100064,147,10,12,B线,2510,25,2025,10
1012,1012#1012@r0c0,1012,220,5,0.019641230744861994,C02B241291A1,198.4,289.2,4.94,93.9,98.5,,,24090112,147,10,12,B线,2409,24,2024,9
1012,1012#1012@r0c0,1012,220,6,0.05197402288836969,C02B241281D1,525.0,273.5,5.05,95.7,99.1,,,24090094,147,10,12,B线,2409,24,2024,9
1012,1012#1012@r0c0,1012,220,7,0.08545519344236328,C02A251404A1,863.2,105.4,2.74,79.4,95.6,,,25070072,147,10,12,A线,2507,25,2025,7
1012,1012#1012@r0c0,1012,220,8,0.034946343008751435,C02B241282B2,353.0,224.4,6.0,78.1,90.3,,,24090102,147,10,12,B线,2409,24,2024,9
1012,1012#1012@r0c0,1012,220,9,0.02417534550350453,C02B241282C1,244.2,223.7,6.0,77.2,89.9,,,24090103,147,10,12,B线,2409,24,2024,9
1012,1012#1012@r0c0,1012,220,10,0.05019205638933988,C02A250941B2,507.0,271.3,4.52,91.7,98.1,,,25040513,147,10,12,A线,2504,25,2025,4
1012,1012#1012@r0c0,1012,220,11,0.07367441492099948,C02A250431B1,744.2,280.0,5.16,90.1,97.9,,,25030061,147,10,12,A线,2503,25,2025,3
1012,1012#1012@r0c0,1012,220,12,0.04941987090642695,C02A251554B1,499.2,102.7,2.87,80.4,95.7,,,25070280,147,10,12,A线,2507,25,2025,7
1012,1012#1012@r0c0,1012,220,13,0.08638577594741219,C02A251142A1,872.6,228.7,4.94,84.4,96.5,,,25060026,147,10,12,A线,2506,25,2025,6
1012,1012#1012@r0c0,1012,220,14,0.06870470835148298,C02B251742B1,694.0,255.6,5.63,63.9,84.3,,,25100051,147,10,12,B线,2510,25,2025,10
1012,1012#1012@r0c0,1012,220,15,0.06680394408585118,C02B251731C1,674.8,280.9,4.94,81.8,94.0,,,25100031,147,10,12,B线,2510,25,2025,10
1012,1012#1012@r0c0,1012,220,16,0.04904367797885399,C02A250901C2,495.4,260.3,4.63,89.8,97.8,,,25040428,147,10,12,A线,2504,25,2025,4
1012,1012#1012@r0c0,1012,220,17,0.04274739634894864,C02B241273A2,431.8,200.0,5.46,77.5,90.9,,,24090079,147,10,12,B线,2409,24,2024,9
1012,1012#1012@r0c0,1012,220,18,0.03565912960836336,C02B241272C1,360.2,229.3,5.6,84.6,94.3,,,24090077,147,10,12,B线,2409,24,2024,9
1012,1012#1012@r0c0,1012,220,19,0.04842988951807706,C02B251731D1,489.2,268.127,5.24,77.8,91.9,,,25100033,147,10,12,B线,2510,25,2025,10
1012,1012#1012@r0c0,1012,220,20,0.020928206549716864,C02B251731D2,211.4,270.0,5.63,73.8,89.9,,,25100034,147,10,12,B线,2510,25,2025,10
1012,1012#1012@r0c0,1012,220,21,0.05595374806953629,C02B251732B1,565.2,255.3,5.63,73.2,89.6,,,25100036,147,10,12,B线,2510,25,2025,10
1013,1013#1013@r0c0,1013,180,1,0.04514605492935387,C02B251742C1,455.0,209.9,4.94,64.1,84.8,,,25100053,148,10,13,B线,2510,25,2025,10
1013,1013#1013@r0c0,1013,180,2,0.025916812192411494,C02B241243B1,261.2,219.7,4.55,78.8,91.0,,,24090013,148,10,13,B线,2409,24,2024,9
1013,1013#1013@r0c0,1013,180,3,0.03472773456104144,C02A250432A1,350.0,228.4,5.9,78.8,93.4,,,25030068,148,10,13,A线,2503,25,2025,3
1013,1013#1013@r0c0,1013,180,4,0.030302428956977295,C02A250682B1,305.4,215.3,4.82,84.4,96.4,,,25040023,148,10,13,A线,2504,25,2025,4
1013,1013#1013@r0c0,1013,180,5,0.0350452452770281,24LMB0672C1,353.2,213.7,5.81,78.2,93.4,,,24040521,148,10,13,LMB(外购/旧料),2404,,2024,4
1013,1013#1013@r0c0,1013,180,6,0.05342117796475631,C02B241262A2,538.4,215.3,5.35,80.7,91.7,,,24090052,148,10,13,B线,2409,24,2024,9
1013,1013#1013@r0c0,1013,180,7,0.057707572630576284,C02B251824A1,581.6,164.2,3.12,79.3,93.0,,,25100193,148,10,13,B线,2510,25,2025,10
1013,1013#1013@r0c0,1013,180,8,0.05500873154468963,C02B251812C1,554.4,237.7,5.33,74.7,89.8,,,25100171,148,10,13,B线,2510,25,2025,10
1013,1013#1013@r0c0,1013,180,9,0.02262263851404985,C02B251763A2,228.0,170.8,3.99,72.6,89.2,,,25100088,148,10,13,B线,2510,25,2025,10
1013,1013#1013@r0c0,1013,180,10,0.03824019685664391,C02B251812D2,385.4,233.4,5.63,74.2,89.7,,,25100173,148,10,13,B线,2510,25,2025,10
1013,1013#1013@r0c0,1013,180,11,0.06554611843149706,C02B251763A1,660.6,171.8,3.99,72.4,89.1,,,25100087,148,10,13,B线,2510,25,2025,10
1013,1013#1013@r0c0,1013,180,12,0.048817272582949676,C02A250262C1,492.0,217.9,5.63,83.4,95.8,,,25020104,148,10,13,A线,2502,25,2025,2
1013,1013#1013@r0c0,1013,180,13,0.04611843149706303,C02B251743A2,464.8,155.0,3.49,82.0,95.3,,,25100055,148,10,13,B线,2510,25,2025,10
1013,1013#1013@r0c0,1013,180,14,0.03544213367201143,C02A250301E2,357.2,257.4,5.73,90.1,98.4,,,25020214,148,10,13,A线,2502,25,2025,2
1013,1013#1013@r0c0,1013,180,15,0.02962771868550564,C02A250362A3,298.6,252.0,5.95,87.1,97.2,,,25020389,148,10,13,A线,2502,25,2025,2
1013,1013#1013@r0c0,1013,180,16,0.04709080806477219,C02B251744A1,474.6,151.2,3.28,83.2,95.6,,,25100056,148,10,13,B线,2510,25,2025,10
1013,1013#1013@r0c0,1013,180,17,0.03228687093189395,C02A250572B3,325.4,259.1,5.73,85.4,96.3,,,25030302,148,10,13,A线,2503,25,2025,3
1013,1013#1013@r0c0,1013,180,18,0.05006747102714717,C02A250142A2,504.6,250.7,5.87,88.7,98.0,,,25010389,148,10,13,A线,2501,25,2025,1
1013,1013#1013@r0c0,1013,180,19,0.05647721860612796,C02B251714B1,569.2,160.6,3.43,76.7,91.7,,,25100011,148,10,13,B线,2510,25,2025,10
1013,1013#1013@r0c0,1013,180,20,0.048856961422448004,C02A250402A1,492.4,255.6,5.76,85.5,98.4,,,25030012,148,10,13,A线,2503,25,2025,3
1013,1013#1013@r0c0,1013,180,21,0.04724956342276552,C02A251563B1,476.2,172.1,4.55,73.5,91.8,,,25070292,148,10,13,A线,2507,25,2025,7
1013,1013#1013@r0c0,1013,180,22,0.04534449912684553,24LMB1022C1,457.0,251.2,5.81,78.4,91.1,,,24060334,148,10,13,LMB(外购/旧料),2406,,2024,6
1013,1013#1013@r0c0,1013,180,23,0.048936339101444674,C02B251812D1,493.2,231.4,5.63,74.1,89.6,,,25100172,148,10,13,B线,2510,25,2025,10
1014,1014#1014@r0c0,1014,200,1,0.02650483520820999,C02B241251A1,268.6,226.9,4.63,84.5,93.9,,,24090017,149,10,14,B线,2409,24,2024,9
1014,1014#1014@r0c0,1014,200,2,0.050937438326425895,C02A250011B2,516.2,274.7,5.66,87.5,97.5,,,25010013,149,10,14,A线,2501,25,2025,1
1014,1014#1014@r0c0,1014,200,3,0.05095717387014012,C02A250131F1,516.4,260.9,5.3,86.1,96.3,,,25010351,149,10,14,A线,2501,25,2025,1
1014,1014#1014@r0c0,1014,200,4,0.030215117426485097,C02A250141D3,306.2,256.3,5.02,91.4,98.8,,,25010385,149,10,14,A线,2501,25,2025,1
1014,1014#1014@r0c0,1014,200,5,0.03562265640418393,C02A250182B2,361.0,255.9,5.57,86.3,96.4,,,25010493,149,10,14,A线,2501,25,2025,1
1014,1014#1014@r0c0,1014,200,6,0.03134004341819617,C02A250301F1,317.6,269.7,5.87,89.9,98.3,,,25020215,149,10,14,A线,2502,25,2025,2
1014,1014#1014@r0c0,1014,200,7,0.050167752121570944,C02A250341E2,508.4,250.8,5.19,86.2,96.4,,,25020329,149,10,14,A线,2502,25,2025,2
1014,1014#1014@r0c0,1014,200,8,0.04953621472271561,C02A250561E2,502.0,259.2,5.35,85.4,96.5,,,25030281,149,10,14,A线,2503,25,2025,3
1014,1014#1014@r0c0,1014,200,9,0.04987171896585751,C02A250572B2,505.4,258.1,5.81,84.9,96.1,,,25030301,149,10,14,A线,2503,25,2025,3
1014,1014#1014@r0c0,1014,200,10,0.04460232879415828,C02A250981D1,452.0,226.6,4.34,91.1,99.6,,,25050033,149,10,14,A线,2505,25,2025,5
1014,1014#1014@r0c0,1014,200,11,0.03366883757647523,C02A251001D1,341.2,233.0,4.46,89.3,98.4,,,25050077,149,10,14,A线,2505,25,2025,5
1014,1014#1014@r0c0,1014,200,12,0.06950858496151568,C02A251183A1,704.4,172.3,4.43,92.2,96.4,,,25060081,149,10,14,A线,2506,25,2025,6
1014,1014#1014@r0c0,1014,200,13,0.06293664890467732,C02B251722B1,637.8,252.2,5.55,71.5,88.6,,,25100021,149,10,14,B线,2510,25,2025,10
1014,1014#1014@r0c0,1014,200,14,0.04195776593645155,C02B251732A1,425.2,256.5,5.63,73.6,89.8,,,25100035,149,10,14,B线,2510,25,2025,10
1014,1014#1014@r0c0,1014,200,15,0.051766331162423525,C02B251763B1,524.6,166.8,3.91,73.3,89.8,,,25100089,149,10,14,B线,2510,25,2025,10
1014,1014#1014@r0c0,1014,200,16,0.06887704756266035,C02B251771F1,698.0,200.9,4.29,77.1,91.9,,,25100102,149,10,14,B线,2510,25,2025,10
1014,1014#1014@r0c0,1014,200,17,0.03295835800276298,C02B251781D1,334.0,227.3,4.46,82.4,93.9,,,25100114,149,10,14,B线,2510,25,2025,10
1014,1014#1014@r0c0,1014,200,18,0.0328399447404776,C02B251803A3,332.8,151.5,3.58,66.6,85.4,,,25100153,149,10,14,B线,2510,25,2025,10
1014,1014#1014@r0c0,1014,200,19,0.05474639826327215,C02B251812B3,554.8,246.5,4.82,75.8,89.9,,,25100170,149,10,14,B线,2510,25,2025,10
1014,1014#1014@r0c0,1014,200,20,0.05776593645154924,C02B251842B1,585.4,219.5,4.38,84.6,94.5,,,25100218,149,10,14,B线,2510,25,2025,10
1014,1014#1014@r0c0,1014,200,21,0.0732188671797908,C02B251861C1,742.0,230.0,4.66,89.5,97.0,,,25100247,149,10,14,B线,2510,25,2025,10
1015,1015#1015@r0c0,1015,200,1,0.04902603204860904,C02A241583B1,493.8,187.9,3.82,83.5,97.4,,,24110345,150,10,15,A线,2411,24,2024,11
1015,1015#1015@r0c0,1015,200,2,,C02A250021E2,0.0,260.5,5.55,88.2,97.0,,,25010045,150,10,15,A线,2501,25,2025,1
1015,1015#1015@r0c0,1015,200,3,0.04793391711840511,C02A250122B1,482.8,227.9,6.24,74.4,91.1,,,25010328,150,10,15,A线,2501,25,2025,1
1015,1015#1015@r0c0,1015,200,4,0.0480332002938782,C02A250191D1,483.8,258.7,5.11,90.0,98.1,,,25010512,150,10,15,A线,2501,25,2025,1
1015,1015#1015@r0c0,1015,200,5,0.05186553086713925,C02A250271F1,522.4,257.3,5.22,90.2,98.6,,,25020127,150,10,15,A线,2502,25,2025,2
1015,1015#1015@r0c0,1015,200,6,0.05410933063283096,C02A250311F1,545.0,253.3,5.92,85.0,95.8,,,25020242,150,10,15,A线,2502,25,2025,2
1015,1015#1015@r0c0,1015,200,7,0.05258036973054546,C02A250572B1,529.6,259.1,5.73,85.0,96.2,,,25030300,150,10,15,A线,2503,25,2025,3
1015,1015#1015@r0c0,1015,200,8,0.044359722801374075,C02A250912D1,446.8,198.2,5.16,79.4,94.0,,,25040460,150,10,15,A线,2504,25,2025,4
1015,1015#1015@r0c0,1015,200,9,0.0482714799150136,C02A250912A2,486.2,225.3,4.72,84.0,95.8,,,25040456,150,10,15,A线,2504,25,2025,4
1015,1015#1015@r0c0,1015,200,10,0.051369114989773826,C02A250922A2,517.4,214.7,5.57,86.6,96.9,,,25040476,150,10,15,A线,2504,25,2025,4
1015,1015#1015@r0c0,1015,200,11,0.05236194674450467,C02A250922A1,527.4,219.0,5.33,87.2,97.5,,,25040475,150,10,15,A线,2504,25,2025,4
1015,1015#1015@r0c0,1015,200,12,,C02A251173A1,0.0,175.3,4.46,84.0,96.7,,,25060068,150,10,15,A线,2506,25,2025,6
1015,1015#1015@r0c0,1015,200,13,,C02A251173B1,0.0,163.9,4.26,82.7,96.7,,,25060069,150,10,15,A线,2506,25,2025,6
1015,1015#1015@r0c0,1015,200,14,0.07889041123091281,C02B251353A1,794.6,170.7,3.99,67.4,87.8,,,25070001,150,10,15,B线,2507,25,2025,7
1015,1015#1015@r0c0,1015,200,15,0.05659141001965806,C02B251831C2,570.0,235.9,4.43,87.0,96.0,,,25100198,150,10,15,B线,2510,25,2025,10
1015,1015#1015@r0c0,1015,200,16,0.0519251007724231,C02B251832B3,523.0,192.7,3.77,78.0,91.2,,,25100204,150,10,15,B线,2510,25,2025,10
1015,1015#1015@r0c0,1015,200,17,0.044478862611941776,C02B251752B2,448.0,237.8,5.33,72.4,89.1,,,25100069,150,10,15,B线,2510,25,2025,10
1015,1015#1015@r0c0,1015,200,18,0.03971327018923373,C02A250912C1,400.0,220.1,5.57,82.4,95.5,,,25040459,150,10,15,A线,2504,25,2025,4
1015,1015#1015@r0c0,1015,200,19,0.03796588630090744,C02A250311E1,382.4,268.8,5.63,88.2,96.9,,,25020241,150,10,15,A线,2502,25,2025,2
1015,1015#1015@r0c0,1015,200,20,0.0741843887134886,C02A251621B2,747.2,250.6,4.2,86.1,97.1,,,25080018,150,10,15,A线,2508,25,2025,8
1015,1015#1015@r0c0,1015,200,21,0.07595162923690951,C02A251521B2,765.0,255.7,4.26,87.8,97.8,,,25070235,150,10,15,A线,2507,25,2025,7
1015,1015#1015@r0c0,1015,200,22,0.0403883957824507,C02B251721D2,406.8,265.2,5.6,70.1,87.4,,,25100018,150,10,15,B线,2510,25,2025,10
1101,1101#1101@r0c0,1101,200,1,0.027402447287655944,C02A250241D1,275.0,252.7,4.77,92.6,99.1,,,25020038,151,11,1,A线,2502,25,2025,2
1101,1101#1101@r0c0,1101,200,2,0.052114472477978395,C02A250902B1,523.0,227.4,5.0,87.1,97.5,,,25040434,151,11,1,A线,2504,25,2025,4
1101,1101#1101@r0c0,1101,200,3,0.035633146000239146,C02A250922B1,357.6,209.6,5.49,85.0,96.7,,,25040478,151,11,1,A线,2504,25,2025,4
1101,1101#1101@r0c0,1101,200,4,0.02297819761648531,C02A251153A2,230.6,181.0,4.49,80.2,95.7,,,25060042,151,11,1,A线,2506,25,2025,6
1101,1101#1101@r0c0,1101,200,5,0.08228705807325919,C02A251162A2,825.8,213.4,4.82,86.7,97.3,,,25060052,151,11,1,A线,2506,25,2025,6
1101,1101#1101@r0c0,1101,200,6,0.07903862250388617,C02A251172A1,793.2,215.5,4.89,88.4,97.8,,,25060065,151,11,1,A线,2506,25,2025,6
1101,1101#1101@r0c0,1101,200,7,0.08517677069632108,C02A251173A1,854.8,175.3,4.46,84.0,96.7,,,25060068,151,11,1,A线,2506,25,2025,6
1101,1101#1101@r0c0,1101,200,8,,C02B251313A1,0.0,242.6,5.66,74.8,91.7,,,25060299,151,11,1,B线,2506,25,2025,6
1101,1101#1101@r0c0,1101,200,9,0.06861572800829048,C02B251771B1,688.6,233.8,4.75,90.7,98.5,,,25100094,151,11,1,B线,2510,25,2025,10
1101,1101#1101@r0c0,1101,200,10,0.06371318107537167,C02B251802A2,639.4,221.3,4.23,84.0,94.7,,,25100147,151,11,1,B线,2510,25,2025,10
1101,1101#1101@r0c0,1101,200,11,0.06532743433377178,C02B251831D1,655.6,227.8,4.34,86.0,95.4,,,25100199,151,11,1,B线,2510,25,2025,10
1101,1101#1101@r0c0,1101,200,12,0.05988680298138626,C02B251872B2,601.0,247.2,5.16,82.0,93.0,,,25100282,151,11,1,B线,2510,25,2025,10
1101,1101#1101@r0c0,1101,200,13,0.0581928335126948,C02B251872B3,584.0,243.2,5.19,81.7,92.9,,,25100283,151,11,1,B线,2510,25,2025,10
1101,1101#1101@r0c0,1101,200,14,0.06026545498027023,C02B251881D2,604.8,252.2,5.13,91.4,98.2,,,25100296,151,11,1,B线,2510,25,2025,10
1101,1101#1101@r0c0,1101,200,15,0.062158714974690096,C02B251882A1,623.8,242.7,5.52,84.0,94.4,,,25100298,151,11,1,B线,2510,25,2025,10
1101,1101#1101@r0c0,1101,200,16,0.05464546215472916,C02B251882B1,548.4,199.5,4.61,78.0,91.6,,,25100300,151,11,1,B线,2510,25,2025,10
1101,1101#1101@r0c0,1101,200,17,0.052293833951133954,C02B251882B2,524.8,205.1,4.69,78.7,91.2,,,25100301,151,11,1,B线,2510,25,2025,10
1101,1101#1101@r0c0,1101,200,18,0.07026983937183627,C02B251742B2,705.2,239.7,5.52,63.3,84.1,,,25100052,151,11,1,B线,2510,25,2025,10
1102,1102#1102@r0c0,1102,160,1,0.02830763870742967,20250916,65.0,158.2,3.9,78.4,94.6,,,25100195,152,11,2,其他,2510,,2025,10
1102,1102#1102@r0c0,1102,160,2,0.042330807420956365,20250917,97.2,178.5,3.9,78.4,93.7,,,25100137,152,11,2,其他,2510,,2025,10
1102,1102#1102@r0c0,1102,160,3,0.1444560578346834,20250918,331.7,255.2,4.84,86.5,96.8,,,25100235,152,11,2,其他,2510,,2025,10
1102,1102#1102@r0c0,1102,160,4,0.08710042679209129,20251001,200.0,147.5,3.69,77.2,93.2,,,25100245,152,11,2,其他,2510,,2025,10
1102,1102#1102@r0c0,1102,160,5,0.09868478355543943,20251002,226.6,155.7,3.81,77.7,93.6,,,25100136,152,11,2,其他,2510,,2025,10
1102,1102#1102@r0c0,1102,160,6,0.15225154603257557,20251003,349.6,173.4,3.94,79.0,94.0,,,25100156,152,11,2,其他,2510,,2025,10
1102,1102#1102@r0c0,1102,160,7,0.04237435763435241,20251010,97.3,255.2,4.8,86.9,96.7,,,25100303,152,11,2,其他,2510,,2025,10
1102,1102#1102@r0c0,1102,160,8,0.04611967598641234,20251011,105.9,114.4,2.93,69.3,89.1,,,25100255,152,11,2,其他,2510,,2025,10
1102,1102#1102@r0c0,1102,160,9,0.01350056615277415,20250820,31.0,206.4,4.79,82.1,95.0,,,25020284,152,11,2,其他,2502,,2025,2
1102,1102#1102@r0c0,1102,160,10,0.010887553349011411,20250901,25.0,250.1,4.89,85.8,96.6,,,24060226,152,11,2,其他,2406,,2024,6
1102,1102#1102@r0c0,1102,160,11,0.019728246668408677,20251014,45.3,228.9,4.84,82.9,94.9,,,25100256,152,11,2,其他,2510,,2025,10
1102,1102#1102@r0c0,1102,160,12,0.049124640710739485,20241103,112.8,249.4,4.93,87.1,97.2,,,25070149,152,11,2,其他,2507,,2025,7
1102,1102#1102@r0c0,1102,160,13,0.020642801149725633,20241104,47.4,251.6,4.97,82.0,95.3,,,25040230,152,11,2,其他,2504,,2025,4
1102,1102#1102@r0c0,1102,160,14,0.08161309990418954,20241107,187.4,249.0,4.88,80.4,93.8,,,25100257,152,11,2,其他,2510,,2025,10
1102,1102#1102@r0c0,1102,160,15,0.03484017071683652,20241127,80.0,183.3,3.94,78.9,93.9,,,25070148,152,11,2,其他,2507,,2025,7
1102,1102#1102@r0c0,1102,160,16,0.0519989547948785,20240624,119.4,237.1,4.56,83.6,95.5,,,,152,11,2,其他,,,,
1102,1102#1102@r0c0,1102,160,17,0.032488459193450045,20240626,74.6,253.3,4.32,86.1,96.3,,,,152,11,2,其他,,,,
1102,1102#1102@r0c0,1102,160,18,0.043550213396045645,20240827,100.0,258.8,4.84,87.1,96.2,,,,152,11,2,其他,,,,
1102,1102#1102@r0c8,1102,160,1,0.07029908557281477,C02B251831B1,704.2,241.2,4.55,89.7,97.6,,,25100195,152,11,2,B线,2510,25,2025,10
1102,1102#1102@r0c8,1102,160,2,0.07185640697999442,C02B251793A1,719.8,146.2,3.36,71.9,89.2,,,25100137,152,11,2,B线,2510,25,2025,10
1102,1102#1102@r0c8,1102,160,3,0.05638302120352993,C02B251852A1,564.8,244.0,4.77,83.6,93.5,,,25100235,152,11,2,B线,2510,25,2025,10
1102,1102#1102@r0c8,1102,160,4,0.020185281316136245,C02B251861A1,202.2,239.3,4.77,91.2,98.3,,,25100245,152,11,2,B线,2510,25,2025,10
1102,1102#1102@r0c8,1102,160,5,0.028431098510561838,C02B251792B2,284.8,156.4,3.53,72.5,89.8,,,25100136,152,11,2,B线,2510,25,2025,10
1102,1102#1102@r0c8,1102,160,6,0.029988419917741486,C02B251804B1,300.4,135.4,3.28,67.3,86.1,,,25100156,152,11,2,B线,2510,25,2025,10
1102,1102#1102@r0c8,1102,160,7,0.020504731861198743,C02B251883A1,205.4,151.8,3.43,79.2,93.2,,,25100303,152,11,2,B线,2510,25,2025,10
1102,1102#1102@r0c8,1102,160,8,0.05578405143153776,C02B251861F2,558.8,241.8,4.52,83.4,94.0,,,25100255,152,11,2,B线,2510,25,2025,10
1102,1102#1102@r0c8,1102,160,9,0.049035658667092606,C02A250324A3,491.2,118.7,3.03,64.0,88.3,,,25020284,152,11,2,A线,2502,25,2025,2
1102,1102#1102@r0c8,1102,160,10,0.05857924370083457,24LMB0984C2,586.8,119.0,3.58,72.4,89.8,,,24060226,152,11,2,LMB(外购/旧料),2406,,2024,6
1102,1102#1102@r0c8,1102,160,11,0.055704188795272135,C02B251862A1,558.0,239.7,4.46,84.4,94.7,,,25100256,152,11,2,B线,2510,25,2025,10
1102,1102#1102@r0c8,1102,160,12,0.06063570658467436,C02A251454C2,607.4,93.3,2.93,81.2,97.4,,,25070149,152,11,2,A线,2507,25,2025,7
1102,1102#1102@r0c8,1102,160,13,0.048995727348959794,C02A250793A1,490.8,119.1,3.18,77.2,94.6,,,25040230,152,11,2,A线,2504,25,2025,4
1102,1102#1102@r0c8,1102,160,14,0.057960308269775995,C02B251862A2,580.6,239.2,4.43,84.6,94.4,,,25100257,152,11,2,B线,2510,25,2025,10
1102,1102#1102@r0c8,1102,160,15,0.08643133809847063,C02A251454C1,865.8,92.0,2.9,81.4,97.4,,,25070148,152,11,2,A线,2507,25,2025,7
1102,1102#1102@r0c8,1102,160,16,0.2292257317414048,剩余,2296.2,205.610125425,4.292407891,81.229422524,94.660356241,,,,152,11,2,其他,,,,
1103,1103#1103@r0c0,1103,240,1,0.06047516198704104,C02B251871D3,610.4,271.1,4.89,89.8,97.4,,,25100278,153,11,3,B线,2510,25,2025,10
1103,1103#1103@r0c0,1103,240,2,0.020369746567063626,C02B241234A2,205.6,189.6,5.46,69.2,87.4,,,24070301,153,11,3,B线,2407,24,2024,7
1103,1103#1103@r0c0,1103,240,3,0.02994035706501278,C02B241271E1,302.2,279.8,5.02,94.2,98.5,,,24090072,153,11,3,B线,2409,24,2024,9
1103,1103#1103@r0c0,1103,240,4,0.046664156775714824,C02B241291F1,471.0,273.8,4.97,95.5,99.0,,,24090123,153,11,3,B线,2409,24,2024,9
1103,1103#1103@r0c0,1103,240,5,0.04822953613252225,C02A250382B3,486.8,263.5,5.57,89.9,98.0,,,25020453,153,11,3,A线,2502,25,2025,2
1103,1103#1103@r0c0,1103,240,6,0.025957556423009096,C02B251871A1,262.0,300.1,4.61,93.2,99.0,,,25100272,153,11,3,B线,2510,25,2025,10
1103,1103#1103@r0c0,1103,240,7,0.06957021419937783,C02B251782A1,702.2,192.8,4.2,67.8,86.4,,,25100121,153,11,3,B线,2510,25,2025,10
1103,1103#1103@r0c0,1103,240,8,0.04537618641884796,C02B251722A2,458.0,260.1,5.49,72.6,88.9,,,25100020,153,11,3,B线,2510,25,2025,10
1103,1103#1103@r0c0,1103,240,9,0.029841282422176867,C02B251871B2,301.2,293.9,4.46,92.6,98.4,,,25100274,153,11,3,B线,2510,25,2025,10
1103,1103#1103@r0c0,1103,240,10,0.021538827352527396,C02A250791A1,217.4,281.1,4.57,90.9,98.4,,,25040215,153,11,3,A线,2504,25,2025,4
1103,1103#1103@r0c0,1103,240,11,0.06152535320110171,C02B251721D1,621.0,262.6,5.67,69.7,87.3,,,25100017,153,11,3,B线,2510,25,2025,10
1103,1103#1103@r0c0,1103,240,12,0.020449006281332355,C02A250961A1,206.4,297.2,4.2,92.3,98.9,,,25040549,153,11,3,A线,2504,25,2025,4
1103,1103#1103@r0c0,1103,240,13,0.04927972734658292,C02A251001B2,497.4,271.7,4.34,92.7,98.8,,,25050073,153,11,3,A线,2505,25,2025,5
1103,1103#1103@r0c0,1103,240,14,0.06336814155784969,C02B251703A1,639.6,251.7,5.33,67.8,88.2,,,25090008,153,11,3,B线,2509,25,2025,9
1103,1103#1103@r0c0,1103,240,15,0.05355975191709434,C02B241282B1,540.6,227.6,5.95,78.6,90.6,,,24090101,153,11,3,B线,2409,24,2024,9
1103,1103#1103@r0c0,1103,240,16,0.027859789565458617,C02A241581B1,281.2,297.5,4.29,91.4,99.0,,,24110333,153,11,3,A线,2411,24,2024,11
1103,1103#1103@r0c0,1103,240,17,0.026334040065785564,C02A241581B2,265.8,289.0,4.29,91.3,98.6,,,24110334,153,11,3,A线,2411,24,2024,11
1103,1103#1103@r0c0,1103,240,18,0.02031030178136208,C02B251703A2,205.0,257.4,5.44,67.7,88.1,,,25090009,153,11,3,B线,2509,25,2025,9
1103,1103#1103@r0c0,1103,240,19,0.047298234489864664,C02A251081B1,477.4,273.3,4.08,91.7,98.8,,,25050199,153,11,3,A线,2505,25,2025,5
1103,1103#1103@r0c0,1103,240,20,0.0688965066280936,C02B251722A1,695.4,265.8,5.24,74.3,89.5,,,25100019,153,11,3,B线,2510,25,2025,10
1103,1103#1103@r0c0,1103,240,21,0.04702082548992411,C02A241581C1,474.6,291.4,4.26,90.6,98.3,,,24110335,153,11,3,A线,2411,24,2024,11
1103,1103#1103@r0c0,1103,240,22,0.06531000455743358,C02B251721C1,659.2,281.2,5.05,78.8,92.1,,,25100015,153,11,3,B线,2510,25,2025,10
1103,1103#1103@r0c0,1103,240,23,0.05082529177482315,C02A250951B1,513.0,289.0,4.66,91.8,99.0,,,25040530,153,11,3,A线,2504,25,2025,4
1106,1106#1106@r0c0,1106,220,1,0.0670739718828012,C02B241234B1,408.4,178.5,5.46,64.1,84.3,,,24070302,154,11,6,B线,2407,24,2024,7
1106,1106#1106@r0c0,1106,220,2,0.07968729470503219,C02B241291G3,485.2,261.0,5.63,92.6,97.9,,,24090128,154,11,6,B线,2409,24,2024,9
1106,1106#1106@r0c0,1106,220,3,0.1239324661673893,C02B251321C1,754.6,252.8,4.86,88.7,97.2,,,25060303,154,11,6,B线,2506,25,2025,6
1106,1106#1106@r0c0,1106,220,4,0.09345026934699777,C02B251701D1,569.0,258.0,5.02,79.8,93.9,,,25090005,154,11,6,B线,2509,25,2025,9
1106,1106#1106@r0c0,1106,220,5,0.028478517934568386,C02B251711A1,173.4,315.4,5.24,91.0,97.5,,,25090012,154,11,6,B线,2509,25,2025,9
1106,1106#1106@r0c0,1106,220,6,0.11233740638549468,C02B251762C1,684.0,243.2,5.33,73.6,89.2,,,25100085,154,11,6,B线,2510,25,2025,10
1106,1106#1106@r0c0,1106,220,7,0.07860333727499672,C02B251781H2,478.6,195.0,4.46,71.5,89.0,,,25100120,154,11,6,B线,2510,25,2025,10
1106,1106#1106@r0c0,1106,220,8,0.09456707397188278,C02B251812B2,575.8,236.0,4.63,79.7,92.0,,,25100169,154,11,6,B线,2510,25,2025,10
1106,1106#1106@r0c0,1106,220,9,0.04115753514649849,C02B251851A1,250.6,241.7,4.03,90.8,96.7,,,25100227,154,11,6,B线,2510,25,2025,10
1106,1106#1106@r0c0,1106,220,10,0.10034818026540533,C02B251852A3,611.0,238.8,4.72,82.2,92.8,,,25100237,154,11,6,B线,2510,25,2025,10
1106,1106#1106@r0c0,1106,220,11,0.08362895808697937,C02B251861D2,509.2,245.0,4.86,86.0,94.9,,,25100251,154,11,6,B线,2510,25,2025,10
1106,1106#1106@r0c0,1106,220,12,0.04877808435159637,C02B251881C2,297.0,254.1,4.97,91.5,98.2,,,25100294,154,11,6,B线,2510,25,2025,10
1106,1106#1106@r0c0,1106,220,13,0.047956904480357374,C02B251881D3,292.0,249.9,5.19,91.3,98.2,,,25100297,154,11,6,B线,2510,25,2025,10
1107,1107#1107@r0c0,1107,250,1,0.05516593958805014,C02B241241D1,199.8,222.7,3.91,89.8,96.3,,,24090004,155,11,7,B线,2409,24,2024,9
1107,1107#1107@r0c0,1107,250,2,0.05036169860290463,C02B241252B2,182.4,226.2,5.37,76.0,89.9,,,24090031,155,11,7,B线,2409,24,2024,9
1107,1107#1107@r0c0,1107,250,3,0.14915235518250594,C02B241301C1,540.2,274.3,5.76,96.0,99.4,,,24090146,155,11,7,B线,2409,24,2024,9
1107,1107#1107@r0c0,1107,250,4,0.05268098735435419,C02B251341A1,190.8,259.8,4.86,89.6,97.5,,,25060325,155,11,7,B线,2506,25,2025,6
1107,1107#1107@r0c0,1107,250,5,0.09928764702634049,C02B251751D1,359.6,286.2,4.94,87.9,95.3,,,25100062,155,11,7,B线,2510,25,2025,10
1107,1107#1107@r0c0,1107,250,6,0.08807775139433431,C02B251762B1,319.0,248.6,5.52,73.9,89.4,,,25100084,155,11,7,B线,2510,25,2025,10
1107,1107#1107@r0c0,1107,250,7,0.0621238058423988,C02B251821A1,225.0,273.0,4.29,91.1,98.4,,,25100181,155,11,7,B线,2510,25,2025,10
1107,1107#1107@r0c0,1107,250,8,0.13170246838588545,C02B251871E1,477.0,268.0,5.33,87.1,96.0,,,25100279,155,11,7,B线,2510,25,2025,10
1107,1107#1107@r0c0,1107,250,9,0.09426252139819978,C02B251872A1,341.4,259.5,5.35,84.3,94.3,,,25100280,155,11,7,B线,2510,25,2025,10
1107,1107#1107@r0c0,1107,250,10,0.059417968965707654,C02B251881A1,215.2,274.2,4.57,92.9,98.9,,,25100290,155,11,7,B线,2510,25,2025,10
1107,1107#1107@r0c0,1107,250,11,0.15776685625931855,C02B251881C1,571.4,260.6,4.72,92.3,98.5,,,25100293,155,11,7,B线,2510,25,2025,10
1108,1108#1108@r0c0,1108,250,1,0.1303927362596035,C02B241291E2,485.4,270.2,4.91,96.4,99.4,,,24090121,156,11,8,B线,2409,24,2024,9
1108,1108#1108@r0c0,1108,250,2,0.18857787567828938,C02B251712A1,702.0,239.4,5.33,76.8,91.5,,,25100003,156,11,8,B线,2510,25,2025,10
1108,1108#1108@r0c0,1108,250,3,0.16977381400096708,C02B251721C2,632.0,279.5,5.08,78.3,91.8,,,25100016,156,11,8,B线,2510,25,2025,10
1108,1108#1108@r0c0,1108,250,4,0.17455541825605758,C02B251741C1,649.8,288.5,5.55,81.8,93.3,,,25100047,156,11,8,B线,2510,25,2025,10
1108,1108#1108@r0c0,1108,250,5,0.049857626390157415,C02B251761A1,185.6,279.6,4.66,92.5,98.5,,,25100076,156,11,8,B线,2510,25,2025,10
1108,1108#1108@r0c0,1108,250,6,0.07279858163649063,C02B251761D3,271.0,266.4,5.22,86.6,95.9,,,25100082,156,11,8,B线,2510,25,2025,10
1108,1108#1108@r0c0,1108,250,7,0.0632890990168162,C02B251801B1,235.6,240.0,4.27,89.7,97.6,,,25100140,156,11,8,B线,2510,25,2025,10
1108,1108#1108@r0c0,1108,250,8,0.15075484876161824,C02B251832A2,561.2,243.7,4.75,79.9,91.6,,,25100201,156,11,8,B线,2510,25,2025,10
1109,1109#1109@r0c0,1109,250,1,0.021553510735306307,24LMB0841A1,156.0,241.2,5.16,82.9,94.0,,,24050414,157,11,9,LMB(外购/旧料),2405,,2024,5
1109,1109#1109@r0c0,1109,250,2,0.07391748873967227,C02B241252B1,535.0,236.2,5.44,77.9,90.7,,,24090030,157,11,9,B线,2409,24,2024,9
1109,1109#1109@r0c0,1109,250,3,0.047859846914808366,C02B241291D2,346.4,285.6,5.08,96.2,99.4,,,24090119,157,11,9,B线,2409,24,2024,9
1109,1109#1109@r0c0,1109,250,4,0.07281218049683605,C02A250041D2,527.0,268.1,5.13,87.9,96.8,,,25010096,157,11,9,A线,2501,25,2025,1
1109,1109#1109@r0c0,1109,250,5,0.06966205200475283,C02A250061B1,504.2,258.6,4.77,91.3,98.7,,,25010148,157,11,9,A线,2501,25,2025,1
1109,1109#1109@r0c0,1109,250,6,0.07366879438503413,C02A250081E2,533.2,258.3,5.3,88.3,96.8,,,25010212,157,11,9,A线,2501,25,2025,1
1109,1109#1109@r0c0,1109,250,7,0.061068280416701204,C02A250121B2,442.0,277.1,5.16,90.2,98.1,,,25010315,157,11,9,A线,2501,25,2025,1
1109,1109#1109@r0c0,1109,250,8,0.07720578076211003,C02A250131E1,558.8,278.9,5.11,90.0,97.6,,,25010350,157,11,9,A线,2501,25,2025,1
1109,1109#1109@r0c0,1109,250,9,0.07634916687391197,C02A250151E1,552.6,288.6,5.08,92.6,99.0,,,25010403,157,11,9,A线,2501,25,2025,1
1109,1109#1109@r0c0,1109,250,10,0.06927519411976014,C02A250331D2,501.4,267.7,5.27,91.4,98.5,,,25020298,157,11,9,A线,2502,25,2025,2
1109,1109#1109@r0c0,1109,250,11,0.07477410262787035,C02A250891B1,541.2,270.5,3.82,88.4,97.2,,,25040410,157,11,9,A线,2504,25,2025,4
1109,1109#1109@r0c0,1109,250,12,0.10066594821630882,C02A251182A1,728.6,252.2,4.43,89.3,98.3,,,25060078,157,11,9,A线,2506,25,2025,6
1109,1109#1109@r0c0,1109,250,13,0.09878692420348724,C02B251312C1,715.0,243.2,5.76,84.1,95.7,,,25060298,157,11,9,B线,2506,25,2025,6
1109,1109#1109@r0c0,1109,250,14,0.08240072950344027,C02B251762A1,596.4,252.2,5.57,75.3,90.3,,,25100083,157,11,9,B线,2510,25,2025,10
1110,1110#1109@r0c0,1109,250,1,0.08233508233508233,C02A241583A1,499.0,244.5,4.63,83.2,96.6,,,24110343,158,11,10,A线,2411,24,2024,11
1110,1110#1109@r0c0,1109,250,2,0.08035508035508035,C02A241583A2,487.0,241.3,4.61,83.3,96.9,,,24110344,158,11,10,A线,2411,24,2024,11
1110,1110#1109@r0c0,1109,250,3,0.08223608223608223,C02A241901D1,498.4,287.9,5.49,87.1,97.1,,,24120509,158,11,10,A线,2412,24,2024,12
1110,1110#1109@r0c0,1109,250,4,0.04346104346104345,C02A241941E3,263.4,261.0,5.22,89.7,97.8,,,24120628,158,11,10,A线,2412,24,2024,12
1110,1110#1109@r0c0,1109,250,5,0.08299508299508299,C02A241941E1,503.0,251.6,5.19,89.6,97.6,,,24120626,158,11,10,A线,2412,24,2024,12
1110,1110#1109@r0c0,1109,250,6,0.08556908556908557,C02A250011C3,518.6,269.4,5.57,88.7,98.0,,,25010017,158,11,10,A线,2501,25,2025,1
1110,1110#1109@r0c0,1109,250,7,0.08372108372108371,C02A250031F2,507.4,261.6,5.38,89.0,97.6,,,25010071,158,11,10,A线,2501,25,2025,1
1110,1110#1109@r0c0,1109,250,8,0.08537108537108536,C02A250081E1,517.4,258.9,5.19,88.4,97.0,,,25010211,158,11,10,A线,2501,25,2025,1
1110,1110#1109@r0c0,1109,250,9,0.08418308418308418,C02A250091C1,510.2,273.8,5.44,90.5,98.5,,,25010235,158,11,10,A线,2501,25,2025,1
1110,1110#1109@r0c0,1109,250,10,0.08065208065208065,C02A250572A1,488.8,265.8,5.11,87.9,97.2,,,25030299,158,11,10,A线,2503,25,2025,3
1110,1110#1109@r0c0,1109,250,11,0.033495033495033494,C02A250671A1,203.0,256.7,4.23,88.1,96.8,,,25030482,158,11,10,A线,2503,25,2025,3
1110,1110#1109@r0c0,1109,250,12,0.06448206448206448,C02A251431E1,390.8,253.5,4.77,79.8,93.8,,,25070118,158,11,10,A线,2507,25,2025,7
1110,1110#1109@r0c0,1109,250,13,0.11114411114411114,C02B251731B1,673.6,278.9,4.55,83.8,94.6,,,25100029,158,11,10,B线,2510,25,2025,10
1111-1112,1111-1112#1111@r0c0,1111,160,1,0.0566508859191786,24LMB0684C3,567.2,104.4,3.46,70.2,90.4,11.92,,24050029,159,11,11,LMB(外购/旧料),2405,,2024,5
1111-1112,1111-1112#1111@r0c0,1111,160,2,0.05663091028944687,24LMB0814A1,567.0,180.2,5.55,71.9,89.7,12.52,,24050346,159,11,11,LMB(外购/旧料),2405,,2024,5
1111-1112,1111-1112#1111@r0c0,1111,160,3,0.05033858692395277,C02A250052C2,504.0,211.8,5.57,71.9,90.2,11.97,,25010132,159,11,11,A线,2501,25,2025,1
1111-1112,1111-1112#1111@r0c0,1111,160,4,0.05177683226463713,C02A250184B2,518.4,98.6,2.64,73.9,92.4,11.2,,25010503,159,11,11,A线,2501,25,2025,1
1111-1112,1111-1112#1111@r0c0,1111,160,5,0.04832104832104832,C02A250271C1,483.8,253.8,4.69,90.3,98.8,11.14,,25020119,159,11,11,A线,2502,25,2025,2
1111-1112,1111-1112#1111@r0c0,1111,160,6,0.02786600347575957,C02A250311A1,279.0,251.3,5.02,85.2,96.3,10.89,,25020232,159,11,11,A线,2502,25,2025,2
1111-1112,1111-1112#1111@r0c0,1111,160,7,0.02353129182397475,C02A250432A2,235.6,226.5,6.0,78.1,93.2,11.47,,25030069,159,11,11,A线,2503,25,2025,3
1111-1112,1111-1112#1111@r0c0,1111,160,8,0.051077685224026684,C02A250663A1,511.4,133.0,3.34,76.9,93.9,11.73,,25030476,159,11,11,A线,2503,25,2025,3
1111-1112,1111-1112#1111@r0c0,1111,160,9,0.051557100337588146,C02A250731B3,516.2,244.4,4.41,91.9,98.8,11.64,,25040108,159,11,11,A线,2504,25,2025,4
1111-1112,1111-1112#1111@r0c0,1111,160,10,0.07800483410239507,C02A251374C1,781.0,106.4,2.99,76.3,94.4,12.71,,25070034,159,11,11,A线,2507,25,2025,7
1111-1112,1111-1112#1111@r0c0,1111,160,11,0.047242364315535045,C02A251591C2,473.0,232.8,4.34,85.8,97.4,11.63,,25070330,159,11,11,A线,2507,25,2025,7
1111-1112,1111-1112#1111@r0c0,1111,160,12,0.08128083737839835,C02A251654B1,813.8,122.4,3.4,76.4,93.7,11.89,,25080074,159,11,11,A线,2508,25,2025,8
1111-1112,1111-1112#1111@r0c0,1111,160,13,0.021953217075168296,C02A25189R01,219.8,205.7,3.99,88.7,97.4,10.14,,25100315,159,11,11,A线,2510,25,2025,10
1111-1112,1111-1112#1111@r0c0,1111,160,14,0.04834102395078004,C02A25189R04,484.0,198.8,4.08,87.4,96.8,10.79,,25100318,159,11,11,A线,2510,25,2025,10
1111-1112,1111-1112#1111@r0c0,1111,160,15,0.04784163320748686,C02A25189R07,479.0,192.1,4.11,88.1,96.9,11.77,,25100321,159,11,11,A线,2510,25,2025,10
1111-1112,1111-1112#1111@r0c0,1111,160,16,0.03915223427418549,C02A25189R11,392.0,211.8,4.08,86.4,95.2,11.56,,25100325,159,11,11,A线,2510,25,2025,10
1111-1112,1111-1112#1111@r0c0,1111,160,17,0.014442380296038832,C02A25189R15,144.6,218.3,4.06,81.8,92.4,9.11,,25100329,159,11,11,A线,2510,25,2025,10
1111-1112,1111-1112#1111@r0c0,1111,160,18,0.015461137412356924,C02A25190R15,154.8,190.5,3.7,85.7,95.5,9.3,,25100344,159,11,11,A线,2510,25,2025,10
1111-1112,1111-1112#1111@r0c0,1111,160,19,0.023331535526657475,C02A25191R01,233.6,207.9,4.32,87.9,97.0,11.63,,25100345,159,11,11,A线,2510,25,2025,10
1111-1112,1111-1112#1111@r0c0,1111,160,20,0.03765406204430594,C02A25191R13,377.0,162.3,3.65,76.9,90.3,11.55,,25100357,159,11,11,A线,2510,25,2025,10
1111-1112,1111-1112#1111@r0c0,1111,160,21,0.06803699486626316,C02A25191R15,681.2,166.0,3.58,70.2,86.2,10.82,,25100359,159,11,11,A线,2510,25,2025,10
1111-1112,1111-1112#1111@r0c0,1111,160,22,0.0595074009708156,C02A25191R18,595.8,180.9,3.82,79.6,91.8,11.39,,25100362,159,11,11,A线,2510,25,2025,10
1111-1112,1111-1112#1112@r0c9,1112,140,1,0.035113882863340565,24LMB0214C1,362.6,80.9,2.44,77.3,94.1,11.7,,24020017,159,11,11,LMB(外购/旧料),2402,,2024,2
1111-1112,1111-1112#1112@r0c9,1112,140,2,0.05374573907654168,24LMB0574D2,555.0,92.6,3.15,56.4,82.8,13.21,,24040297,159,11,11,LMB(外购/旧料),2404,,2024,4
1111-1112,1111-1112#1112@r0c9,1112,140,3,0.050259528974279516,24LMB0694D2,519.0,91.2,3.21,68.3,90.0,11.72,,24050061,159,11,11,LMB(外购/旧料),2405,,2024,5
1111-1112,1111-1112#1112@r0c9,1112,140,4,0.05281608304927177,24LMB0694D1,545.4,93.3,3.31,68.6,90.3,11.79,,24050060,159,11,11,LMB(外购/旧料),2405,,2024,5
1111-1112,1111-1112#1112@r0c9,1112,140,5,0.03311899597149055,24LMB0714F1,342.0,88.8,3.03,61.0,84.3,11.91,,24050124,159,11,11,LMB(外购/旧料),2405,,2024,5
1111-1112,1111-1112#1112@r0c9,1112,140,6,0.05295165788658196,24LMB0912A1,546.8,238.3,5.52,83.4,94.2,13.24,,24060024,159,11,11,LMB(外购/旧料),2406,,2024,6
1111-1112,1111-1112#1112@r0c9,1112,140,7,0.037244344592500776,24LMB0912A2,384.6,239.3,5.35,83.9,94.3,12.47,,24060025,159,11,11,LMB(外购/旧料),2406,,2024,6
1111-1112,1111-1112#1112@r0c9,1112,140,8,0.0557406259683917,24LMB1184C3,575.6,85.7,2.99,72.7,91.7,13.04,,24070175,159,11,11,LMB(外购/旧料),2407,,2024,7
1111-1112,1111-1112#1112@r0c9,1112,140,9,0.03832894329098234,C02A250091D2,395.8,257.8,5.24,87.4,97.6,10.73,,25010239,159,11,11,A线,2501,25,2025,1
1111-1112,1111-1112#1112@r0c9,1112,140,10,0.030078246048961886,C02A250132B2,310.6,226.1,5.87,69.3,88.1,9.93,,25010358,159,11,11,A线,2501,25,2025,1
1111-1112,1111-1112#1112@r0c9,1112,140,11,0.03189882243569879,C02A250241C3,329.4,256.3,4.77,92.2,98.9,11.11,,25020037,159,11,11,A线,2502,25,2025,2
1111-1112,1111-1112#1112@r0c9,1112,140,12,0.01717926867059188,C02A250301G1,177.4,254.9,5.92,86.7,97.1,11.02,,25020216,159,11,11,A线,2502,25,2025,2
1111-1112,1111-1112#1112@r0c9,1112,140,13,0.01675317632475984,C02A250571A1,173.0,284.8,5.0,88.2,97.0,9.66,,25030293,159,11,11,A线,2503,25,2025,3
1111-1112,1111-1112#1112@r0c9,1112,140,14,0.04745119305856833,C02A250663A2,490.0,115.0,2.99,75.8,93.7,12.07,,25030477,159,11,11,A线,2503,25,2025,3
1111-1112,1111-1112#1112@r0c9,1112,140,15,0.045824295010845985,C02A250793A2,473.2,117.8,3.15,77.6,95.1,13.08,,25040231,159,11,11,A线,2504,25,2025,4
1111-1112,1111-1112#1112@r0c9,1112,140,16,0.04654090486519988,C02A250843B1,480.6,104.2,2.93,79.5,96.1,12.17,,25040328,159,11,11,A线,2504,25,2025,4
1111-1112,1111-1112#1112@r0c9,1112,140,17,0.03081422373721723,C02A250884A1,318.2,134.8,3.28,76.5,93.2,11.19,,25040407,159,11,11,A线,2504,25,2025,4
1111-1112,1111-1112#1112@r0c9,1112,140,18,0.07671599008366906,C02A251291C2,792.2,244.2,4.2,90.2,98.3,11.75,,25060258,159,11,11,A线,2506,25,2025,6
1111-1112,1111-1112#1112@r0c9,1112,140,19,0.08285559343043075,C02A251534B1,855.6,96.3,2.83,79.0,96.1,12.31,,25070255,159,11,11,A线,2507,25,2025,7
1111-1112,1111-1112#1112@r0c9,1112,140,20,0.04838084908583824,C02A25189R06,499.6,193.1,4.08,87.6,96.7,11.63,,25100320,159,11,11,A线,2510,25,2025,10
1111-1112,1111-1112#1112@r0c9,1112,140,21,0.04673458320421445,C02A25189R08,482.6,191.2,4.08,87.3,96.1,11.78,,25100322,159,11,11,A线,2510,25,2025,10
1111-1112,1111-1112#1112@r0c9,1112,140,22,0.06945305237062288,C02A25191R12,717.2,165.3,3.67,81.7,93.3,11.8,,25100356,159,11,11,A线,2510,25,2025,10
1113,1113#1113@r0c0,1113,200,1,0.22956659410251334,C02B251873A2,464.0,158.2,3.61,72.0,87.8,,,25100285,160,11,13,B线,2510,25,2025,10
1113,1113#1113@r0c0,1113,200,2,0.2946764298436572,C02B251881D1,595.6,252.6,5.13,91.3,98.1,,,25100295,160,11,13,B线,2510,25,2025,10
1113,1113#1113@r0c0,1113,200,3,0.19335048486047893,C02B241251D3,390.8,261.1,5.05,87.9,95.2,,,24090024,160,11,13,B线,2409,24,2024,9
1113,1113#1113@r0c0,1113,200,4,0.28240649119335043,C02B251852A2,570.8,232.9,4.69,82.7,93.1,,,25100236,160,11,13,B线,2510,25,2025,10
1115-1114,1115-1114#1115@r0c0,1115,220,1,0.4881859011911736,20251012,5000.0,227.6,4.86,80.2,93.2,,,25010207,161,11,15,其他,2501,,2025,1
1115-1114,1115-1114#1115@r0c0,1115,220,2,0.058484670962702594,C02B251881B1,599.0,265.1,4.52,92.5,98.6,,,25100291,161,11,15,B线,2510,25,2025,10
1115-1114,1115-1114#1115@r0c0,1115,220,3,0.023354813512985743,C02B251741A1,239.2,294.3,5.19,88.9,97.1,,,25100044,161,11,15,B线,2510,25,2025,10
1115-1114,1115-1114#1115@r0c0,1115,220,4,0.06490919742237844,C02B251741B1,664.8,294.8,5.35,87.5,96.5,,,25100045,161,11,15,B线,2510,25,2025,10
1115-1114,1115-1114#1115@r0c0,1115,220,5,0.025151337629369264,C02B251741B2,257.6,296.0,5.57,84.0,94.6,,,25100046,161,11,15,B线,2510,25,2025,10
1115-1114,1115-1114#1115@r0c0,1115,220,6,0.06157000585823082,C02B251341C1,630.6,255.5,4.75,88.0,97.0,,,25060327,161,11,15,B线,2506,25,2025,6
1115-1114,1115-1114#1115@r0c0,1115,220,7,0.08164421011521188,C02A251162A1,836.2,214.5,4.8,87.0,97.6,,,25060051,161,11,15,A线,2506,25,2025,6
1115-1114,1115-1114#1115@r0c0,1115,220,8,0.048017965241163835,C02A250902A2,491.8,215.5,4.89,88.2,98.1,,,25040433,161,11,15,A线,2504,25,2025,4
1115-1114,1115-1114#1115@r0c0,1115,220,9,0.04704159343878149,C02A250921D2,481.8,232.4,4.89,90.4,98.3,,,25040473,161,11,15,A线,2504,25,2025,4
1115-1114,1115-1114#1115@r0c0,1115,220,10,0.026986916617848074,C02A250921D3,276.4,233.7,4.91,90.0,98.1,,,25040474,161,11,15,A线,2504,25,2025,4
1115-1114,1115-1114#1115@r0c0,1115,220,11,0.026244874048037495,C02A251142A2,268.8,229.0,4.97,84.3,96.4,,,25060027,161,11,15,A线,2506,25,2025,6
1115-1114,1115-1114#1115@r0c0,1115,220,12,0.048408513962116775,C02A250902A1,495.8,222.3,4.8,88.0,98.0,,,25040432,161,11,15,A线,2504,25,2025,4
1115-1114,1115-1114#1114@r0c9,1114,220,1,0.0525993521371573,C02A250081B3,532.6,270.4,5.35,88.2,97.2,,,25010207,161,11,15,A线,2501,25,2025,1
1115-1114,1115-1114#1114@r0c9,1114,220,2,0.0469898080113771,C02A250102A1,475.8,260.0,5.13,86.2,95.8,,,25010270,161,11,15,A线,2501,25,2025,1
1115-1114,1115-1114#1114@r0c9,1114,220,3,0.0357707197598167,C02A250111B2,362.2,288.8,4.89,89.8,97.2,,,25010288,161,11,15,A线,2501,25,2025,1
1115-1114,1115-1114#1114@r0c9,1114,220,4,0.04531089515683021,C02A250131B2,458.8,265.9,4.97,89.8,97.7,,,25010344,161,11,15,A线,2501,25,2025,1
1115-1114,1115-1114#1114@r0c9,1114,220,5,0.02071975981670222,C02A250561A1,209.8,287.6,4.91,86.7,96.1,,,25030275,161,11,15,A线,2503,25,2025,3
1115-1114,1115-1114#1114@r0c9,1114,220,6,0.04347396697479655,C02A250902B3,440.2,226.4,5.43,82.5,95.4,,,25040436,161,11,15,A线,2504,25,2025,4
1115-1114,1115-1114#1114@r0c9,1114,220,7,0.05291538279213083,C02A250902B2,535.8,227.9,5.38,82.4,95.3,,,25040435,161,11,15,A线,2504,25,2025,4
1115-1114,1115-1114#1114@r0c9,1114,220,8,0.04811566721972031,C02A251172B1,487.2,211.3,5.02,88.1,98.0,,,25060066,161,11,15,A线,2506,25,2025,6
1115-1114,1115-1114#1114@r0c9,1114,220,9,0.05789286560796397,C02B251841D2,586.2,241.7,4.41,93.3,98.9,,,25100215,161,11,15,B线,2510,25,2025,10
1115-1114,1115-1114#1114@r0c9,1114,220,10,0.0645097574464723,C02B251791E1,653.2,231.8,4.32,86.1,96.3,,,25100128,161,11,15,B线,2510,25,2025,10
1115-1114,1115-1114#1114@r0c9,1114,220,11,0.037903926680888045,C02A250361D2,383.8,281.5,5.11,91.5,98.5,,,25020382,161,11,15,A线,2502,25,2025,2
1115-1114,1115-1114#1114@r0c9,1114,220,12,0.4937978983961444,20251012,5000.0,227.6,4.86,80.2,93.2,,,,161,11,15,其他,,,,
1116,1116#1116@r0c0,1116,140,1,0.0683772877348877,C02A25191R09,671.0,172.8,3.82,84.8,94.6,12.19,,25100353,162,11,16,A线,2510,25,2025,10
1116,1116#1116@r0c0,1116,140,2,0.06684873435780377,C02A25191R16,656.0,173.2,3.65,71.0,86.8,10.17,,25100360,162,11,16,A线,2510,25,2025,10
1116,1116#1116@r0c0,1116,140,3,0.0653813231158032,C02A25191R17,641.6,175.0,3.7,73.5,88.2,10.3,,25100361,162,11,16,A线,2510,25,2025,10
1116,1116#1116@r0c0,1116,140,4,0.07489911547711245,C02A25191R06,735.0,184.0,3.82,86.2,96.0,11.84,,25100350,162,11,16,A线,2510,25,2025,10
1116,1116#1116@r0c0,1116,140,5,0.07579586679166836,C02A25191R07,743.8,181.0,3.85,85.9,95.9,11.98,,25100351,162,11,16,A线,2510,25,2025,10
1116,1116#1116@r0c0,1116,140,6,0.05060530713732524,C02A25189R10,496.6,197.7,4.08,87.1,95.8,11.65,,25100324,162,11,16,A线,2510,25,2025,10
1116,1116#1116@r0c0,1116,140,7,0.0623853584967187,C02A251534A1,612.2,99.0,2.9,80.3,96.6,12.77,,25070254,162,11,16,A线,2507,25,2025,7
1116,1116#1116@r0c0,1116,140,8,0.05543553580891044,C02B241273A1,544.0,200.7,5.46,77.9,91.2,13.31,,24090078,162,11,16,B线,2409,24,2024,9
1116,1116#1116@r0c0,1116,140,9,0.073166754983084,C02B251734A1,718.0,133.5,3.15,76.8,92.8,11.57,,25100041,162,11,16,B线,2510,25,2025,10
1116,1116#1116@r0c0,1116,140,10,0.05496677943993804,C02B241233A1,539.4,216.2,5.79,78.8,92.5,11.11,,24070297,162,11,16,B线,2407,24,2024,7
1116,1116#1116@r0c0,1116,140,11,0.06605388660172014,C02B251754A1,648.2,148.3,3.34,72.8,90.7,9.99,,25100073,162,11,16,B线,2510,25,2025,10
1116,1116#1116@r0c0,1116,140,12,0.056780662780744305,C02B251884C1,557.2,97.3,2.57,78.0,92.8,11.98,,25100310,162,11,16,B线,2510,25,2025,10
1116,1116#1116@r0c0,1116,140,13,0.04548974850201769,C02B241263B1,446.4,193.8,5.38,65.6,84.4,12.23,,24090056,162,11,16,B线,2409,24,2024,9
1116,1116#1116@r0c0,1116,140,14,0.056760282069049844,C02B251884C3,557.0,101.1,2.61,77.8,92.5,11.86,,25100312,162,11,16,B线,2510,25,2025,10
1116,1116#1116@r0c0,1116,140,15,0.022174214323564177,C02B241263B2,217.6,191.2,5.38,65.8,84.7,12.15,,24090057,162,11,16,B线,2409,24,2024,9
1116,1116#1116@r0c0,1116,140,16,0.08484490278400521,C02A251474B1,832.6,93.1,2.8,75.0,94.6,13.32,,25070173,162,11,16,A线,2507,25,2025,7
1116,1116#1116@r0c0,1116,140,17,0.020034239595646677,C02B241234B2,196.6,179.4,5.13,64.5,84.7,10.12,,24070303,162,11,16,B线,2407,24,2024,7
1116,1116#1116@r0c0,1116,140,18,,C02B241262B2,0.0,197.5,5.24,77.8,90.9,12.14,,24090054,162,11,16,B线,2409,24,2024,9
1117,1117#1117@r0c0,1117,140,1,0.07671156451741452,C02A25191R10,770.0,170.3,3.79,84.7,94.6,12.1,,25100354,163,11,17,A线,2510,25,2025,10
1117,1117#1117@r0c0,1117,140,2,0.06848250577827368,C02A25191R11,687.4,166.3,3.73,84.8,94.7,12.01,,25100355,163,11,17,A线,2510,25,2025,10
1117,1117#1117@r0c0,1117,140,3,0.06645014744560453,C02A25191R14,667.0,165.6,3.58,71.8,87.0,10.89,,25100358,163,11,17,A线,2510,25,2025,10
1117,1117#1117@r0c0,1117,140,4,0.052681915995855574,C02B251813B1,528.8,146.5,3.58,73.4,89.4,11.24,,25100175,163,11,17,B线,2510,25,2025,10
1117,1117#1117@r0c0,1117,140,5,0.05264206583246991,C02B251813B2,528.4,149.4,3.61,73.4,89.4,11.13,,25100176,163,11,17,B线,2510,25,2025,10
1117,1117#1117@r0c0,1117,140,6,0.053698095162190165,C02B241293A1,539.0,209.8,6.35,75.2,89.9,12.29,,24090134,163,11,17,B线,2409,24,2024,9
1117,1117#1117@r0c0,1117,140,7,0.04853749900374591,C02B251813B3,487.2,138.5,3.46,73.7,89.9,11.17,,25100177,163,11,17,B线,2510,25,2025,10
1117,1117#1117@r0c0,1117,140,8,0.07169044393082012,C02B251813C1,719.6,136.2,3.4,72.3,88.9,11.21,,25100178,163,11,17,B线,2510,25,2025,10
1117,1117#1117@r0c0,1117,140,9,0.07999920299673229,C02A251531C2,803.0,228.1,3.99,90.0,98.6,11.71,,25070248,163,11,17,A线,2507,25,2025,7
1117,1117#1117@r0c0,1117,140,10,0.05300071730294094,C02B241293A2,532.0,202.4,6.24,74.8,89.6,12.18,,24090135,163,11,17,B线,2409,24,2024,9
1117,1117#1117@r0c0,1117,140,11,0.041603570574639356,C02B251843A1,417.6,105.4,2.61,79.8,93.6,10.46,,25100223,163,11,17,B线,2510,25,2025,10
1117,1117#1117@r0c0,1117,140,12,0.06294333306766557,C02B251843B1,631.8,103.2,2.57,78.6,92.9,10.23,,25100224,163,11,17,B线,2510,25,2025,10
1117,1117#1117@r0c0,1117,140,13,0.05184506256475651,C02B241302B2,520.4,216.0,6.38,73.1,89.2,12.21,,24090163,163,11,17,B线,2409,24,2024,9
1117,1117#1117@r0c0,1117,140,14,0.052721766159241255,C02B241374C2,529.2,105.7,2.61,84.3,95.0,14.93,,24100164,163,11,17,B线,2410,24,2024,10
1117,1117#1117@r0c0,1117,140,15,,C02B251844A1,0.0,98.0,2.54,76.9,91.9,10.41,,25100225,163,11,17,B线,2510,25,2025,10
1117,1117#1117@r0c0,1117,140,16,0.04919502669960947,C02B241272A1,493.8,210.7,4.61,89.2,96.6,13.73,,24090073,163,11,17,B线,2409,24,2024,9
1117,1117#1117@r0c0,1117,140,17,0.05413644695943253,C02A250834B1,543.4,107.6,2.87,81.6,96.9,11.52,,25040309,163,11,17,A线,2504,25,2025,4
1117,1117#1117@r0c0,1117,140,18,0.06366063600860764,C02B251724B1,639.0,93.4,2.35,82.5,95.2,10.21,,25100026,163,11,17,B线,2510,25,2025,10
1118,1118#1118@r0c0,1118,200,1,0.03196617670301881,C02A250331E3,323.6,242.3,5.27,87.2,97.2,,,25020302,164,11,18,A线,2502,25,2025,2
1118,1118#1118@r0c0,1118,200,2,0.019954164691006793,C02A250902B4,202.0,227.8,5.35,83.2,95.6,,,25040437,164,11,18,A线,2504,25,2025,4
1118,1118#1118@r0c0,1118,200,3,0.04707997471155366,C02B251861B1,476.6,236.2,4.66,91.0,98.1,,,25100246,164,11,18,B线,2510,25,2025,10
1118,1118#1118@r0c0,1118,200,4,0.05652362889204995,C02B251861C3,572.2,238.5,4.72,89.7,97.2,,,25100249,164,11,18,B线,2510,25,2025,10
1118,1118#1118@r0c0,1118,200,5,0.0302275960170697,C02A251162A3,306.0,213.5,4.77,87.2,97.6,,,25060053,164,11,18,A线,2506,25,2025,6
1118,1118#1118@r0c0,1118,200,6,0.027125810020546863,C02A251172B2,274.6,212.3,5.0,87.5,97.4,,,25060067,164,11,18,A线,2506,25,2025,6
1118,1118#1118@r0c0,1118,200,7,0.04447210368262999,C02A250923B2,450.2,174.6,4.8,80.2,94.3,,,25040483,164,11,18,A线,2504,25,2025,4
1118,1118#1118@r0c0,1118,200,8,0.06420894578789316,C02B251741C2,650.0,292.8,5.52,81.6,93.2,,,25100048,164,11,18,B线,2510,25,2025,10
1118,1118#1118@r0c0,1118,200,9,0.05842026236763078,C02B251852B1,591.4,211.7,4.75,75.5,89.0,,,25100238,164,11,18,B线,2510,25,2025,10
1118,1118#1118@r0c0,1118,200,10,0.04947052315473368,C02A250361C2,500.8,288.8,5.11,92.4,98.8,,,25020379,164,11,18,A线,2502,25,2025,2
1118,1118#1118@r0c0,1118,200,11,0.05664216848427374,C02B251803A2,573.4,150.7,3.58,67.0,85.7,,,25100152,164,11,18,B线,2510,25,2025,10
1118,1118#1118@r0c0,1118,200,12,0.025071123755334282,C02A250923A1,253.8,182.6,5.02,80.4,94.4,,,25040481,164,11,18,A线,2504,25,2025,4
1118,1118#1118@r0c0,1118,200,13,0.02479453137347874,C02A250922D1,251.0,200.8,5.63,82.6,95.4,,,25040480,164,11,18,A线,2504,25,2025,4
1118,1118#1118@r0c0,1118,200,14,0.05610874031926663,C02B251851E1,568.0,240.1,4.38,90.0,96.8,,,25100233,164,11,18,B线,2510,25,2025,10
1118,1118#1118@r0c0,1118,200,15,0.07106448553816974,C02B251791G2,719.4,192.1,3.99,73.9,90.2,,,25100133,164,11,18,B线,2510,25,2025,10
1118,1118#1118@r0c0,1118,200,16,0.05314525051367156,C02A251132A1,538.0,210.9,5.63,71.7,88.7,,,25060015,164,11,18,A线,2506,25,2025,6
1118,1118#1118@r0c0,1118,200,17,0.04522285443338075,C02B251851E2,457.8,239.2,4.41,89.8,96.7,,,25100234,164,11,18,B线,2510,25,2025,10
1118,1118#1118@r0c0,1118,200,18,0.05059664928085981,C02A250913A1,512.2,188.1,4.8,76.4,92.8,,,25040461,164,11,18,A线,2504,25,2025,4
1118,1118#1118@r0c0,1118,200,19,0.029792950845582426,C02A241921B3,301.6,270.2,5.19,90.8,98.3,,,24120559,164,11,18,A线,2412,24,2024,12
1118,1118#1118@r0c0,1118,200,20,0.06964201043148412,C02A251132A2,705.0,211.6,5.63,72.2,89.2,,,25060016,164,11,18,A线,2506,25,2025,6
1118,1118#1118@r0c0,1118,200,21,0.03394183657341552,C02A250923B1,343.6,173.4,4.75,80.3,94.3,,,25040482,164,11,18,A线,2504,25,2025,4
1118,1118#1118@r0c0,1118,200,22,0.028627311522048362,C02A250922C1,289.8,205.0,5.6,82.8,95.5,,,25040479,164,11,18,A线,2504,25,2025,4
1118,1118#1118@r0c0,1118,200,23,0.025900900900900897,C02A250922A3,262.2,214.4,5.57,86.1,96.4,,,25040477,164,11,18,A线,2504,25,2025,4
1119,1119#1119@r0c0,1119,240,1,0.05309277326286089,C02B251751E1,534.4,286.0,5.05,87.7,96.4,,,25100063,165,11,19,B线,2510,25,2025,10
1119,1119#1119@r0c0,1119,240,2,0.0509666779263616,C02A241921C1,513.0,260.7,5.16,92.1,98.7,,,24120560,165,11,19,A线,2412,24,2024,12
1119,1119#1119@r0c0,1119,240,3,0.05066862717825422,C02A250871B1,510.0,279.4,4.66,90.9,98.1,,,25040369,165,11,19,A线,2504,25,2025,4
1119,1119#1119@r0c0,1119,240,4,0.05019174598128241,C02A241911B3,505.2,273.4,5.19,89.1,97.5,,,24120531,165,11,19,A线,2412,24,2024,12
1119,1119#1119@r0c0,1119,240,5,0.056629642140401774,C02B251741D1,570.0,285.4,5.38,80.4,92.8,,,25100049,165,11,19,B线,2510,25,2025,10
1119,1119#1119@r0c0,1119,240,6,0.052437061617024654,C02B241231B1,527.8,260.3,4.69,89.4,96.8,,,24070285,165,11,19,B线,2407,24,2024,7
1119,1119#1119@r0c0,1119,240,7,0.05309277326286089,C02A250151E2,534.4,287.2,5.05,93.2,99.2,,,25010404,165,11,19,A线,2501,25,2025,1
1119,1119#1119@r0c0,1119,240,8,0.01740616368947086,C02B241241H2,175.2,166.4,3.03,87.3,95.0,,,24090008,165,11,19,B线,2409,24,2024,9
1119,1119#1119@r0c0,1119,240,9,0.048165000894152245,C02B241242A2,484.8,112.6,2.48,82.6,93.3,,,24090010,165,11,19,B线,2409,24,2024,9
1119,1119#1119@r0c0,1119,240,10,0.04927772368708646,C02A250161C1,496.0,285.6,5.24,91.0,98.5,,,25010427,165,11,19,A线,2501,25,2025,1
1119,1119#1119@r0c0,1119,240,11,0.04983408508355357,C02A250161C2,501.6,285.6,5.27,90.9,98.6,,,25010428,165,11,19,A线,2501,25,2025,1
1119,1119#1119@r0c0,1119,240,12,0.04798617044528782,C02A250301D3,483.0,282.6,5.16,92.0,98.8,,,25020212,165,11,19,A线,2502,25,2025,2
1119,1119#1119@r0c0,1119,240,13,0.053927315357561546,C02B241251C1,542.8,271.2,4.57,93.3,97.9,,,24090020,165,11,19,B线,2409,24,2024,9
1119,1119#1119@r0c0,1119,240,14,0.04800604049516164,C02A241581C2,483.2,286.5,4.29,90.6,98.2,,,24110336,165,11,19,A线,2411,24,2024,11
1119,1119#1119@r0c0,1119,240,15,0.035209728376418226,C02A250341B3,354.4,280.0,5.05,91.4,98.5,,,25020321,165,11,19,A线,2502,25,2025,2
1119,1119#1119@r0c0,1119,240,16,0.04901941303872673,C02A250361B3,493.4,281.7,5.0,92.1,98.6,,,25020377,165,11,19,A线,2502,25,2025,2
1119,1119#1119@r0c0,1119,240,17,0.04963538458481531,C02A250361C3,499.6,284.2,5.13,92.4,98.9,,,25020380,165,11,19,A线,2502,25,2025,2
1119,1119#1119@r0c0,1119,240,18,0.0489995429888529,C02A250361C1,493.2,286.2,5.11,92.3,98.8,,,25020378,165,11,19,A线,2502,25,2025,2
1119,1119#1119@r0c0,1119,240,19,0.03834919625648261,C02A250561D1,386.0,282.4,5.0,89.8,97.8,,,25030279,165,11,19,A线,2503,25,2025,3
1119,1119#1119@r0c0,1119,240,20,0.04256164682973354,C02B251711F2,428.4,250.7,5.22,80.8,93.4,,,25100002,165,11,19,B线,2510,25,2025,10
1119,1119#1119@r0c0,1119,240,21,0.05454328690365013,C02B241282A1,549.0,240.8,6.09,92.1,97.7,,,24090099,165,11,19,B线,2409,24,2024,9
1120-21,1120-21#1120@r0c0,1120,200,1,0.0387606078547464,C02A250021E2,392.8,260.5,5.55,88.2,97.0,11.76,,25010045,166,11,20,A线,2501,25,2025,1
1120-21,1120-21#1120@r0c0,1120,200,2,0.029504637852772846,C02A250151G1,299.0,272.9,5.68,90.1,98.1,11.57,,25010409,166,11,20,A线,2501,25,2025,1
1120-21,1120-21#1120@r0c0,1120,200,3,0.04732583382672193,C02A250091C3,479.6,276.7,5.44,90.7,98.7,10.95,,25010237,166,11,20,A线,2501,25,2025,1
1120-21,1120-21#1120@r0c0,1120,200,4,0.030234852970199327,C02A250311B3,306.4,274.0,5.41,89.5,97.6,11.1,,25020235,166,11,20,A线,2502,25,2025,2
1120-21,1120-21#1120@r0c0,1120,200,5,0.05158871126899545,C02A250363A2,522.8,202.8,5.79,68.5,89.8,10.54,,25020394,166,11,20,A线,2502,25,2025,2
1120-21,1120-21#1120@r0c0,1120,200,6,0.05257548845470692,C02A250311B1,532.8,273.9,5.33,88.3,97.2,11.42,,25020233,166,11,20,A线,2502,25,2025,2
1120-21,1120-21#1120@r0c0,1120,200,7,0.05198342214328004,C02A250903A2,526.8,179.6,4.46,72.3,91.1,11.24,,25040439,166,11,20,A线,2504,25,2025,4
1120-21,1120-21#1120@r0c0,1120,200,8,0.05261495954213539,C02A250081C1,533.2,274.5,5.35,88.9,97.5,10.98,,25010208,166,11,20,A线,2501,25,2025,1
1120-21,1120-21#1120@r0c0,1120,200,9,0.049062561673574104,C02A251143A2,497.2,177.4,4.17,83.6,96.3,11.41,,25060029,166,11,20,A线,2506,25,2025,6
1120-21,1120-21#1120@r0c0,1120,200,10,0.05237813301756463,C02A250101D2,530.8,277.4,5.02,90.3,97.7,10.97,,25010263,166,11,20,A线,2501,25,2025,1
1120-21,1120-21#1120@r0c0,1120,200,11,0.05083876060785475,C02A250903A1,515.2,189.9,4.61,74.8,92.6,11.18,,25040438,166,11,20,A线,2504,25,2025,4
1120-21,1120-21#1120@r0c0,1120,200,12,0.05004933885928557,C02A250401C1,507.2,275.2,5.11,90.5,98.4,11.71,,25030010,166,11,20,A线,2503,25,2025,3
1120-21,1120-21#1120@r0c0,1120,200,13,0.04349713834616144,C02A251143A3,440.8,180.7,4.2,83.5,96.2,11.35,,25060030,166,11,20,A线,2506,25,2025,6
1120-21,1120-21#1120@r0c0,1120,200,14,0.07562660351292678,C02A250421D1,766.4,257.7,5.08,90.8,98.6,11.54,,25030048,166,11,20,A线,2503,25,2025,3
1120-21,1120-21#1120@r0c0,1120,200,15,0.08044207617919874,C02A251153A1,815.2,181.1,4.43,80.1,95.4,10.99,,25060041,166,11,20,A线,2506,25,2025,6
1120-21,1120-21#1120@r0c0,1120,200,16,0.052239984211565026,C02A250561E1,529.4,263.5,5.22,86.2,96.8,11.07,,25030280,166,11,20,A线,2503,25,2025,3
1120-21,1120-21#1120@r0c0,1120,200,17,0.08760607854746398,C02A251163A1,887.8,171.5,4.11,81.3,95.5,11.37,,25060054,166,11,20,A线,2506,25,2025,6
1120-21,1120-21#1120@r0c0,1120,200,18,0.05233866193013617,C02A250081E3,530.4,258.1,5.22,87.9,97.0,11.28,,25010213,166,11,20,A线,2501,25,2025,1
1120-21,1120-21#1120@r0c0,1120,200,19,0.051332149200710483,C02A250363B1,520.2,190.6,5.57,68.5,89.9,11.01,,25020395,166,11,20,A线,2502,25,2025,2
1120-21,1120-21#1121@r0c9,1121,200,1,0.04211419996840941,C02A250021D2,426.6,272.9,5.35,90.5,97.8,11.94,,25010043,166,11,20,A线,2501,25,2025,1
1120-21,1120-21#1121@r0c9,1121,200,2,0.05190728163007423,C02A250021D1,525.8,274.1,5.33,90.4,97.8,11.94,,25010042,166,11,20,A线,2501,25,2025,1
1120-21,1120-21#1121@r0c9,1121,200,3,0.049755172958458375,C02A250031E1,504.0,265.5,5.38,90.7,98.4,11.15,,25010069,166,11,20,A线,2501,25,2025,1
1120-21,1120-21#1121@r0c9,1121,200,4,0.02663481282577792,C02A250081C2,269.8,272.8,5.33,89.3,97.7,10.94,,25010209,166,11,20,A线,2501,25,2025,1
1120-21,1120-21#1121@r0c9,1121,200,5,0.0581859105986416,C02A251183B1,589.4,155.2,4.2,91.4,96.2,11.72,,25060082,166,11,20,A线,2506,25,2025,6
1120-21,1120-21#1121@r0c9,1121,200,6,0.05064365818985942,C02A250131D1,513.0,278.2,5.05,90.4,98.0,10.95,,25010348,166,11,20,A线,2501,25,2025,1
1120-21,1120-21#1121@r0c9,1121,200,7,0.197441162533565,20250715,2000.0,208.0,4.89,82.9,96.0,11.5,,,166,11,20,其他,,,,
1120-21,1120-21#1121@r0c9,1121,200,8,0.023870636550308008,C02A241921A1,241.8,281.0,5.38,89.7,97.8,11.43,,24120556,166,11,20,A线,2412,24,2024,12
1120-21,1120-21#1121@r0c9,1121,200,9,0.02548965408308324,C02A250903A3,258.2,179.0,4.43,72.7,90.9,11.04,,25040440,166,11,20,A线,2504,25,2025,4
1120-21,1120-21#1121@r0c9,1121,200,10,0.023890380666561364,C02A250913B1,242.0,170.2,4.34,75.2,92.3,11.41,,25040462,166,11,20,A线,2504,25,2025,4
1120-21,1120-21#1121@r0c9,1121,200,11,0.04920233770336439,C02A250331D1,498.4,265.9,5.3,92.0,98.8,11.5,,25020297,166,11,20,A线,2502,25,2025,2
1120-21,1120-21#1121@r0c9,1121,200,12,0.2961617438003475,20250715,3000.0,208.0,4.89,82.9,96.0,11.5,,,166,11,20,其他,,,,
1120-21,1120-21#1121@r0c9,1121,200,13,0.04803743484441637,C02A250341E1,486.6,260.8,5.19,86.9,96.8,11.32,,25020328,166,11,20,A线,2502,25,2025,2
1120-21,1120-21#1121@r0c9,1121,200,14,0.028767177381140416,C02A250191B1,291.4,276.5,5.11,90.3,98.3,11.62,,25010508,166,11,20,A线,2501,25,2025,1
1120-21,1120-21#1121@r0c9,1121,200,15,0.027898436265992737,C02A241911A1,282.6,275.4,4.97,89.1,97.4,11.72,,24120528,166,11,20,A线,2412,24,2024,12
1122,1122#1122@r0c0,1122,240,1,0.04957862119328162,C02A250181C1,502.4,278.3,5.0,92.1,98.6,,,25010484,167,11,22,A线,2501,25,2025,1
1122,1122#1122@r0c0,1122,240,2,0.027315609765725227,C02A250181D2,276.8,269.6,5.16,91.4,98.3,,,25010487,167,11,22,A线,2501,25,2025,1
1122,1122#1122@r0c0,1122,240,3,0.0486115222926165,C02A250161C3,492.6,277.6,5.22,90.9,98.7,,,25010429,167,11,22,A线,2501,25,2025,1
1122,1122#1122@r0c0,1122,240,4,0.0497365148913494,C02A250271D3,504.0,259.4,5.16,91.0,98.7,,,25020124,167,11,22,A线,2502,25,2025,2
1122,1122#1122@r0c0,1122,240,5,0.028006394694771748,C02A241751C3,283.8,265.3,5.71,90.5,98.5,,,24120158,167,11,22,A线,2412,24,2024,12
1122,1122#1122@r0c0,1122,240,6,0.02607219689344149,C02A250041D3,264.2,267.4,5.11,88.2,97.4,,,25010097,167,11,22,A线,2501,25,2025,1
1122,1122#1122@r0c0,1122,240,7,0.01969723883395504,C02A251123A2,199.6,200.3,4.82,78.2,94.1,,,25060008,167,11,22,A线,2506,25,2025,6
1122,1122#1122@r0c0,1122,240,8,0.09179544871415321,C02A251131B1,930.2,261.4,4.86,87.7,96.8,,,25060011,167,11,22,A线,2506,25,2025,6
1122,1122#1122@r0c0,1122,240,9,0.03870369273886356,C02A250121C2,392.2,264.4,5.08,91.6,98.8,,,25010317,167,11,22,A线,2501,25,2025,1
1122,1122#1122@r0c0,1122,240,10,0.020151183215899895,C02B251311A1,204.2,279.3,4.97,91.3,98.4,,,25060291,167,11,22,B线,2506,25,2025,6
1122,1122#1122@r0c0,1122,240,11,0.031124795231610318,C02A250081D1,315.4,266.7,5.22,89.6,98.0,,,25010210,167,11,22,A线,2501,25,2025,1
1122,1122#1122@r0c0,1122,240,12,0.021216965677857382,C02A250081A1,215.0,275.7,5.44,87.4,96.7,,,25010204,167,11,22,A线,2501,25,2025,1
1122,1122#1122@r0c0,1122,240,13,0.06051275978447511,C02A25189R05,613.2,200.6,4.08,87.8,96.4,,,25100319,167,11,22,A线,2510,25,2025,10
1122,1122#1122@r0c0,1122,240,14,0.05131545187202716,C02A250051E4,520.0,269.7,5.13,90.3,98.2,,,25010125,167,11,22,A线,2501,25,2025,1
1122,1122#1122@r0c0,1122,240,15,0.07105216413049914,C02A25189R12,720.0,213.1,4.03,85.7,95.0,,,25100326,167,11,22,A线,2510,25,2025,10
1122,1122#1122@r0c0,1122,240,16,0.05092071762685772,C02A250051E3,516.0,262.2,5.0,90.2,98.3,,,25010124,167,11,22,A线,2501,25,2025,1
1122,1122#1122@r0c0,1122,240,17,0.03011822290642825,C02A250101E1,305.2,277.6,5.02,90.4,97.8,,,25010264,167,11,22,A线,2501,25,2025,1
1122,1122#1122@r0c0,1122,240,18,0.061775909369017314,C02A25189R14,626.0,213.8,3.97,82.2,92.4,,,25100328,167,11,22,A线,2510,25,2025,10
1122,1122#1122@r0c0,1122,240,19,0.04906546667456135,C02A250151E3,497.2,286.5,5.19,92.6,99.0,,,25010405,167,11,22,A线,2501,25,2025,1
1122,1122#1122@r0c0,1122,240,20,0.04823652475970553,C02B251711D1,488.8,265.9,4.82,87.8,96.3,,,25090015,167,11,22,B线,2509,25,2025,9
1122,1122#1122@r0c0,1122,240,21,0.027335346477983698,C02A250101E2,277.0,272.2,5.08,90.1,97.3,,,25010265,167,11,22,A线,2501,25,2025,1
1122,1122#1122@r0c0,1122,240,22,0.048473365306807195,C02A250111C3,491.2,276.4,5.0,92.2,98.8,,,25010291,167,11,22,A线,2501,25,2025,1
1122,1122#1122@r0c0,1122,240,23,0.04918388694811218,C02A250121C1,498.4,266.1,5.08,91.1,98.5,,,25010316,167,11,22,A线,2501,25,2025,1
1123,1123#1123@r0c0,1123,240,1,0.019402866872574642,24LMB0981A1,196.0,272.7,5.13,89.0,97.3,,,24060203,168,11,23,LMB(外购/旧料),2406,,2024,6
1123,1123#1123@r0c0,1123,240,2,0.05003167814999604,C02B241251D1,505.4,267.6,4.82,90.3,96.4,,,24090022,168,11,23,B线,2409,24,2024,9
1123,1123#1123@r0c0,1123,240,3,0.05341728043082284,C02B241252A2,539.6,236.0,5.35,78.4,90.8,,,24090029,168,11,23,B线,2409,24,2024,9
1123,1123#1123@r0c0,1123,240,4,0.04828937990021383,C02A250191G1,487.8,268.8,4.8,90.7,98.2,,,25010519,168,11,23,A线,2501,25,2025,1
1123,1123#1123@r0c0,1123,240,5,0.04872495446265938,C02A250191C1,492.2,267.7,5.11,90.4,98.3,,,25010509,168,11,23,A线,2501,25,2025,1
1123,1123#1123@r0c0,1123,240,6,0.08325413795834323,C02B251781B1,841.0,244.3,4.77,91.4,98.5,,,25100110,168,11,23,B线,2510,25,2025,10
1123,1123#1123@r0c0,1123,240,7,0.05009107468123861,C02A241881E3,506.0,260.8,5.16,88.7,97.6,,,24120462,168,11,23,A线,2412,24,2024,12
1123,1123#1123@r0c0,1123,240,8,0.050982022649877244,C02A250241B3,515.0,265.0,4.8,92.2,99.1,,,25020034,168,11,23,A线,2502,25,2025,2
1123,1123#1123@r0c0,1123,240,9,0.05042765502494654,C02A250021C3,509.4,274.8,5.19,91.0,98.0,,,25010041,168,11,23,A线,2501,25,2025,1
1123,1123#1123@r0c0,1123,240,10,0.051496792587312906,C02A250241C2,520.2,263.4,4.82,92.6,99.2,,,25020036,168,11,23,A线,2502,25,2025,2
1123,1123#1123@r0c0,1123,240,11,0.04832897758770888,C02A250271G1,488.2,264.3,5.19,90.9,98.8,,,25020128,168,11,23,A线,2502,25,2025,2
1123,1123#1123@r0c0,1123,240,12,0.018690108497663737,C02B251321A1,188.8,257.3,4.8,89.2,97.2,,,25060301,168,11,23,B线,2506,25,2025,6
1123,1123#1123@r0c0,1123,240,13,0.05030886196246139,C02A250121B1,508.2,272.2,5.05,89.7,98.0,,,25010314,168,11,23,A线,2501,25,2025,1
1123,1123#1123@r0c0,1123,240,14,0.07333491724083313,C02A25189R13,740.8,209.1,3.94,83.9,93.9,,,25100327,168,11,23,A线,2510,25,2025,10
1123,1123#1123@r0c0,1123,240,15,0.050942424962382195,C02A250171D2,514.6,260.4,5.02,90.7,98.3,,,25010461,168,11,23,A线,2501,25,2025,1
1123,1123#1123@r0c0,1123,240,16,0.050011879306248515,C02A241941E2,505.2,261.6,5.19,89.9,98.1,,,24120627,168,11,23,A线,2412,24,2024,12
1123,1123#1123@r0c0,1123,240,17,0.028233151183970854,C02A25190R01,285.2,200.2,3.94,88.9,97.5,,,25100330,168,11,23,A线,2510,25,2025,10
1123,1123#1123@r0c0,1123,240,18,0.05119980993110003,C02A250311D1,517.2,275.5,5.16,90.2,97.7,,,25020239,168,11,23,A线,2502,25,2025,2
1123,1123#1123@r0c0,1123,240,19,0.04749742615031282,C02A250911C1,479.8,256.6,4.26,89.5,97.5,,,25040452,168,11,23,A线,2504,25,2025,4
1123,1123#1123@r0c0,1123,240,20,0.05155618911855547,C02A250341C1,520.8,279.5,5.02,92.2,98.9,,,25020322,168,11,23,A线,2502,25,2025,2
1123,1123#1123@r0c0,1123,240,21,0.023778411340777697,C02A250171D3,240.2,259.9,5.11,90.8,98.4,,,25010462,168,11,23,A线,2501,25,2025,1
1124,1124#1124@r0c0,1124,160,1,0.04705905644315099,C02A25189R02,475.4,199.0,3.94,87.8,96.8,10.56,,25100316,169,11,24,A线,2510,25,2025,10
1124,1124#1124@r0c0,1124,160,2,0.04955356259032686,C02A25189R03,500.6,200.9,3.97,87.5,96.8,10.64,,25100317,169,11,24,A线,2510,25,2025,10
1124,1124#1124@r0c0,1124,160,3,0.04838550018807784,C02A25189R09,488.8,194.6,4.08,87.6,96.1,11.68,,25100323,169,11,24,A线,2510,25,2025,10
1124,1124#1124@r0c0,1124,160,4,0.049038823226623895,C02A25190R02,495.4,200.3,3.97,86.9,96.0,10.87,,25100331,169,11,24,A线,2510,25,2025,10
1124,1124#1124@r0c0,1124,160,5,0.048326107184573655,C02A25190R04,488.2,201.9,3.89,88.2,96.8,11.77,,25100333,169,11,24,A线,2510,25,2025,10
1124,1124#1124@r0c0,1124,160,6,0.07277622696046405,C02B251803A1,735.2,156.9,3.65,66.9,85.4,10.39,,25100151,169,11,24,B线,2510,25,2025,10
1124,1124#1124@r0c0,1124,160,7,0.05452277721684385,C02B251822C1,550.8,232.4,4.57,83.3,94.3,10.79,,25100188,169,11,24,B线,2510,25,2025,10
1124,1124#1124@r0c0,1124,160,8,0.052582605769040405,C02B251804A2,531.2,133.1,3.24,67.0,85.6,11.66,,25100155,169,11,24,B线,2510,25,2025,10
1124,1124#1124@r0c0,1124,160,9,0.03813030824968818,C02B241273B1,385.2,198.8,5.52,77.4,90.9,13.21,,24090080,169,11,24,B线,2409,24,2024,9
1124,1124#1124@r0c0,1124,160,10,0.05151353170596503,C02A250793B1,520.4,112.5,3.03,77.9,95.2,13.63,,25040232,169,11,24,A线,2504,25,2025,4
1124,1124#1124@r0c0,1124,160,11,0.07422145671239927,C02B251822C2,749.8,230.8,4.57,82.5,93.9,10.92,,25100189,169,11,24,B线,2510,25,2025,10
1124,1124#1124@r0c0,1124,160,12,0.050840410999584244,C02A250684A1,513.6,112.9,3.06,75.4,93.6,12.23,,25040030,169,11,24,A线,2504,25,2025,4
1124,1124#1124@r0c0,1124,160,13,0.028330462671497296,C02A251081C1,286.2,233.2,4.32,89.8,98.9,11.8,,25050202,169,11,24,A线,2505,25,2025,5
1124,1124#1124@r0c0,1124,160,14,0.04892003721961553,C02B241284A2,494.2,137.7,3.67,83.4,94.1,14.73,,24090108,169,11,24,B线,2409,24,2024,9
1124,1124#1124@r0c0,1124,160,15,0.04272336718734533,C02B251771B2,431.6,234.3,4.66,90.1,98.2,11.38,,25100095,169,11,24,B线,2510,25,2025,10
1124,1124#1124@r0c0,1124,160,16,0.03826889192453129,C02A250624B1,386.6,125.1,3.24,77.7,94.7,11.94,,25030402,169,11,24,A线,2503,25,2025,3
1124,1124#1124@r0c0,1124,160,17,0.048642869869929314,C02B251801D2,491.4,231.1,4.32,86.5,96.1,11.01,,25100144,169,11,24,B线,2510,25,2025,10
1124,1124#1124@r0c0,1124,160,18,0.05190948506265961,C02A241934A4,524.4,112.4,3.06,66.0,86.8,13.49,,24120614,169,11,24,A线,2412,24,2024,12
1124,1124#1124@r0c0,1124,160,19,0.052444022094197296,C02B241262B1,529.8,210.4,5.52,77.7,90.7,12.19,,24090053,169,11,24,B线,2409,24,2024,9
1124,1124#1124@r0c0,1124,160,20,0.05181049672348597,C02A250273C1,523.4,123.6,3.49,58.2,85.5,12.68,,25020142,169,11,24,A线,2502,25,2025,2
1125,1125#1125@r0c0,1125,160,1,0.009387563349422735,20251109,90.32,254.0,5.02,86.2,96.0,12.23,,,170,11,25,其他,,,,
1125,1125#1125@r0c0,1125,160,2,0.012992088337885762,20251103,125.0,255.3,4.89,81.9,93.8,11.4,,,170,11,25,其他,,,,
1125,1125#1125@r0c0,1125,160,3,0.016463574341768837,20251119,158.4,256.4,4.77,89.1,97.3,12.04,,,170,11,25,其他,,,,
1125,1125#1125@r0c0,1125,160,4,0.015089531079154039,2511001,145.18,178.0,3.9,80.2,93.3,12.12,,,170,11,25,其他,,,,
1125,1125#1125@r0c0,1125,160,5,0.01456153260910236,2511002,140.1,178.4,3.85,81.9,94.2,12.24,,,170,11,25,其他,,,,
1125,1125#1125@r0c0,1125,160,6,0.03330132082766878,20251117,320.4,161.7,3.89,77.9,91.8,11.5,,,170,11,25,其他,,,,
1125,1125#1125@r0c0,1125,160,7,0.011406014193596667,20251111,109.74,174.9,3.93,80.0,94.1,11.8,,,170,11,25,其他,,,,
1125,1125#1125@r0c0,1125,160,8,0.02593220832241998,20251115,249.5,237.9,4.88,84.6,95.8,11.48,,,170,11,25,其他,,,,
1125,1125#1125@r0c0,1125,160,9,0.0643368214492103,C02B251884A1,619.0,122.8,3.06,77.7,92.6,10.81,,25100306,170,11,25,B线,2510,25,2025,10
1125,1125#1125@r0c0,1125,160,10,0.061883915171017455,C02B251884A2,595.4,122.5,3.06,77.9,92.9,10.84,,25100307,170,11,25,B线,2510,25,2025,10
1125,1125#1125@r0c0,1125,160,11,0.1621412624568143,20251113,1560.0,236.8,4.71,83.9,94.2,11.95,,,170,11,25,其他,,,,
1125,1125#1125@r0c0,1125,160,12,0.06473178093468201,C02B251884B1,622.8,121.8,3.12,77.8,92.5,11.34,,25100308,170,11,25,B线,2510,25,2025,10
1125,1125#1125@r0c0,1125,160,13,0.0685774390826962,C02B251884B2,659.8,121.9,3.12,77.4,92.1,11.83,,25100309,170,11,25,B线,2510,25,2025,10
1125,1125#1125@r0c0,1125,160,14,0.07265175798545717,C02B251852C1,699.0,149.0,3.43,76.3,90.0,11.73,,25100239,170,11,25,B线,2510,25,2025,10
1125,1125#1125@r0c0,1125,160,15,0.06441997081457275,C02B251711F1,619.8,247.3,5.16,81.2,93.4,13.97,,25100001,170,11,25,B线,2510,25,2025,10
1125,1125#1125@r0c0,1125,160,16,0.05417181153364847,C02B251852C2,521.2,136.1,3.24,76.5,90.4,11.94,,25100240,170,11,25,B线,2510,25,2025,10
1125,1125#1125@r0c0,1125,160,17,0.04109657383040024,C02B251852D1,395.4,112.0,2.67,77.2,90.9,11.21,,25100241,170,11,25,B线,2510,25,2025,10
1125,1125#1125@r0c0,1125,160,18,0.05982596837829636,C02B251861D1,575.6,240.0,4.77,87.9,96.1,12.34,,25100250,170,11,25,B线,2510,25,2025,10
1125,1125#1125@r0c0,1125,160,19,0.05267512295712403,C02B241253B1,506.8,169.6,4.08,69.1,86.7,11.78,,24090033,170,11,25,B线,2409,24,2024,9
1125,1125#1125@r0c0,1125,160,20,0.051677330572774405,C02A241884B2,497.2,135.3,3.43,54.2,80.9,11.34,,24120477,170,11,25,A线,2412,24,2024,12
1125,1125#1125@r0c0,1125,160,21,0.04267641177228715,C02A241941D2,410.6,259.7,4.97,90.2,97.9,12.39,,24120624,170,11,25,A线,2412,24,2024,12
1105,1105#05@r0c0,05,160,1,0.02927263730826324,C02B251772B2,295.8,169.2,3.91,66.0,86.9,9.78,,25100108,171,11,5,B线,2510,25,2025,10
1105,1105#05@r0c0,05,160,2,0.07036120732310737,C02B251801D1,711.0,227.6,4.2,86.3,95.8,11.23,,25100143,171,11,5,B线,2510,25,2025,10
1105,1105#05@r0c0,05,160,3,0.06664027709054923,C02B251802A1,673.4,217.1,4.23,83.2,94.1,11.74,,25100146,171,11,5,B线,2510,25,2025,10
1105,1105#05@r0c0,05,160,4,0.06931222167243939,C02B251771E1,700.4,233.0,4.55,84.3,95.7,10.86,,25100100,171,11,5,B线,2510,25,2025,10
1105,1105#05@r0c0,05,160,5,0.06325581395348838,C02B251823A2,639.2,124.5,2.74,79.7,93.3,11.09,,25100191,171,11,5,B线,2510,25,2025,10
1105,1105#05@r0c0,05,160,6,,C02B251831C1,0.0,237.1,4.46,87.6,96.4,11.23,,25100197,171,11,5,B线,2510,25,2025,10
1105,1105#05@r0c0,05,160,7,0.05025235032162296,C02B251832A1,507.8,243.9,4.75,80.0,91.9,11.21,,25100200,171,11,5,B线,2510,25,2025,10
1105,1105#05@r0c0,05,160,8,0.055279564571994066,C02B241274B1,558.6,104.0,3.06,76.7,90.2,14.55,,24090082,171,11,5,B线,2409,24,2024,9
1105,1105#05@r0c0,05,160,9,0.05933696190004948,C02B251812B1,599.6,239.7,4.55,81.2,93.0,10.85,,25100168,171,11,5,B线,2510,25,2025,10
1105,1105#05@r0c0,05,160,10,0.08843146956952004,C02B251814B1,893.6,123.0,2.93,73.4,89.6,11.16,,25100180,171,11,5,B线,2510,25,2025,10
1105,1105#05@r0c0,05,160,11,0.0546066303809995,C02B241274B2,551.8,103.6,3.06,76.9,90.4,14.55,,24090083,171,11,5,B线,2409,24,2024,9
1105,1105#05@r0c0,05,160,12,0.0584463137060861,C02B251811E1,590.6,238.7,4.41,88.3,96.7,11.44,,25100163,171,11,5,B线,2510,25,2025,10
1105,1105#05@r0c0,05,160,13,0.05013359722909451,C02B241264A2,506.6,123.3,3.21,74.3,89.1,14.21,,24090059,171,11,5,B线,2409,24,2024,9
1105,1105#05@r0c0,05,160,14,0.05688273132112815,C02B251812A1,574.8,233.5,4.41,85.0,95.2,10.89,,25100167,171,11,5,B线,2510,25,2025,10
1105,1105#05@r0c0,05,160,15,0.062107867392380015,C02B251701C1,627.6,264.1,4.97,81.8,94.6,12.93,,25090003,171,11,5,B线,2509,25,2025,9
1105,1105#05@r0c0,05,160,16,0.059732805541810985,C02B251814A1,603.6,127.5,2.96,73.4,89.5,11.09,,25100179,171,11,5,B线,2510,25,2025,10
1105,1105#05@r0c0,05,160,17,0.04748144482929243,C02B241254A3,479.8,121.0,2.9,73.5,89.3,11.75,,24090037,171,11,5,B线,2409,24,2024,9
1105,1105#05@r0c0,05,160,18,0.058466105888174164,C02B251861E2,590.8,244.2,4.63,83.5,93.7,11.87,,25100253,171,11,5,B线,2510,25,2025,10
1128,1128#1128@r0c0,1128,240,1,0.2978258711406731,2510003,3000.0,262.3,4.75,85.8,96.4,,,,172,11,28,其他,,,,
1128,1128#1128@r0c0,1128,240,2,0.051106919487739495,C02A241881D3,514.8,252.4,4.91,90.5,98.1,,,24120459,172,11,28,A线,2412,24,2024,12
1128,1128#1128@r0c0,1128,240,3,0.046917502233694036,C02A241931B1,472.6,263.9,4.97,87.6,95.8,,,24120587,172,11,28,A线,2412,24,2024,12
1128,1128#1128@r0c0,1128,240,4,0.04453489526456865,C02A241941C4,448.6,270.1,4.94,89.7,97.4,,,24120622,172,11,28,A线,2412,24,2024,12
1128,1128#1128@r0c0,1128,240,5,0.05082894867467487,C02A250111D2,512.0,277.0,4.97,92.2,98.8,,,25010293,172,11,28,A线,2501,25,2025,1
1128,1128#1128@r0c0,1128,240,6,0.04894271815745061,C02A250111D3,493.0,279.9,4.97,92.0,98.7,,,25010294,172,11,28,A线,2501,25,2025,1
1128,1128#1128@r0c0,1128,240,7,0.04977663059664449,C02A250191C2,501.4,268.4,5.08,90.9,98.6,,,25010510,172,11,28,A线,2501,25,2025,1
1128,1128#1128@r0c0,1128,240,8,0.02082795592177107,C02A250191A1,209.8,269.9,5.08,91.0,98.7,,,25010507,172,11,28,A线,2501,25,2025,1
1128,1128#1128@r0c0,1128,240,9,0.050769383500446734,C02A250191C3,511.4,273.3,5.0,90.5,98.4,,,25010511,172,11,28,A线,2501,25,2025,1
1128,1128#1128@r0c0,1128,240,10,0.006254343293954135,C02A250912B2,63.0,227.8,4.61,84.8,96.4,,,25040458,172,11,28,A线,2504,25,2025,4
1128,1128#1128@r0c0,1128,240,11,0.04479301101955723,C02A250912B1,451.2,228.9,4.69,84.3,96.2,,,25040457,172,11,28,A线,2504,25,2025,4
1128,1128#1128@r0c0,1128,240,12,0.08351037426784474,C02A251152A1,841.2,235.1,4.61,84.3,96.7,,,25060038,172,11,28,A线,2506,25,2025,6
1128,1128#1128@r0c0,1128,240,13,0.051126774545815545,C02A250341C3,515.0,279.9,5.0,92.0,98.7,,,25020324,172,11,28,A线,2502,25,2025,2
1128,1128#1128@r0c0,1128,240,14,0.052377643204606375,C02A250341D3,527.6,272.4,5.13,90.8,98.1,,,25020327,172,11,28,A线,2502,25,2025,2
1128,1128#1128@r0c0,1128,240,15,0.0520798173334657,C02A250271C2,524.6,258.0,4.8,91.4,99.0,,,25020120,172,11,28,A线,2502,25,2025,2
1128,1128#1128@r0c0,1128,240,16,0.04832721135709322,C02A250271D2,486.8,261.5,5.08,91.4,98.9,,,25020123,172,11,28,A线,2502,25,2025,2
1129,1129#1129@r0c0,1129,140,1,0.08242315493836792,C02B241241H1,422.6,164.7,3.06,87.5,95.1,,,24090007,173,11,29,B线,2409,24,2024,9
1129,1129#1129@r0c0,1129,140,2,0.057263223591824,C02A250923C1,293.6,152.7,4.06,77.2,93.2,,,25040484,173,11,29,A线,2504,25,2025,4
1129,1129#1129@r0c0,1129,140,3,0.016422218754875956,C02A251133A2,84.2,157.8,4.23,74.7,90.3,,,25060018,173,11,29,A线,2506,25,2025,6
1129,1129#1129@r0c0,1129,140,4,0.13984240911218598,C02A251163A2,717.0,169.0,4.08,81.7,95.6,,,25060055,173,11,29,A线,2506,25,2025,6
1129,1129#1129@r0c0,1129,140,5,0.04177718832891247,C02A250893A1,214.2,191.3,4.17,80.6,95.0,,,25040417,173,11,29,A线,2504,25,2025,4
1129,1129#1129@r0c0,1129,140,6,0.07029177718832891,C02A250324B1,360.4,119.7,2.99,64.4,88.7,,,25020285,173,11,29,A线,2502,25,2025,2
1129,1129#1129@r0c0,1129,140,7,0.06806834139491341,C02B241242A3,349.0,111.3,2.48,82.7,93.4,,,24090011,173,11,29,B线,2409,24,2024,9
1129,1129#1129@r0c0,1129,140,8,0.16749882977063504,C02A251161B2,858.8,232.2,4.52,89.5,98.1,,,25060049,173,11,29,A线,2506,25,2025,6
1129,1129#1129@r0c0,1129,140,9,0.08507567483226712,C02A251134A3,436.2,129.5,3.46,78.4,95.1,,,25060021,173,11,29,A线,2506,25,2025,6
1129,1129#1129@r0c0,1129,140,10,0.09400842565142768,C02A250924A2,482.0,120.9,3.09,75.7,92.8,,,25040486,173,11,29,A线,2504,25,2025,4
1129,1129#1129@r0c0,1129,140,11,0.08269620845685755,C02A250892B1,424.0,206.0,4.26,81.8,95.4,,,25040416,173,11,29,A线,2504,25,2025,4
1129,1129#1129@r0c0,1129,140,12,0.09463254797940396,C02A250564A1,485.2,124.4,3.34,71.5,92.6,,,25030289,173,11,29,A线,2503,25,2025,3
JK1201,JK1201#12001@r0c0,12001,,1,0.049535358338782226,20250411,500.0,242.4,4.84,90.9,96.6,,,20250710,174,12,1,其他,2025,,2020,25
JK1201,JK1201#12001@r0c0,12001,,2,0.3467475083714756,20250710,3500.0,245.1,4.9,81.1,94.2,,,25010290,174,12,1,其他,2501,,2025,1
JK1201,JK1201#12001@r0c0,12001,,3,0.050882720085597105,C02A250221B1,513.6,282.3,4.72,91.2,98.7,,,25010595,174,12,1,A线,2501,25,2025,1
JK1201,JK1201#12001@r0c0,12001,,4,0.031009134320077673,C02A250261B2,313.0,283.6,4.69,91.1,98.8,,,25020090,174,12,1,A线,2502,25,2025,2
JK1201,JK1201#12001@r0c0,12001,,5,0.04943628762210466,C02A250291C2,499.0,283.0,4.72,92.0,99.1,,,25020180,174,12,1,A线,2502,25,2025,2
JK1201,JK1201#12001@r0c0,12001,,6,0.048841863322039276,C02A250301C3,493.0,281.1,4.97,91.8,99.1,,,25020209,174,12,1,A线,2502,25,2025,2
JK1201,JK1201#12001@r0c0,12001,,7,0.04690007727515901,C02A250301C1,473.4,284.9,4.89,91.6,99.0,,,25020207,174,12,1,A线,2502,25,2025,2
JK1201,JK1201#12001@r0c0,12001,,8,0.04997126949216351,C02A250341C2,504.4,280.3,4.97,91.8,98.5,,,25020323,174,12,1,A线,2502,25,2025,2
JK1201,JK1201#12001@r0c0,12001,,9,0.050744021082248514,C02A250341D1,512.2,282.2,4.97,92.4,98.8,,,25020325,174,12,1,A线,2502,25,2025,2
JK1201,JK1201#12001@r0c0,12001,,10,0.04256077988468169,C02A250151C2,429.6,286.8,4.86,91.9,99.1,,,25010400,174,12,1,A线,2501,25,2025,1
JK1201,JK1201#12001@r0c0,12001,,11,0.025679129762824705,C02A250181A1,259.2,281.1,4.86,91.7,98.5,,,25010480,174,12,1,A线,2501,25,2025,1
JK1201,JK1201#12001@r0c0,12001,,12,0.0725395787513127,C02A250441B1,732.2,285.8,4.86,91.3,98.6,,,25030078,174,12,1,A线,2503,25,2025,3
JK1201,JK1201#12001@r0c0,12001,,13,0.04759357229190196,C02A250361B2,480.4,280.8,4.94,91.5,98.6,,,25020376,174,12,1,A线,2502,25,2025,2
JK1201,JK1201#12001@r0c0,12001,,14,0.05224989597574749,C02B251721B2,527.4,291.4,4.82,83.4,94.8,,,25100014,174,12,1,B线,2510,25,2025,10
JK1201,JK1201#12001@r0c0,12001,,15,0.03530880342388397,C02A250351E1,356.4,283.0,4.8,89.2,97.9,,,25020355,174,12,1,A线,2502,25,2025,2
JK1201,JK1201#12002@r0c9,12002,,1,0.34833495889647487,20250710,3500.0,245.1,4.9,81.1,94.2,,,,174,12,1,其他,,,,
JK1201,JK1201#12002@r0c9,12002,,2,0.05300662831664644,C02A250111C2,532.6,281.7,4.97,92.1,98.7,,,25010290,174,12,1,A线,2501,25,2025,1
JK1201,JK1201#12002@r0c9,12002,,3,0.05236967296323574,C02A250111C1,526.2,285.5,4.97,92.1,98.7,,,25010289,174,12,1,A线,2501,25,2025,1
JK1201,JK1201#12002@r0c9,12002,,4,0.044427635900396105,C02A250151D1,446.4,280.3,4.8,91.8,99.0,,,25010401,174,12,1,A线,2501,25,2025,1
JK1201,JK1201#12002@r0c9,12002,,5,0.02428392284878282,C02A250291A1,244.0,280.0,4.66,84.7,95.6,,,25020176,174,12,1,A线,2502,25,2025,2
JK1201,JK1201#12002@r0c9,12002,,6,0.04339258345110373,C02A250301B2,436.0,285.8,4.75,88.6,97.6,,,25020206,174,12,1,A线,2502,25,2025,2
JK1201,JK1201#12002@r0c9,12002,,7,0.023268775254284522,C02A250301A1,233.8,286.6,4.8,87.9,97.3,,,25020204,174,12,1,A线,2502,25,2025,2
JK1201,JK1201#12002@r0c9,12002,,8,0.05159338362626645,C02A250301B1,518.4,288.8,4.77,88.4,97.5,,,25020205,174,12,1,A线,2502,25,2025,2
JK1201,JK1201#12002@r0c9,12002,,9,0.047612412667449595,C02A250371B3,478.4,280.3,4.8,90.7,98.4,,,25020409,174,12,1,A线,2502,25,2025,2
JK1201,JK1201#12002@r0c9,12002,,10,0.06031171002607536,C02B251721B1,606.0,294.3,4.8,88.1,96.8,,,25100013,174,12,1,B线,2510,25,2025,10
JK1201,JK1201#12002@r0c9,12002,,11,0.06642250044785923,C02B251751C1,667.4,289.4,4.89,88.2,96.6,,,25100061,174,12,1,B线,2510,25,2025,10
JK1201,JK1201#12002@r0c9,12002,,12,0.05891837019048946,C02B251921C1,592.0,282.0,4.82,92.0,98.4,,,25110003,174,12,1,B线,2511,25,2025,11
JK1201,JK1201#12002@r0c9,12002,,13,0.026533171440514345,C02B251921C2,266.6,282.5,4.89,92.5,98.9,,,25110004,174,12,1,B线,2511,25,2025,11
JK1201,JK1201#12002@r0c9,12002,,14,0.09952427397042139,20250604,1000.0,245.0,4.91,80.5,93.7,,,,174,12,1,其他,,,,
JK1201,JK1201#12003@r34c0,12003,,1,0.3976143141153082,2510003,2000.0,262.3,4.75,85.8,96.4,,,,174,12,1,其他,,,,
JK1201,JK1201#12003@r34c0,12003,,2,0.10107355864811132,C02A250061C1,508.4,271.0,4.94,92.0,99.0,,,25010151,174,12,1,A线,2501,25,2025,1
JK1201,JK1201#12003@r34c0,12003,,3,0.1056858846918489,C02A250131B1,531.6,268.3,4.89,89.8,97.4,,,25010343,174,12,1,A线,2501,25,2025,1
JK1201,JK1201#12003@r34c0,12003,,4,0.10473161033797215,C02A250131C3,526.8,274.7,4.89,91.1,98.3,,,25010347,174,12,1,A线,2501,25,2025,1
JK1201,JK1201#12003@r34c0,12003,,5,0.10226640159045725,C02A250131C2,514.4,270.4,4.97,90.7,98.1,,,25010346,174,12,1,A线,2501,25,2025,1
JK1201,JK1201#12003@r34c0,12003,,6,0.09976143141153082,C02A250181C2,501.8,273.5,5.02,91.7,98.4,,,25010485,174,12,1,A线,2501,25,2025,1
JK1201,JK1201#12003@r34c0,12003,,7,0.08886679920477138,C02A250361D1,447.0,277.7,5.08,91.4,98.4,,,25020381,174,12,1,A线,2502,25,2025,2
1202,1202#1202@r0c0,1202,,1,0.3988433542726094,20250909,4000.0,205.9,4.87,85.5,97.3,,,,175,12,2,其他,,,,
1202,1202#1202@r0c0,1202,,2,0.055000498554192846,C02B251942A1,551.6,227.7,5.33,80.5,93.5,,,25110041,175,12,2,B线,2511,25,2025,11
1202,1202#1202@r0c0,1202,,3,0.05280686010569349,C02B251942A2,529.6,220.5,5.16,80.1,93.4,,,25110042,175,12,2,B线,2511,25,2025,11
1202,1202#1202@r0c0,1202,,4,0.059387775451191546,C02B251932A2,595.6,222.5,5.24,88.2,97.1,,,25110023,175,12,2,B线,2511,25,2025,11
1202,1202#1202@r0c0,1202,,5,0.05886927909063715,C02B251932B1,590.4,215.9,5.11,88.3,97.4,,,25110024,175,12,2,B线,2511,25,2025,11
1202,1202#1202@r0c0,1202,,6,0.02026124239704856,C02B251932C1,203.2,189.7,4.52,89.9,98.4,,,25110025,175,12,2,B线,2511,25,2025,11
1202,1202#1202@r0c0,1202,,7,0.055419284076179076,C02B251933A1,555.8,179.3,4.26,90.0,98.6,,,25110026,175,12,2,B线,2511,25,2025,11
1202,1202#1202@r0c0,1202,,8,0.05262738059627081,C02B251933A2,527.8,180.9,4.34,89.9,98.6,,,25110027,175,12,2,B线,2511,25,2025,11
1202,1202#1202@r0c0,1202,,9,0.044929703858809455,C02B251952B1,450.6,191.1,4.26,75.3,90.7,,,25110061,175,12,2,B线,2511,25,2025,11
1202,1202#1202@r0c0,1202,,10,0.025605743344301525,C02B251953A1,256.8,185.0,4.17,74.6,90.5,,,25110062,175,12,2,B线,2511,25,2025,11
1202,1202#1202@r0c0,1202,,11,0.060364941669159435,C02B251953B1,605.4,183.8,4.2,74.2,90.0,,,25110063,175,12,2,B线,2511,25,2025,11
1202,1202#1202@r0c0,1202,,12,0.058849336922923524,C02B251922B1,590.2,264.2,5.66,85.8,96.4,,,25110010,175,12,2,B线,2511,25,2025,11
1202,1202#1202@r0c0,1202,,13,0.05703459966098315,C02B251922B2,572.0,259.8,5.66,85.8,96.3,,,25110011,175,12,2,B线,2511,25,2025,11
1203,1203#1203@r0c0,1203,,1,0.05156544996853366,C02B251991D2,524.4,258.2,5.44,84.4,94.9,,,25120058,176,12,3,B线,2512,25,2025,12
1203,1203#1203@r0c0,1203,,2,0.04904814348646948,C02B251982A1,498.8,247.1,5.3,76.7,91.2,,,25120040,176,12,3,B线,2512,25,2025,12
1203,1203#1203@r0c0,1203,,3,0.04210588420390182,C02B251982A2,428.2,241.0,5.24,75.8,90.6,,,25120041,176,12,3,B线,2512,25,2025,12
1203,1203#1203@r0c0,1203,,4,0.05370909376966646,C02B251972A1,546.2,236.1,5.13,79.6,91.9,,,25120019,176,12,3,B线,2512,25,2025,12
1203,1203#1203@r0c0,1203,,5,0.04834015103838892,C02B251992C1,491.6,199.0,5.16,70.0,88.1,,,25120062,176,12,3,B线,2512,25,2025,12
1203,1203#1203@r0c0,1203,,6,0.03600928256765261,C02B251992C2,366.2,154.1,3.73,81.1,94.0,,,25120063,176,12,3,B线,2512,25,2025,12
1203,1203#1203@r0c0,1203,,7,0.19666456891126494,20250909,2000.0,205.9,4.87,85.5,97.3,,,,176,12,3,其他,,,,
1203,1203#1203@r0c0,1203,,8,0.05770138451856513,C02B251991D1,586.8,259.0,5.44,84.5,95.1,,,25120057,176,12,3,B线,2512,25,2025,12
1203,1203#1203@r0c0,1203,,9,0.05237177470106986,C02B252003A1,532.6,191.8,4.46,80.3,93.2,,,25120084,176,12,3,B线,2512,25,2025,12
1203,1203#1203@r0c0,1203,,10,0.05044446192573946,C02B251992B1,513.0,211.7,5.27,72.7,89.3,,,25120061,176,12,3,B线,2512,25,2025,12
1203,1203#1203@r0c0,1203,,11,0.19666456891126494,20250909,2000.0,205.9,4.87,85.5,97.3,,,,176,12,3,其他,,,,
1203,1203#1203@r0c0,1203,,12,0.05254877281308999,C02B251973A2,534.4,166.8,3.99,82.0,94.2,,,25120023,176,12,3,B线,2512,25,2025,12
1203,1203#1203@r0c0,1203,,13,0.05966803020767778,C02B251992A1,606.8,242.3,5.81,78.6,92.9,,,25120060,176,12,3,B线,2512,25,2025,12
1203,1203#1203@r0c0,1203,,14,0.053158432976714916,C02B251993A1,540.6,143.6,3.43,83.6,95.0,,,25120064,176,12,3,B线,2512,25,2025,12
1204,1204#1204@r0c0,1204,160,1,0.10407130811852566,C02B241254B1,432.0,105.3,2.41,74.7,89.4,11.01,,24090038,177,12,4,B线,2409,24,2024,9
1204,1204#1204@r0c0,1204,160,2,0.481811611659841,20250909,2000.0,205.9,4.87,85.5,97.3,12.13,,,177,12,4,其他,,,,
1204,1204#1204@r0c0,1204,160,3,0.17316309323054685,C02A25190R09,718.8,196.2,3.67,88.4,97.4,11.97,,25100338,177,12,4,A线,2510,25,2025,10
1204,1204#1204@r0c0,1204,160,4,0.136352686099735,C02B251834A2,566.0,102.2,2.35,72.9,89.3,11.17,,25100208,177,12,4,B线,2510,25,2025,10
1204,1204#1204@r0c0,1204,160,5,0.10460130089135147,C02B251974D1,434.2,179.1,3.77,84.2,95.5,9.89,,25120030,177,12,4,B线,2512,25,2025,12
1205-8,1205-8#1208@r0c0,1208,,1,0.5231880910544707,YH4,5300.0,214.9,4.65,81.8,94.3,,,25100339,178,12,5,其他,2510,,2025,10
1205-8,1205-8#1208@r0c0,1208,,2,0.048172790270675794,C02B241264A1,488.0,123.6,3.28,74.0,89.0,,,24090058,178,12,5,B线,2409,24,2024,9
1205-8,1205-8#1208@r0c0,1208,,3,0.043335768296775976,C02B241264B1,439.0,114.5,3.09,73.3,88.6,,,24090061,178,12,5,B线,2409,24,2024,9
1205-8,1205-8#1208@r0c0,1208,,4,0.042052476752680104,C02B241264C2,426.0,105.7,2.9,72.2,87.6,,,24090064,178,12,5,B线,2409,24,2024,9
1205-8,1205-8#1208@r0c0,1208,,5,0.04564569307614854,C02B241304B4,462.4,103.0,2.77,87.6,96.1,,,24090171,178,12,5,B线,2409,24,2024,9
1205-8,1205-8#1208@r0c0,1208,,6,0.05071963041203529,C02A250604C1,513.8,131.9,3.49,81.1,96.3,,,25030362,178,12,5,A线,2503,25,2025,3
1205-8,1205-8#1208@r0c0,1208,,7,0.03472784347791751,C02A250904A2,351.8,103.2,2.8,75.3,94.8,,,25040442,178,12,5,A线,2504,25,2025,4
1205-8,1205-8#1208@r0c0,1208,,8,0.049712740123590844,C02A250924A1,503.6,119.7,3.09,76.3,93.3,,,25040485,178,12,5,A线,2504,25,2025,4
1205-8,1205-8#1208@r0c0,1208,,9,0.07662237665593967,C02A251064B1,776.2,103.1,2.93,80.8,96.2,,,25050183,178,12,5,A线,2505,25,2025,5
1205-8,1205-8#1208@r0c0,1208,,10,0.036248050384000315,C02A251084B2,367.2,101.0,2.7,79.4,95.9,,,25050212,178,12,5,A线,2505,25,2025,5
1205-8,1205-8#1208@r0c0,1208,,11,0.04957453949576513,C02A251484C2,502.2,101.4,2.8,77.8,95.8,,,25070186,178,12,5,A线,2507,25,2025,7
1205-8,1205-8#1205@r0c9,1205,,1,0.5163176759102056,C02A25190R10,547.4,196.8,3.7,88.7,97.9,,,25100339,178,12,5,A线,2510,25,2025,10
1205-8,1205-8#1205@r0c9,1205,,2,0.20996038483305035,C02B251972A3,222.6,175.9,4.17,81.9,93.8,,,25120021,178,12,5,B线,2512,25,2025,12
1205-8,1205-8#1205@r0c9,1205,,3,0.273721939256744,C02B252003A2,290.2,188.2,4.41,80.3,93.3,,,25120085,178,12,5,B线,2512,25,2025,12
1205-8,1205-8#1206@r0c18,1206,,1,0.49694387849601784,C02B251942B1,536.6,169.1,3.85,83.5,95.3,,,25110043,178,12,5,B线,2511,25,2025,11
1205-8,1205-8#1206@r0c18,1206,,2,0.25689942581959624,C02B251994A1,277.4,163.6,3.67,83.5,94.9,,,25120067,178,12,5,B线,2512,25,2025,12
1205-8,1205-8#1206@r0c18,1206,,3,0.24615669568438603,C02B251964B2,265.8,156.1,3.49,80.9,93.9,,,25120011,178,12,5,B线,2512,25,2025,12
1209粉,1209粉#1209粉@r0c0,1209粉,240,1,0.19854202401372212,C02B251781A1,277.8,253.5,4.82,91.0,97.9,,,25100109,179,12,9,B线,2510,25,2025,10
1209粉,1209粉#1209粉@r0c0,1209粉,240,2,0.09491137793024586,C02B251921D1,132.8,276.2,4.94,92.6,98.9,,,25110005,179,12,9,B线,2511,25,2025,11
1209粉,1209粉#1209粉@r0c0,1209粉,240,3,0.3653516295025729,C02B252012A1,511.2,264.2,4.91,82.6,94.0,,,25120100,179,12,9,B线,2512,25,2025,12
1209粉,1209粉#1209粉@r0c0,1209粉,240,4,0.3411949685534591,C02B251961F1,477.4,254.4,4.91,86.8,95.9,,,25110077,179,12,9,B线,2511,25,2025,11
Sheet15,Sheet15#None@r0c0,,,1,0.05712284913965586,C02B252004A2,571.0,141.6,3.53,80.4,94.1,,,25120088,180,,,B线,2512,25,2025,12
Sheet15,Sheet15#None@r0c0,,,2,0.05094037615046018,C02B241241E1,509.2,211.2,3.73,89.2,95.9,,,24090005,180,,,B线,2409,24,2024,9
Sheet15,Sheet15#None@r0c0,,,3,0.05434173669467787,C02B241264C1,543.2,104.6,2.83,72.3,87.7,,,24090063,180,,,B线,2409,24,2024,9
Sheet15,Sheet15#None@r0c0,,,4,0.047939175670268105,C02B241284A1,479.2,140.2,3.79,83.1,93.8,,,24090107,180,,,B线,2409,24,2024,9
Sheet15,Sheet15#None@r0c0,,,5,,C02A250893B3,0.0,143.9,3.53,81.5,96.6,,,25040420,180,,,A线,2504,25,2025,4
Sheet15,Sheet15#None@r0c0,,,6,0.08961584633853541,C02A251134A1,895.8,130.4,3.43,77.3,94.2,,,25060019,180,,,A线,2506,25,2025,6
Sheet15,Sheet15#None@r0c0,,,7,0.08695478191276511,C02A251143A1,869.2,176.5,4.17,83.6,96.3,,,25060028,180,,,A线,2506,25,2025,6
Sheet15,Sheet15#None@r0c0,,,8,0.08781512605042016,C02A251171D1,877.8,232.3,4.52,91.9,99.2,,,25060063,180,,,A线,2506,25,2025,6
Sheet15,Sheet15#None@r0c0,,,9,0.06362545018007203,C02A251174C1,636.0,102.4,3.28,76.0,95.3,,,25060072,180,,,A线,2506,25,2025,6
Sheet15,Sheet15#None@r0c0,,,10,0.05086034413765506,C02A251184A1,508.4,125.8,3.49,80.1,96.2,,,25060083,180,,,A线,2506,25,2025,6
Sheet15,Sheet15#None@r0c0,,,11,0.050660264105642255,C02A251182B1,506.4,226.8,4.55,96.5,97.6,,,25060079,180,,,A线,2506,25,2025,6
Sheet15,Sheet15#None@r0c0,,,12,0.017527010804321726,C02A251182B2,175.2,228.7,4.57,96.0,97.2,,,25060080,180,,,A线,2506,25,2025,6
Sheet15,Sheet15#None@r0c0,,,13,0.0697078831532613,C02B251324B2,696.8,138.5,3.34,82.0,95.8,,,25060310,180,,,B线,2506,25,2025,6
Sheet15,Sheet15#None@r0c0,,,14,0.08325330132052822,C02B251334A1,832.2,133.8,2.9,73.8,90.6,,,25060323,180,,,B线,2506,25,2025,6
Sheet15,Sheet15#None@r0c0,,,15,0.07120848339335734,C02A25190R07,711.8,192.7,3.67,87.7,97.1,,,25100336,180,,,A线,2510,25,2025,10
Sheet15,Sheet15#None@r0c0,,,16,0.06488595438175271,C02A25191R04,648.6,187.8,3.85,86.7,96.4,,,25100348,180,,,A线,2510,25,2025,10
Sheet15,Sheet15#None@r0c0,,,17,0.05354141656662666,C02A25191R05,535.2,185.8,3.82,86.0,95.9,,,25100349,180,,,A线,2510,25,2025,10
1211,1211#1211@r0c0,1211,120,1,0.09496236247828604,C02A250894A3,492.0,124.8,3.34,84.1,97.6,,,25040423,181,12,11,A线,2504,25,2025,4
1211,1211#1211@r0c0,1211,120,2,0.10125458405713184,C02A250894A2,524.6,126.4,3.34,84.3,97.9,,,25040422,181,12,11,A线,2504,25,2025,4
1211,1211#1211@r0c0,1211,120,3,0.098050569388149,C02A250894A1,508.0,129.2,3.34,83.9,97.3,,,25040421,181,12,11,A线,2504,25,2025,4
1211,1211#1211@r0c0,1211,120,4,0.061455317506272915,C02A25190R14,318.4,186.1,3.61,86.0,95.7,,,25100343,181,12,11,A线,2510,25,2025,10
1211,1211#1211@r0c0,1211,120,5,0.07473460721868365,C02A250894B1,387.2,109.2,2.99,81.1,96.8,,,25040424,181,12,11,A线,2504,25,2025,4
1211,1211#1211@r0c0,1211,120,6,0.13449141092453193,C02A250904A1,696.8,122.7,3.18,75.1,94.4,,,25040441,181,12,11,A线,2504,25,2025,4
1211,1211#1211@r0c0,1211,120,7,0.13626712989770315,C02A25191R08,706.0,173.2,3.82,85.7,95.4,,,25100352,181,12,11,A线,2510,25,2025,10
1211,1211#1211@r0c0,1211,120,8,0.1016020073344914,C02A250914A2,526.4,125.7,3.12,78.3,94.9,,,25040464,181,12,11,A线,2504,25,2025,4
1211,1211#1211@r0c0,1211,120,9,0.09940165991121405,C02B251953B2,515.0,179.3,4.15,74.9,90.7,,,25110064,181,12,11,B线,2511,25,2025,11
1211,1211#1211@r0c0,1211,120,10,0.097780351283536,C02A250914A1,506.6,126.8,3.18,78.1,94.8,,,25040463,181,12,11,A线,2504,25,2025,4
1212,1212#1212@r0c0,1212,220,1,0.005787105852508076,20241142,58.4,258.4,4.54,80.4,94.4,,,,182,12,12,其他,,,,
1212,1212#1212@r0c0,1212,220,2,0.01333808985869156,20241143,134.6,260.2,4.58,80.3,94.3,,,,182,12,12,其他,,,,
1212,1212#1212@r0c0,1212,220,3,0.009909427829637118,YP24071802,100.0,197.0,4.5,80.0,94.0,,,,182,12,12,其他,,,,
1212,1212#1212@r0c0,1212,220,4,0.006936599480745982,20251121,70.0,222.7,4.94,85.2,96.5,,,,182,12,12,其他,,,,
1212,1212#1212@r0c0,1212,220,5,0.03052103771528232,20251123,308.0,253.1,4.8,88.9,97.3,,,,182,12,12,其他,,,,
1212,1212#1212@r0c0,1212,220,6,0.007808629129754048,20251125,78.8,180.8,3.99,78.6,92.3,,,,182,12,12,其他,,,,
1212,1212#1212@r0c0,1212,220,7,0.01137602314842341,20251128,114.8,254.5,4.81,88.8,97.8,,,,182,12,12,其他,,,,
1212,1212#1212@r0c0,1212,220,8,0.0374576371960283,C02A241881C1,378.0,268.9,4.97,89.0,97.4,,,24120456,182,12,12,A线,2412,24,2024,12
1212,1212#1212@r0c0,1212,220,9,0.03521810650653031,C02A250021B2,355.4,283.8,5.19,90.8,98.0,,,25010038,182,12,12,A线,2501,25,2025,1
1212,1212#1212@r0c0,1212,220,10,0.06009077035891948,C02B251921E1,606.4,278.1,5.11,91.9,98.7,,,25110006,182,12,12,B线,2511,25,2025,11
1212,1212#1212@r0c0,1212,220,11,0.04869492835483679,C02A250924B1,491.4,119.3,3.09,79.3,95.1,,,25040487,182,12,12,A线,2504,25,2025,4
1212,1212#1212@r0c0,1212,220,12,0.019224289989496008,C02B241262B2,194.0,197.5,5.24,77.8,90.9,,,24090054,182,12,12,B线,2409,24,2024,9
1212,1212#1212@r0c0,1212,220,13,0.05170739441504647,C02B241302B1,521.8,217.6,6.48,72.5,88.6,,,24090162,182,12,12,B线,2409,24,2024,9
1212,1212#1212@r0c0,1212,220,14,0.05464058505261906,C02B251923A1,551.4,259.4,5.19,87.3,96.9,,,25110013,182,12,12,B线,2511,25,2025,11
1212,1212#1212@r0c0,1212,220,15,0.020869255009215767,C02B251923A2,210.6,258.8,5.11,87.6,96.9,,,25110014,182,12,12,B线,2511,25,2025,11
1212,1212#1212@r0c0,1212,220,16,0.019541391680044394,C02B251931A1,197.2,292.9,5.11,93.2,98.8,,,25110015,182,12,12,B线,2511,25,2025,11
1212,1212#1212@r0c0,1212,220,17,,C02A250924B2,0.0,119.3,3.12,79.0,95.0,,,25040488,182,12,12,A线,2504,25,2025,4
1212,1212#1212@r0c0,1212,220,18,0.05590899181481262,C02B251934B1,564.2,216.3,4.17,89.5,98.0,,,25110031,182,12,12,B线,2511,25,2025,11
1212,1212#1212@r0c0,1212,220,19,0.05846562419485899,C02B251931B1,590.0,287.4,5.11,93.1,98.8,,,25110016,182,12,12,B线,2511,25,2025,11
1212,1212#1212@r0c0,1212,220,20,0.05618645579404245,C02B251931B2,567.0,286.7,5.16,92.6,98.5,,,25110017,182,12,12,B线,2511,25,2025,11
1212,1212#1212@r0c0,1212,220,21,0.03894405137047387,C02B251934C1,393.0,220.2,4.15,89.6,98.0,,,25110032,182,12,12,B线,2511,25,2025,11
1212,1212#1212@r0c0,1212,220,22,0.052619061775373094,C02A250162B2,531.0,253.1,5.41,88.3,97.6,,,25010435,182,12,12,A线,2501,25,2025,1
1212,1212#1212@r0c0,1212,220,23,0.04851655865390333,C02B251941D1,489.6,266.3,5.57,84.6,95.2,,,25110038,182,12,12,B线,2511,25,2025,11
1212,1212#1212@r0c0,1212,220,24,0.05646391977327229,C02B251811F1,569.8,237.8,4.41,88.3,96.7,,,25100165,182,12,12,B线,2510,25,2025,10
1212,1212#1212@r0c0,1212,220,25,0.055314426145034394,C02B251971D1,558.2,274.0,5.24,88.8,96.6,,,25120016,182,12,12,B线,2512,25,2025,12
1212,1212#1212@r0c0,1212,220,26,0.05442257764036705,C02B251971D2,549.2,274.7,5.24,89.1,96.9,,,25120017,182,12,12,B线,2512,25,2025,12
1212,1212#1212@r0c0,1212,220,27,0.042491626533483956,C02B251971D3,428.8,242.2,5.13,82.1,93.1,,,25120018,182,12,12,B线,2512,25,2025,12
1212,1212#1212@r0c0,1212,220,28,0.04754543472659889,C02B241384B1,479.8,113.8,2.93,92.4,98.5,,,24100183,182,12,12,B线,2410,24,2024,10
1213,1213#1213@r0c0,1213,220,1,0.8846947803007962,20250604,9000.0,245.0,4.91,80.5,93.7,,,,183,12,13,其他,,,,
1213,1213#1213@r0c0,1213,220,2,0.06727612307087388,C02B251771D1,684.4,232.3,4.61,87.3,97.1,,,25100098,183,12,13,B线,2510,25,2025,10
1213,1213#1213@r0c0,1213,220,3,0.048029096628329895,C02B251982B1,488.6,199.0,4.29,73.4,89.3,,,25120042,183,12,13,B线,2512,25,2025,12
1214,1214#1214@r0c0,1214,160,1,0.055768846230753844,C02B241221C1,557.8,264.0,4.41,88.6,96.9,11.48,,24070263,184,12,14,B线,2407,24,2024,7
1214,1214#1214@r0c0,1214,160,2,0.05152969406118776,C02B241254A1,515.4,121.2,2.93,73.6,89.5,11.71,,24090035,184,12,14,B线,2409,24,2024,9
1214,1214#1214@r0c0,1214,160,3,0.05138972205558888,C02B241254A2,514.0,120.2,2.87,73.6,89.3,11.54,,24090036,184,12,14,B线,2409,24,2024,9
1214,1214#1214@r0c0,1214,160,4,0.05152969406118776,C02B241284B2,515.4,118.3,2.93,79.7,92.4,12.82,,24090111,184,12,14,B线,2409,24,2024,9
1214,1214#1214@r0c0,1214,160,5,0.027494501099780043,2510003,275.0,173.4,3.94,79.0,94.0,12.63,,,184,12,14,其他,,,,
1214,1214#1214@r0c0,1214,160,6,0.002499500099980004,20240928,25.0,,,,,,,,184,12,14,其他,,,,
1214,1214#1214@r0c0,1214,160,7,0.011197760447910418,20240814,112.0,153.65,3.665,77.5,92.9,11.9,,,184,12,14,其他,,,,
1214,1214#1214@r0c0,1214,160,8,0.015896820635872826,20240818,159.0,108.4,2.95,77.5,93.0,12.14,,,184,12,14,其他,,,,
1214,1214#1214@r0c0,1214,160,9,0.008898220355928814,20240810,89.0,269.5,4.52,86.4,96.3,11.07,,,184,12,14,其他,,,,
1214,1214#1214@r0c0,1214,160,10,0.022495500899820036,20240822,225.0,105.6,2.89,75.0,91.4,13.06,,,184,12,14,其他,,,,
1214,1214#1214@r0c0,1214,160,11,0.01889622075584883,20241144,189.0,259.5,4.54,80.0,94.5,10.8,,,184,12,14,其他,,,,
1214,1214#1214@r0c0,1214,160,12,0.05268946210757849,20241127,527.0,183.3,3.94,78.9,93.9,11.6,,,184,12,14,其他,,,,
1214,1214#1214@r0c0,1214,160,13,0.01945610877824435,20241232,194.6,256.6,4.71,87.6,96.4,11.41,,,184,12,14,其他,,,,
1214,1214#1214@r0c0,1214,160,14,0.03669266146770646,20250501,367.0,178.3,4.06,79.7,95.1,11.505,,,184,12,14,其他,,,,
1214,1214#1214@r0c0,1214,160,15,0.008098380323935212,20251209,81.0,259.870826186,4.894978559,86.649885649,95.887650086,9.78,,,184,12,14,其他,,,,
1214,1214#1214@r0c0,1214,160,16,0.01749650069986003,20251204,175.0,181.4,3.94,84.1,96.1,12.0,,,184,12,14,其他,,,,
1214,1214#1214@r0c0,1214,160,17,0.001899620075984803,20251206,19.0,174.9,3.89,83.0,94.8,11.34,,,184,12,14,其他,,,,
1214,1214#1214@r0c0,1214,160,18,0.013597280543891222,20251208,136.0,176.2,3.99,80.1,94.2,13.27,,,184,12,14,其他,,,,
1214,1214#1214@r0c0,1214,160,19,0.29994001199760045,20250806,3000.0,240.0,4.81,86.0,96.8,11.4,,,184,12,14,其他,,,,
1214,1214#1214@r0c0,1214,160,20,0.05560887822435513,C02B252014D1,556.2,138.0,3.34,79.0,94.3,11.63,,25120112,184,12,14,B线,2512,25,2025,12
1214,1214#1214@r0c0,1214,160,21,0.05644871025794841,C02B252014D2,564.6,137.1,3.31,79.0,94.3,11.64,,25120113,184,12,14,B线,2512,25,2025,12
1214,1214#1214@r0c0,1214,160,22,0.042431513697260545,C02B252014E1,424.4,132.5,3.24,78.9,94.5,11.51,,25120114,184,12,14,B线,2512,25,2025,12
1214,1214#1214@r0c0,1214,160,23,0.021595680863827234,C02B252014E2,216.0,131.4,3.28,78.5,94.0,11.53,,25120115,184,12,14,B线,2512,25,2025,12
1214,1214#1214@r0c0,1214,160,24,0.03111377724455109,C02A250834C1,311.2,110.7,2.8,81.7,96.8,12.27,,25040312,184,12,14,A线,2504,25,2025,4
1214,1214#1214@r0c0,1214,160,25,0.025334933013397322,C02A250964C2,253.4,108.0,2.93,76.0,93.8,14.16,,25050008,184,12,14,A线,2505,25,2025,5
1215,1215#1215@r0c0,1215,200,1,0.05317283163265306,C02B252002A1,533.6,264.4,5.79,84.0,94.7,,,25120081,185,12,15,B线,2512,25,2025,12
1215,1215#1215@r0c0,1215,200,2,0.01881377551020408,C02B252002A3,188.8,195.9,4.57,80.2,93.1,,,25120083,185,12,15,B线,2512,25,2025,12
1215,1215#1215@r0c0,1215,200,3,0.02891820790816326,C02B252003A2,290.2,188.2,4.41,80.3,93.3,,,25120085,185,12,15,B线,2512,25,2025,12
1215,1215#1215@r0c0,1215,200,4,0.028858418367346938,C02B251981D2,289.6,255.7,5.38,77.6,91.3,,,25120039,185,12,15,B线,2512,25,2025,12
1215,1215#1215@r0c0,1215,200,5,0.05259486607142856,C02B252002A2,527.8,265.6,5.9,84.1,94.9,,,25120082,185,12,15,B线,2512,25,2025,12
1215,1215#1215@r0c0,1215,200,6,0.048967633928571425,C02B252012B1,491.4,209.3,4.55,77.0,90.4,,,25120102,185,12,15,B线,2512,25,2025,12
1215,1215#1215@r0c0,1215,200,7,0.0510204081632653,C02B252012B2,512.0,205.0,4.52,77.1,91.0,,,25120103,185,12,15,B线,2512,25,2025,12
1215,1215#1215@r0c0,1215,200,8,0.04001913265306122,C02B251941E1,401.6,241.8,5.38,81.9,93.9,,,25110040,185,12,15,B线,2511,25,2025,11
1215,1215#1215@r0c0,1215,200,9,0.049545599489795915,C02B252012B3,497.2,195.4,4.43,77.8,91.6,,,25120104,185,12,15,B线,2512,25,2025,12
1215,1215#1215@r0c0,1215,200,10,0.04185267857142857,C02B252001C2,420.0,277.5,5.44,89.2,96.5,,,25120078,185,12,15,B线,2512,25,2025,12
1215,1215#1215@r0c0,1215,200,11,0.051279496173469385,C02B252013A1,514.6,185.8,4.2,78.4,92.3,,,25120105,185,12,15,B线,2512,25,2025,12
1215,1215#1215@r0c0,1215,200,12,0.05173788265306122,C02B252013A2,519.2,185.7,4.2,78.8,92.5,,,25120106,185,12,15,B线,2512,25,2025,12
1215,1215#1215@r0c0,1215,200,13,0.05317283163265306,C02B251981C3,533.6,268.6,5.24,84.0,94.5,,,25120036,185,12,15,B线,2512,25,2025,12
1215,1215#1215@r0c0,1215,200,14,0.02965561224489796,C02B252014A1,297.6,175.1,4.17,79.6,93.2,,,25120108,185,12,15,B线,2512,25,2025,12
1215,1215#1215@r0c0,1215,200,15,0.01642219387755102,C02B252013A3,164.8,181.7,4.2,79.0,92.9,,,25120107,185,12,15,B线,2512,25,2025,12
1215,1215#1215@r0c0,1215,200,16,0.021763392857142856,C02B251971A1,218.4,294.4,5.0,91.9,98.1,,,25120012,185,12,15,B线,2512,25,2025,12
1215,1215#1215@r0c0,1215,200,17,0.021324936224489794,C02B251941A1,214.0,297.0,5.27,91.5,98.1,,,25110033,185,12,15,B线,2511,25,2025,11
1215,1215#1215@r0c0,1215,200,18,0.058175223214285705,C02B251841B2,583.8,255.0,4.49,93.8,99.3,,,25100211,185,12,15,B线,2510,25,2025,10
1215,1215#1215@r0c0,1215,200,19,0.041334502551020405,C02B251981C4,414.8,264.5,5.3,82.0,93.6,,,25120037,185,12,15,B线,2512,25,2025,12
1215,1215#1215@r0c0,1215,200,20,0.06122448979591836,C02B252014B1,614.4,170.9,4.11,80.0,93.6,,,25120109,185,12,15,B线,2512,25,2025,12
1215,1215#1215@r0c0,1215,200,21,0.04970503826530612,C02B251981D1,498.8,258.3,5.41,78.0,91.4,,,25120038,185,12,15,B线,2512,25,2025,12
1215,1215#1215@r0c0,1215,200,22,0.0545280612244898,C02B252014B2,547.2,162.1,3.91,79.9,93.5,,,25120110,185,12,15,B线,2512,25,2025,12
1215,1215#1215@r0c0,1215,200,23,0.07591278698979591,C02B251313A1,761.8,242.6,5.66,74.8,91.7,,,25060299,185,12,15,B线,2506,25,2025,6
1216,1216#1216@r0c0,1216,240,1,0.5992569214174424,20250806,6000.0,240.0,4.81,86.0,96.8,,,,186,12,16,其他,,,,
1216,1216#1216@r0c0,1216,240,2,0.04897926571051896,C02A241831D1,490.4,285.4,4.89,88.1,97.5,,,24120331,186,12,16,A线,2412,24,2024,12
1216,1216#1216@r0c0,1216,240,3,0.017937757181095443,C02B251721A1,179.6,300.0,4.82,88.4,96.8,,,25100012,186,12,16,B线,2510,25,2025,10
1216,1216#1216@r0c0,1216,240,4,0.04116895050137829,C02B251921F1,412.2,281.2,5.27,91.6,98.5,,,25110008,186,12,16,B线,2511,25,2025,11
1216,1216#1216@r0c0,1216,240,5,0.054692181694698576,C02B251981B1,547.6,285.4,4.86,92.4,98.5,,,25120032,186,12,16,B线,2512,25,2025,12
1216,1216#1216@r0c0,1216,240,6,0.022412208861012348,C02B251991A1,224.4,285.6,4.82,91.3,97.6,,,25120051,186,12,16,B线,2512,25,2025,12
1216,1216#1216@r0c0,1216,240,7,0.05720906076465183,C02B252001B1,572.8,295.3,4.82,93.4,98.9,,,25120074,186,12,16,B线,2512,25,2025,12
1216,1216#1216@r0c0,1216,240,8,0.05656985338180656,C02B252001B2,566.4,296.9,4.86,93.5,98.9,,,25120075,186,12,16,B线,2512,25,2025,12
1216,1216#1216@r0c0,1216,240,9,0.046302584794854384,C02B252001B3,463.6,295.1,4.89,93.4,98.9,,,25120076,186,12,16,B线,2512,25,2025,12
1216,1216#1216@r0c0,1216,240,10,0.05547121569254125,C02B251962A1,555.4,250.0,4.94,86.4,95.8,,,25120001,186,12,16,B线,2512,25,2025,12
1217,1217#1217@r0c0,1217,160,1,0.04961056552658314,C02B251994B1,527.4,179.1,3.85,83.2,94.5,10.78,,25120068,187,12,17,B线,2512,25,2025,12
1217,1217#1217@r0c0,1217,160,2,0.0472024682996576,C02B251994B2,501.8,180.4,3.82,83.3,94.6,10.67,,25120069,187,12,17,B线,2512,25,2025,12
1217,1217#1217@r0c0,1217,160,3,0.051077999774240886,C02B251994B3,543.0,183.9,3.82,83.3,94.5,10.88,,25120070,187,12,17,B线,2512,25,2025,12
1217,1217#1217@r0c0,1217,160,4,0.046826203107950486,C02B251994C1,497.8,193.7,3.77,84.1,94.8,10.84,,25120071,187,12,17,B线,2512,25,2025,12
1217,1217#1217@r0c0,1217,160,5,0.007939195545020131,C02B251994C2,84.4,196.8,3.8,84.3,94.9,11.08,,25120072,187,12,17,B线,2512,25,2025,12
1217,1217#1217@r0c0,1217,160,6,0.04791737216390112,C02B241304B3,509.4,102.8,2.77,87.7,96.2,14.62,,24090170,187,12,17,B线,2409,24,2024,9
1217,1217#1217@r0c0,1217,160,7,0.05429506716333673,C02B252004A1,577.2,142.0,3.49,80.0,93.7,11.39,,25120087,187,12,17,B线,2512,25,2025,12
1217,1217#1217@r0c0,1217,160,8,0.0458855401286827,C02A25202R02,487.8,222.5,4.72,90.8,98.4,12.2,,25120117,187,12,17,A线,2512,25,2025,12
1217,1217#1217@r0c0,1217,160,9,0.04697670918463333,C02B241304B1,499.4,108.3,2.87,87.2,95.8,14.5,,24090168,187,12,17,B线,2409,24,2024,9
1217,1217#1217@r0c0,1217,160,10,0.04518944952402453,C02A25202R06,480.4,227.2,4.66,91.7,98.4,11.99,,25120121,187,12,17,A线,2512,25,2025,12
1217,1217#1217@r0c0,1217,160,11,0.04887684840275427,C02B241304B2,519.6,106.5,2.83,87.4,95.9,14.48,,24090169,187,12,17,B线,2409,24,2024,9
1217,1217#1217@r0c0,1217,160,12,0.048688715806900706,C02A25202R10,517.6,222.3,4.69,89.6,97.3,11.88,,25120125,187,12,17,A线,2512,25,2025,12
1217,1217#1217@r0c0,1217,160,13,0.04900854121985176,C02B252004B1,521.0,144.1,3.4,78.8,93.3,11.33,,25120089,187,12,17,B线,2512,25,2025,12
1217,1217#1217@r0c0,1217,160,14,0.04293185837378184,C02A25202R14,456.4,225.7,4.69,89.5,97.0,11.17,,25120129,187,12,17,A线,2512,25,2025,12
1217,1217#1217@r0c0,1217,160,15,0.03393912029198179,C02B252004B2,360.8,142.1,3.36,78.6,93.2,11.33,,25120090,187,12,17,B线,2512,25,2025,12
1217,1217#1217@r0c0,1217,160,16,0.06580878202957445,C02A25202R18,699.6,224.3,4.55,82.8,93.4,11.93,,25120133,187,12,17,A线,2512,25,2025,12
1217,1217#1217@r0c0,1217,160,17,0.034315385483688905,C02B252004C1,364.8,146.3,3.36,78.9,93.3,11.35,,25120091,187,12,17,B线,2512,25,2025,12
1217,1217#1217@r0c0,1217,160,18,0.059337020732212066,C02A25202R19,630.8,220.1,4.52,82.5,93.2,11.49,,25120134,187,12,17,A线,2512,25,2025,12
1217,1217#1217@r0c0,1217,160,19,0.05389998871204425,C02B251993A2,573.0,145.9,3.49,83.6,95.1,11.01,,25120065,187,12,17,B线,2512,25,2025,12
1217,1217#1217@r0c0,1217,160,20,0.05358016329909321,C02B251831C1,569.6,237.1,4.46,87.6,96.4,11.23,,25100197,187,12,17,B线,2510,25,2025,10
1217,1217#1217@r0c0,1217,160,21,0.06669300523008617,20251125,709.0,180.0,3.99,78.6,92.3,11.6,,,187,12,17,其他,,,,
1218,1218#1218@r0c0,1218,140,1,0.026736908817238374,20241222,270.0,112.8,2.82,73.2,92.4,12.5,,,188,12,18,其他,,,,
1218,1218#1218@r0c0,1218,140,2,0.009902558821199399,20250301,100.0,179.3,4.11,78.4,93.8,11.23,,,188,12,18,其他,,,,
1218,1218#1218@r0c0,1218,140,3,0.009902558821199399,20240212,100.0,165.4,3.58,73.1,90.3,11.51,,,188,12,18,其他,,,,
1218,1218#1218@r0c0,1218,140,4,0.003961023528479759,20251212,40.0,237.0,4.8,87.0,96.4,11.24,,,188,12,18,其他,,,,
1218,1218#1218@r0c0,1218,140,5,0.011486968232591302,20251213,116.0,241.7,4.86,81.5,94.7,11.66,,,188,12,18,其他,,,,
1218,1218#1218@r0c0,1218,140,6,0.009110354115503446,20251211,92.0,137.0,3.38,80.9,95.4,12.18,,,188,12,18,其他,,,,
1218,1218#1218@r0c0,1218,140,7,0.09902558821199399,20250806,1000.0,240.0,4.81,86.0,96.8,11.38,,,188,12,18,其他,,,,
1218,1218#1218@r0c0,1218,140,8,0.05159233145844887,C02B251942B2,521.0,168.3,3.82,84.1,95.6,11.38,,25110044,188,12,18,B线,2511,25,2025,11
1218,1218#1218@r0c0,1218,140,9,0.0509387625762497,C02B251974C2,514.4,159.8,3.53,84.7,96.0,10.97,,25120029,188,12,18,B线,2512,25,2025,12
1218,1218#1218@r0c0,1218,140,10,0.05388972510496713,24LMB0604B3,544.2,92.1,3.06,73.3,92.8,12.31,,24040375,188,12,18,LMB(外购/旧料),2404,,2024,4
1218,1218#1218@r0c0,1218,140,11,0.05539491404578943,24LMB0704F1,559.4,90.2,2.9,61.8,86.5,11.13,,24050093,188,12,18,LMB(外购/旧料),2405,,2024,5
1218,1218#1218@r0c0,1218,140,12,0.042264121048879034,C02A25202R07,426.8,225.2,4.69,91.6,98.4,11.96,,25120122,188,12,18,A线,2512,25,2025,12
1218,1218#1218@r0c0,1218,140,13,0.049195912223718614,C02A250094B2,496.8,98.1,2.54,59.1,81.8,11.43,,25010255,188,12,18,A线,2501,25,2025,1
1218,1218#1218@r0c0,1218,140,14,0.060029311574110754,C02B251834A1,606.2,100.9,2.31,73.0,89.4,11.61,,25100207,188,12,18,B线,2510,25,2025,10
1218,1218#1218@r0c0,1218,140,15,0.04749267210647232,C02A25202R04,479.6,229.0,4.75,91.4,98.7,11.79,,25120119,188,12,18,A线,2512,25,2025,12
1218,1218#1218@r0c0,1218,140,16,0.05331537669333756,C02B251974A1,538.4,119.8,2.99,83.5,96.2,11.88,,25120025,188,12,18,B线,2512,25,2025,12
1218,1218#1218@r0c0,1218,140,17,0.028618394993266263,C02A25202R11,289.0,226.6,4.72,89.3,97.0,10.68,,25120126,188,12,18,A线,2512,25,2025,12
1218,1218#1218@r0c0,1218,140,18,0.05200823892893924,C02A250734B1,525.2,112.3,2.93,79.6,96.1,11.73,,25040120,188,12,18,A线,2504,25,2025,4
1218,1218#1218@r0c0,1218,140,19,0.03963004040243999,C02A25202R08,400.2,225.5,4.66,91.0,97.8,11.54,,25120123,188,12,18,A线,2512,25,2025,12
1218,1218#1218@r0c0,1218,140,20,0.05448387863423909,C02B252014C1,550.2,159.5,3.89,79.5,93.2,12.04,,25120111,188,12,18,B线,2512,25,2025,12
1218,1218#1218@r0c0,1218,140,21,0.0559890675750614,24LMB0824G1,565.4,95.9,3.03,60.5,84.8,12.76,,24050386,188,12,18,LMB(外购/旧料),2405,,2024,5
1218,1218#1218@r0c0,1218,140,22,0.050443634635189735,C02A25202R09,509.4,223.4,4.69,90.1,97.9,11.77,,25120124,188,12,18,A线,2512,25,2025,12
1218,1218#1218@r0c0,1218,140,23,0.03560960152103304,24LMB0824G2,359.6,95.3,3.03,61.6,85.3,12.9,,24050387,188,12,18,LMB(外购/旧料),2405,,2024,5
1218,1218#1218@r0c0,1218,140,24,0.04897805592965222,C02A25202R12,494.6,223.6,4.66,90.1,97.3,11.09,,25120127,188,12,18,A线,2512,25,2025,12
1219,1219#1219@r0c0,1219,140,1,0.023809014482212763,C02B251972A3,222.6,175.9,4.17,81.9,93.8,11.1,,25120021,189,12,19,B线,2512,25,2025,12
1219,1219#1219@r0c0,1219,140,2,0.05598220206644276,C02B251973A1,523.4,167.0,3.99,81.6,94.0,11.39,,25120022,189,12,19,B线,2512,25,2025,12
1219,1219#1219@r0c0,1219,140,3,0.029114167754080475,C02A25202R01,272.2,230.4,4.75,90.7,98.4,11.82,,25120116,189,12,19,A线,2512,25,2025,12
1219,1219#1219@r0c0,1219,140,4,0.047297152758465785,C02A25202R03,442.2,225.1,4.69,91.6,98.8,12.44,,25120118,189,12,19,A线,2512,25,2025,12
1219,1219#1219@r0c0,1219,140,5,0.05196055361841402,C02B251974A2,485.8,120.4,3.03,83.5,96.2,11.95,,25120026,189,12,19,B线,2512,25,2025,12
1219,1219#1219@r0c0,1219,140,6,0.06267781889746936,24LMB0564E1,586.0,90.6,3.03,62.6,83.6,13.18,,24040267,189,12,19,LMB(外购/旧料),2404,,2024,4
1219,1219#1219@r0c0,1219,140,7,0.03439792927888421,C02A25202R05,321.6,228.2,4.69,91.3,98.5,12.16,,25120120,189,12,19,A线,2512,25,2025,12
1219,1219#1219@r0c0,1219,140,8,0.043339679551628985,C02B251974B1,405.2,118.1,2.93,83.8,96.5,12.26,,25120027,189,12,19,B线,2512,25,2025,12
1219,1219#1219@r0c0,1219,140,9,0.041906432498342146,C02B241224G3,391.8,95.5,2.93,74.8,91.6,12.39,,24070283,189,12,19,B线,2407,24,2024,7
1219,1219#1219@r0c0,1219,140,10,0.03512524867905962,C02A25202R17,328.4,224.5,4.63,87.7,96.4,11.74,,25120132,189,12,19,A线,2512,25,2025,12
1219,1219#1219@r0c0,1219,140,11,0.05713735640789784,C02A250134C1,534.2,98.9,2.8,68.4,89.5,11.91,,25010367,189,12,19,A线,2501,25,2025,1
1219,1219#1219@r0c0,1219,140,12,0.05664534622542623,C02A250041C3,529.6,268.6,4.8,90.4,98.3,11.06,,25010094,189,12,19,A线,2501,25,2025,1
1219,1219#1219@r0c0,1219,140,13,0.08907523477442403,C02A251304E1,832.8,94.8,2.8,78.3,95.5,12.81,,25060284,189,12,19,A线,2506,25,2025,6
1219,1219#1219@r0c0,1219,140,14,0.044216741181252274,C02A25202R16,413.4,228.4,4.69,88.9,97.0,11.14,,25120131,189,12,19,A线,2512,25,2025,12
1219,1219#1219@r0c0,1219,140,15,0.05356493464821272,C02A250154D1,500.8,96.7,2.61,68.8,89.5,11.43,,25010423,189,12,19,A线,2501,25,2025,1
1219,1219#1219@r0c0,1219,140,16,0.05613194429589064,C02A250041D1,524.8,270.8,4.89,89.3,97.6,11.03,,25010095,189,12,19,A线,2501,25,2025,1
1219,1219#1219@r0c0,1219,140,17,0.05899843840246433,C02B241224G1,551.6,96.4,2.87,74.9,91.6,12.44,,24070281,189,12,19,B线,2407,24,2024,7
1219,1219#1219@r0c0,1219,140,18,0.052452563800885615,C02A25202R13,490.4,225.3,4.63,89.9,97.2,10.99,,25120128,189,12,19,A线,2512,25,2025,12
1219,1219#1219@r0c0,1219,140,19,0.05743684086679359,C02B241224G2,537.0,95.0,2.96,74.4,91.4,12.35,,24070282,189,12,19,B线,2407,24,2024,7
1219,1219#1219@r0c0,1219,140,20,0.04873039981175263,C02A25202R15,455.6,229.9,4.66,89.2,97.1,11.07,,25120130,189,12,19,A线,2512,25,2025,12
1220,1220#1220@r0c0,1220,240,1,0.05160434069794675,C02B251991B1,528.8,277.3,4.86,91.3,97.7,,,25120052,190,12,20,B线,2512,25,2025,12
1220,1220#1220@r0c0,1220,240,2,0.051311577796861574,C02B251991B2,525.8,277.9,4.82,90.7,97.9,,,25120053,190,12,20,B线,2512,25,2025,12
1220,1220#1220@r0c0,1220,240,3,0.04914513232883129,C02A250921D1,503.6,245.0,4.82,91.6,98.7,,,25040472,190,12,20,A线,2504,25,2025,4
1220,1220#1220@r0c0,1220,240,4,0.06555937231634007,C02B251761D1,671.8,266.4,4.97,88.2,98.2,,,25100080,190,12,20,B线,2510,25,2025,10
1220,1220#1220@r0c0,1220,240,5,0.04693965180732297,C02B251871B1,481.0,288.8,4.43,92.9,98.8,,,25100273,190,12,20,B线,2510,25,2025,10
1220,1220#1220@r0c0,1220,240,6,0.018131782340541806,C02A241582B2,185.8,264.4,4.52,83.7,96.0,,,24110342,190,12,20,A线,2411,24,2024,11
1220,1220#1220@r0c0,1220,240,7,0.05896244827855414,C02B251932A1,604.2,261.6,5.79,87.5,96.5,,,25110022,190,12,20,B线,2511,25,2025,11
1220,1220#1220@r0c0,1220,240,8,0.02250370833008041,C02A251071A1,230.6,251.0,4.34,90.5,97.9,,,25050184,190,12,20,A线,2505,25,2025,5
1220,1220#1220@r0c0,1220,240,9,0.0129206027012257,C02A251161C1,132.4,231.0,4.41,89.4,98.0,,,25060050,190,12,20,A线,2506,25,2025,6
1220,1220#1220@r0c0,1220,240,10,0.05972363182137559,C02B251922A1,612.0,272.5,5.76,89.3,97.8,,,25110009,190,12,20,B线,2511,25,2025,11
1220,1220#1220@r0c0,1220,240,11,0.022542743383558436,C02A251521A1,231.0,251.7,3.77,89.8,98.7,,,25070233,190,12,20,A线,2507,25,2025,7
1220,1220#1220@r0c0,1220,240,12,0.0382543524084628,C02A251591B2,392.0,248.1,3.61,87.9,97.9,,,25070328,190,12,20,A线,2507,25,2025,7
1220,1220#1220@r0c0,1220,240,13,0.048364431259270826,C02A250331C2,495.6,271.8,5.11,92.7,99.0,,,25020294,190,12,20,A线,2502,25,2025,2
1220,1220#1220@r0c0,1220,240,14,0.029998438597860874,C02B251871C1,307.4,274.1,4.38,93.4,99.0,,,25100275,190,12,20,B线,2510,25,2025,10
1220,1220#1220@r0c0,1220,240,15,0.054746662502927625,C02B251952A1,561.0,278.0,5.49,81.9,93.0,,,25110059,190,12,20,B线,2511,25,2025,11
1220,1220#1220@r0c0,1220,240,16,0.045241626981028966,C02A250901C3,463.6,251.7,4.57,89.6,97.7,,,25040429,190,12,20,A线,2504,25,2025,4
1220,1220#1220@r0c0,1220,240,17,0.03815676477476774,C02B251711E2,391.0,257.9,5.02,84.3,94.9,,,25090018,190,12,20,B线,2509,25,2025,9
1220,1220#1220@r0c0,1220,240,18,0.08185650714341478,C02A251131B3,838.8,256.0,4.77,87.5,96.4,,,25060013,190,12,20,A线,2506,25,2025,6
1220,1220#1220@r0c0,1220,240,19,0.05043328909360605,C02A250171C3,516.8,254.6,4.72,92.8,98.8,,,25010459,190,12,20,A线,2501,25,2025,1
1220,1220#1220@r0c0,1220,240,20,0.054824732609883665,C02B251952A2,561.8,270.2,5.55,79.1,91.2,,,25110060,190,12,20,B线,2511,25,2025,11
1220,1220#1220@r0c0,1220,240,21,0.048988992114919194,C02A250201D2,502.0,246.3,4.49,92.1,99.0,,,25010545,190,12,20,A线,2501,25,2025,1
1220,1220#1220@r0c0,1220,240,22,0.04978921071121867,C02B251961E1,510.2,263.1,5.3,87.0,96.0,,,25110075,190,12,20,B线,2511,25,2025,11
1221,1221#1221@r0c0,1221,240,1,0.04708788144370967,C02A241582B1,472.8,266.1,4.46,84.0,96.2,,,24110341,191,12,21,A线,2411,24,2024,11
1221,1221#1221@r0c0,1221,240,2,0.022229304437893397,C02A250071D3,223.2,260.6,4.89,90.6,98.2,,,25010183,191,12,21,A线,2501,25,2025,1
1221,1221#1221@r0c0,1221,240,3,0.03609274161421401,C02A250321E1,362.4,262.6,4.86,89.5,97.9,,,25020269,191,12,21,A线,2502,25,2025,2
1221,1221#1221@r0c0,1221,240,4,0.02854354234722333,C02A250372A3,286.6,264.7,4.94,88.3,97.2,,,25020417,191,12,21,A线,2502,25,2025,2
1221,1221#1221@r0c0,1221,240,5,0.07393833160704327,C02A250461D1,742.4,274.8,4.97,91.6,98.7,,,25030110,191,12,21,A线,2503,25,2025,3
1221,1221#1221@r0c0,1221,240,6,0.05091227790614294,C02A250681D1,511.2,257.6,4.8,90.0,98.6,,,25040016,191,12,21,A线,2504,25,2025,4
1221,1221#1221@r0c0,1221,240,7,0.052167157995378854,C02A250891C1,523.8,253.9,3.89,85.5,96.7,,,25040412,191,12,21,A线,2504,25,2025,4
1221,1221#1221@r0c0,1221,240,8,0.0501952035694367,C02A250912A1,504.0,234.8,4.49,85.8,96.3,,,25040455,191,12,21,A线,2504,25,2025,4
1221,1221#1221@r0c0,1221,240,9,0.09152657158792128,C02A251131B4,919.0,257.1,4.77,87.2,96.3,,,25060014,191,12,21,A线,2506,25,2025,6
1221,1221#1221@r0c0,1221,240,10,0.02430085252171142,C02A251171D2,244.0,232.3,4.49,91.2,98.6,,,25060064,191,12,21,A线,2506,25,2025,6
1221,1221#1221@r0c0,1221,240,11,0.038363477013783766,C02A251211A1,385.2,259.9,4.44,89.9,97.5,,,25060123,191,12,21,A线,2506,25,2025,6
1221,1221#1221@r0c0,1221,240,12,0.029698828778583382,C02A251611C1,298.2,255.2,4.23,89.7,98.3,,,25080005,191,12,21,A线,2508,25,2025,8
1221,1221#1221@r0c0,1221,240,13,0.026750856505457738,C02B251922B3,268.6,256.7,5.57,86.1,96.5,,,25110012,191,12,21,B线,2511,25,2025,11
1221,1221#1221@r0c0,1221,240,14,0.05393992510556928,C02B251931D1,541.6,274.4,5.63,88.9,96.7,,,25110020,191,12,21,B线,2511,25,2025,11
1221,1221#1221@r0c0,1221,240,15,0.04230738586566808,C02B251941D2,424.8,262.6,5.57,83.8,94.7,,,25110039,191,12,21,B线,2511,25,2025,11
1221,1221#1221@r0c0,1221,240,16,0.055015536610628635,C02B251962A2,552.4,248.7,4.97,86.0,95.6,,,25120002,191,12,21,B线,2512,25,2025,12
1221,1221#1221@r0c0,1221,240,17,0.04923910445382838,C02B251962B1,494.4,238.3,4.82,84.2,94.9,,,25120003,191,12,21,B线,2512,25,2025,12
1221,1221#1221@r0c0,1221,240,18,0.043223647518126046,C02B251972A2,434.0,237.8,5.11,79.3,91.7,,,25120020,191,12,21,B线,2512,25,2025,12
1221,1221#1221@r0c0,1221,240,19,0.052744801211058887,C02B251981C2,529.6,271.8,5.22,84.5,94.8,,,25120035,191,12,21,B线,2512,25,2025,12
1221,1221#1221@r0c0,1221,240,20,0.03354314397259183,C02B251991E1,336.8,251.7,5.68,80.3,93.5,,,25120059,191,12,21,B线,2512,25,2025,12
1221,1221#1221@r0c0,1221,240,21,0.04903991713807665,C02B252001D1,492.4,270.0,5.44,89.3,96.6,,,25120079,191,12,21,B线,2512,25,2025,12
1221,1221#1221@r0c0,1221,240,22,0.04913951079595252,C02A25203R07,493.4,242.8,4.32,91.4,98.2,,,25120142,191,12,21,A线,2512,25,2025,12
1222粉,1222粉#1222粉@r0c0,1222粉,240,1,0.1011569982323638,C02B251991C2,251.8,271.6,5.16,88.2,96.7,,,25120056,192,12,22,B线,2512,25,2025,12
1222粉,1222粉#1222粉@r0c0,1222粉,240,2,0.341153784348385,C02B251781C1,849.2,237.4,4.57,90.7,97.9,,,25100112,192,12,22,B线,2510,25,2025,10
1222粉,1222粉#1222粉@r0c0,1222粉,240,3,0.07150891852804113,C02B251931D2,178.0,267.5,5.84,87.5,96.6,,,25110021,192,12,22,B线,2511,25,2025,11
1222粉,1222粉#1222粉@r0c0,1222粉,240,4,0.19660935240237826,C02B251991B3,489.4,278.2,4.94,91.0,98.0,,,25120054,192,12,22,B线,2512,25,2025,12
1222粉,1222粉#1222粉@r0c0,1222粉,240,5,0.2330869355616262,C02B251842A2,580.2,251.7,4.63,89.4,96.9,,,25100217,192,12,22,B线,2510,25,2025,10
1222粉,1222粉#1222粉@r0c0,1222粉,240,6,0.05648401092720552,C02B252001D2,140.6,268.1,5.41,87.2,95.9,,,25120080,192,12,22,B线,2512,25,2025,12
1223-24,1223-24#1223@r0c0,1223,200,1,0.48202992441770787,20241019,2500.0,221.0,5.08,84.7,95.8,13.0,,25050094,193,12,23,其他,2505,,2025,5
1223-24,1223-24#1223@r0c0,1223,200,2,0.0410303871664353,C02A25204R01,212.8,215.6,4.63,90.0,97.9,10.63,,25040413,193,12,23,A线,2504,25,2025,4
1223-24,1223-24#1223@r0c0,1223,200,3,0.09162424803331791,C02A25204R02,475.2,208.0,4.52,90.0,97.9,11.68,,25070093,193,12,23,A线,2507,25,2025,7
1223-24,1223-24#1223@r0c0,1223,200,4,0.09640598488354157,20241019,500.0,221.0,5.08,84.7,95.8,13.0,,,193,12,23,其他,,,,
1223-24,1223-24#1223@r0c0,1223,200,5,0.055838346444547285,C02B251933B1,289.6,172.9,3.73,89.4,98.4,10.05,,,193,12,23,B线,,25,,
1223-24,1223-24#1223@r0c0,1223,200,6,0.049899737775721126,C02A250901D2,258.8,237.6,4.57,90.1,98.1,11.9,,,193,12,23,A线,,25,,
1223-24,1223-24#1223@r0c0,1223,200,7,0.08676538639518742,C02A250901D1,450.0,239.4,4.61,90.4,98.2,11.93,,,193,12,23,A线,,25,,
1223-24,1223-24#1223@r0c0,1223,200,8,0.09640598488354157,20241019,500.0,221.0,5.08,84.7,95.8,13.0,,,193,12,23,其他,,,,
1223-24,1223-24#1224@r0c8,1224,220,1,0.4290570764000715,C02A251011C2,479.6,250.0,4.41,90.1,98.2,,,25050094,193,12,23,A线,2505,25,2025,5
1223-24,1223-24#1224@r0c8,1224,220,2,0.33512256217570224,C02A250891C2,374.6,249.3,3.94,85.5,96.8,,,25040413,193,12,23,A线,2504,25,2025,4
1223-24,1223-24#1224@r0c8,1224,220,3,0.23582036142422613,C02A251421A1,263.6,248.7,3.91,89.8,98.1,,,25070093,193,12,23,A线,2507,25,2025,7
1225,1225#1225@r0c0,1225,,1,0.4975124378109453,20250130,5000.0,217.3,4.96,77.4,92.8,,,,194,12,25,其他,,,,
1225,1225#1225@r0c0,1225,,2,0.38308457711442784,20250805,3850.0,201.7,4.62,83.0,95.8,,,,194,12,25,其他,,,,
1225,1225#1225@r0c0,1225,,3,0.11940298507462686,20241019,1200.0,221.0,5.08,84.7,95.8,,,,194,12,25,其他,,,,
1228,1228#1228@r0c0,1228,,1,0.3491341473146597,20241147,3500.0,226.3,4.88,78.5,94.1,,,,195,12,28,其他,,,,
1228,1228#1228@r0c0,1228,,2,0.49876306759237093,20250215,5000.0,237.1,4.94,88.6,95.9,,,,195,12,28,其他,,,,
1228,1228#1228@r0c0,1228,,3,0.05378660920916129,C02B251964B1,539.2,157.7,3.49,80.5,93.5,,,,195,12,28,B线,,25,,
1228,1228#1228@r0c0,1228,,4,0.04103822520150028,C02B251954B3,411.4,174.6,3.7,75.8,90.8,,,,195,12,28,B线,,25,,
1228,1228#1228@r0c0,1228,,5,0.057277950682307885,C02B251931C1,574.2,276.9,5.6,90.2,97.3,,,,195,12,28,B线,,25,,
